date,hy_oas_bp,delta20,z,veto_high_floor,veto_z_gate,veto,quality_flag
1996-12-31,313.0,,,False,False,False,warmup
1997-01-02,306.0,,,False,False,False,warmup
1997-01-03,309.0,,,False,False,False,warmup
1997-01-06,310.0,,,False,False,False,warmup
1997-01-07,310.0,,,False,False,False,warmup
1997-01-08,307.0,,,False,False,False,warmup
1997-01-09,313.0,,,False,False,False,warmup
1997-01-10,316.0,,,False,False,False,warmup
1997-01-13,304.0,,,False,False,False,warmup
1997-01-14,309.0,,,False,False,False,warmup
1997-01-15,307.0,,,False,False,False,warmup
1997-01-16,302.0,,,False,False,False,warmup
1997-01-17,304.0,,,False,False,False,warmup
1997-01-20,303.0,,,False,False,False,warmup
1997-01-21,305.0,,,False,False,False,warmup
1997-01-22,299.0,,,False,False,False,warmup
1997-01-23,297.0,,,False,False,False,warmup
1997-01-24,294.0,,,False,False,False,warmup
1997-01-27,290.0,,,False,False,False,warmup
1997-01-28,292.0,,,False,False,False,warmup
1997-01-29,294.0,-19.0,,False,False,False,warmup
1997-01-30,297.0,-9.0,,False,False,False,warmup
1997-01-31,304.0,-5.0,,False,False,False,warmup
1997-02-03,308.0,-2.0,,False,False,False,warmup
1997-02-04,308.0,-2.0,,False,False,False,warmup
1997-02-05,305.0,-2.0,,False,False,False,warmup
1997-02-06,303.0,-10.0,,False,False,False,warmup
1997-02-07,306.0,-10.0,,False,False,False,warmup
1997-02-10,304.0,0.0,,False,False,False,warmup
1997-02-11,303.0,-6.0,,False,False,False,warmup
1997-02-12,301.0,-6.0,,False,False,False,warmup
1997-02-13,304.0,2.0,,False,False,False,warmup
1997-02-14,305.0,1.0,,False,False,False,warmup
1997-02-18,301.0,-2.0,,False,False,False,warmup
1997-02-19,298.0,-7.0,,False,False,False,warmup
1997-02-20,289.0,-10.0,,False,False,False,warmup
1997-02-21,289.0,-8.0,,False,False,False,warmup
1997-02-24,285.0,-9.0,,False,False,False,warmup
1997-02-25,283.0,-7.0,,False,False,False,warmup
1997-02-26,271.0,-21.0,,False,False,False,warmup
1997-02-27,271.0,-23.0,,False,False,False,warmup
1997-02-28,273.0,-24.0,,False,False,False,warmup
1997-03-03,271.0,-33.0,,False,False,False,warmup
1997-03-04,267.0,-41.0,,False,False,False,warmup
1997-03-05,271.0,-37.0,,False,False,False,warmup
1997-03-06,270.0,-35.0,,False,False,False,warmup
1997-03-07,274.0,-29.0,,False,False,False,warmup
1997-03-10,274.0,-32.0,,False,False,False,warmup
1997-03-11,272.0,-32.0,,False,False,False,warmup
1997-03-12,269.0,-34.0,,False,False,False,warmup
1997-03-13,262.0,-39.0,,False,False,False,warmup
1997-03-14,266.0,-38.0,,False,False,False,warmup
1997-03-17,266.0,-39.0,,False,False,False,warmup
1997-03-18,267.0,-34.0,,False,False,False,warmup
1997-03-19,267.0,-31.0,,False,False,False,warmup
1997-03-20,268.0,-21.0,,False,False,False,warmup
1997-03-21,269.0,-20.0,,False,False,False,warmup
1997-03-24,271.0,-14.0,,False,False,False,warmup
1997-03-25,269.0,-14.0,,False,False,False,warmup
1997-03-26,271.0,0.0,,False,False,False,warmup
1997-03-27,267.0,-4.0,,False,False,False,warmup
1997-03-31,284.0,11.0,,False,False,False,warmup
1997-04-01,290.0,19.0,,False,False,False,warmup
1997-04-02,294.0,27.0,,False,False,False,warmup
1997-04-03,295.0,24.0,,False,False,False,warmup
1997-04-04,292.0,22.0,,False,False,False,warmup
1997-04-07,295.0,21.0,,False,False,False,warmup
1997-04-08,293.0,19.0,,False,False,False,warmup
1997-04-09,291.0,19.0,,False,False,False,warmup
1997-04-10,292.0,23.0,,False,False,False,warmup
1997-04-11,287.0,25.0,,False,False,False,warmup
1997-04-14,288.0,22.0,,False,False,False,warmup
1997-04-15,293.0,27.0,,False,False,False,warmup
1997-04-16,291.0,24.0,,False,False,False,warmup
1997-04-17,292.0,25.0,,False,False,False,warmup
1997-04-18,291.0,23.0,,False,False,False,warmup
1997-04-21,287.0,18.0,,False,False,False,warmup
1997-04-22,289.0,18.0,,False,False,False,warmup
1997-04-23,283.0,14.0,,False,False,False,warmup
1997-04-24,278.0,7.0,,False,False,False,warmup
1997-04-25,278.0,11.0,,False,False,False,warmup
1997-04-28,281.0,-3.0,,False,False,False,warmup
1997-04-29,291.0,1.0,,False,False,False,warmup
1997-04-30,294.0,0.0,,False,False,False,warmup
1997-05-01,291.0,-4.0,,False,False,False,warmup
1997-05-02,290.0,-2.0,,False,False,False,warmup
1997-05-05,286.0,-9.0,,False,False,False,warmup
1997-05-06,283.0,-10.0,,False,False,False,warmup
1997-05-07,279.0,-12.0,,False,False,False,warmup
1997-05-08,279.0,-13.0,,False,False,False,warmup
1997-05-09,281.0,-6.0,,False,False,False,warmup
1997-05-12,282.0,-6.0,,False,False,False,warmup
1997-05-13,273.0,-20.0,,False,False,False,warmup
1997-05-14,269.0,-22.0,,False,False,False,warmup
1997-05-15,270.0,-22.0,,False,False,False,warmup
1997-05-16,268.0,-23.0,,False,False,False,warmup
1997-05-19,267.0,-20.0,,False,False,False,warmup
1997-05-20,269.0,-20.0,,False,False,False,warmup
1997-05-21,267.0,-16.0,,False,False,False,warmup
1997-05-22,263.0,-15.0,,False,False,False,warmup
1997-05-23,264.0,-14.0,,False,False,False,warmup
1997-05-27,260.0,-21.0,,False,False,False,warmup
1997-05-28,261.0,-30.0,,False,False,False,warmup
1997-05-29,261.0,-33.0,,False,False,False,warmup
1997-05-30,265.0,-26.0,,False,False,False,warmup
1997-05-31,268.0,-22.0,,False,False,False,warmup
1997-06-02,266.0,-20.0,,False,False,False,warmup
1997-06-03,268.0,-15.0,,False,False,False,warmup
1997-06-04,265.0,-14.0,,False,False,False,warmup
1997-06-05,260.0,-19.0,,False,False,False,warmup
1997-06-06,270.0,-11.0,,False,False,False,warmup
1997-06-09,259.0,-23.0,,False,False,False,warmup
1997-06-10,256.0,-17.0,,False,False,False,warmup
1997-06-11,255.0,-14.0,,False,False,False,warmup
1997-06-12,259.0,-11.0,,False,False,False,warmup
1997-06-13,262.0,-6.0,,False,False,False,warmup
1997-06-16,260.0,-7.0,,False,False,False,warmup
1997-06-17,258.0,-11.0,,False,False,False,warmup
1997-06-18,262.0,-5.0,,False,False,False,warmup
1997-06-19,261.0,-2.0,,False,False,False,warmup
1997-06-20,264.0,0.0,,False,False,False,warmup
1997-06-23,261.0,1.0,,False,False,False,warmup
1997-06-24,260.0,-1.0,,False,False,False,warmup
1997-06-25,259.0,-2.0,,False,False,False,warmup
1997-06-26,261.0,-4.0,,False,False,False,warmup
1997-06-27,263.0,-5.0,,False,False,False,warmup
1997-06-30,267.0,1.0,,False,False,False,warmup
1997-07-01,270.0,2.0,,False,False,False,warmup
1997-07-02,271.0,6.0,,False,False,False,warmup
1997-07-03,279.0,19.0,,False,False,False,warmup
1997-07-07,282.0,12.0,,False,False,False,warmup
1997-07-08,280.0,21.0,,False,False,False,warmup
1997-07-09,280.0,24.0,,False,False,False,warmup
1997-07-10,278.0,23.0,,False,False,False,warmup
1997-07-11,276.0,17.0,,False,False,False,warmup
1997-07-14,271.0,9.0,,False,False,False,warmup
1997-07-15,269.0,9.0,,False,False,False,warmup
1997-07-16,271.0,13.0,,False,False,False,warmup
1997-07-17,270.0,8.0,,False,False,False,warmup
1997-07-18,267.0,6.0,,False,False,False,warmup
1997-07-21,266.0,2.0,,False,False,False,warmup
1997-07-22,272.0,11.0,,False,False,False,warmup
1997-07-23,269.0,9.0,,False,False,False,warmup
1997-07-24,269.0,10.0,,False,False,False,warmup
1997-07-25,266.0,5.0,,False,False,False,warmup
1997-07-28,268.0,5.0,,False,False,False,warmup
1997-07-29,270.0,3.0,,False,False,False,warmup
1997-07-30,273.0,3.0,,False,False,False,warmup
1997-07-31,271.0,0.0,,False,False,False,warmup
1997-08-01,257.0,-22.0,,False,False,False,warmup
1997-08-04,255.0,-27.0,,False,False,False,warmup
1997-08-05,255.0,-25.0,,False,False,False,warmup
1997-08-06,256.0,-24.0,,False,False,False,warmup
1997-08-07,252.0,-26.0,,False,False,False,warmup
1997-08-08,249.0,-27.0,,False,False,False,warmup
1997-08-11,250.0,-21.0,,False,False,False,warmup
1997-08-12,251.0,-18.0,,False,False,False,warmup
1997-08-13,253.0,-18.0,,False,False,False,warmup
1997-08-14,254.0,-16.0,,False,False,False,warmup
1997-08-15,256.0,-11.0,,False,False,False,warmup
1997-08-18,261.0,-5.0,,False,False,False,warmup
1997-08-19,260.0,-12.0,,False,False,False,warmup
1997-08-20,258.0,-11.0,,False,False,False,warmup
1997-08-21,255.0,-14.0,,False,False,False,warmup
1997-08-22,252.0,-14.0,,False,False,False,warmup
1997-08-25,250.0,-18.0,,False,False,False,warmup
1997-08-26,251.0,-19.0,,False,False,False,warmup
1997-08-27,251.0,-22.0,,False,False,False,warmup
1997-08-28,257.0,-14.0,,False,False,False,warmup
1997-08-29,254.0,-3.0,,False,False,False,warmup
1997-08-31,259.0,4.0,,False,False,False,warmup
1997-09-02,262.0,7.0,,False,False,False,warmup
1997-09-03,260.0,4.0,,False,False,False,warmup
1997-09-04,261.0,9.0,,False,False,False,warmup
1997-09-05,260.0,11.0,,False,False,False,warmup
1997-09-08,260.0,10.0,,False,False,False,warmup
1997-09-09,259.0,8.0,,False,False,False,warmup
1997-09-10,255.0,2.0,,False,False,False,warmup
1997-09-11,255.0,1.0,,False,False,False,warmup
1997-09-12,262.0,6.0,,False,False,False,warmup
1997-09-15,261.0,0.0,,False,False,False,warmup
1997-09-16,269.0,9.0,,False,False,False,warmup
1997-09-17,265.0,7.0,,False,False,False,warmup
1997-09-18,259.0,4.0,,False,False,False,warmup
1997-09-19,259.0,7.0,,False,False,False,warmup
1997-09-22,259.0,9.0,,False,False,False,warmup
1997-09-23,257.0,6.0,,False,False,False,warmup
1997-09-24,261.0,10.0,,False,False,False,warmup
1997-09-25,254.0,-3.0,,False,False,False,warmup
1997-09-26,257.0,3.0,,False,False,False,warmup
1997-09-29,255.0,-4.0,,False,False,False,warmup
1997-09-30,259.0,-3.0,,False,False,False,warmup
1997-10-01,263.0,3.0,,False,False,False,warmup
1997-10-02,263.0,2.0,,False,False,False,warmup
1997-10-03,261.0,1.0,,False,False,False,warmup
1997-10-06,263.0,3.0,,False,False,False,warmup
1997-10-07,262.0,3.0,,False,False,False,warmup
1997-10-08,249.0,-6.0,,False,False,False,warmup
1997-10-09,251.0,-4.0,,False,False,False,warmup
1997-10-10,251.0,-11.0,,False,False,False,warmup
1997-10-13,254.0,-7.0,,False,False,False,warmup
1997-10-14,251.0,-18.0,,False,False,False,warmup
1997-10-15,248.0,-17.0,,False,False,False,warmup
1997-10-16,247.0,-12.0,,False,False,False,warmup
1997-10-17,244.0,-15.0,,False,False,False,warmup
1997-10-20,245.0,-14.0,,False,False,False,warmup
1997-10-21,245.0,-12.0,,False,False,False,warmup
1997-10-22,246.0,-15.0,,False,False,False,warmup
1997-10-23,255.0,1.0,,False,False,False,warmup
1997-10-24,258.0,1.0,,False,False,False,warmup
1997-10-27,284.0,29.0,,False,False,False,warmup
1997-10-28,282.0,23.0,,False,False,False,warmup
1997-10-29,283.0,20.0,,False,False,False,warmup
1997-10-30,289.0,26.0,,False,False,False,warmup
1997-10-31,299.0,38.0,,False,False,False,warmup
1997-11-03,291.0,28.0,,False,False,False,warmup
1997-11-04,284.0,22.0,,False,False,False,warmup
1997-11-05,281.0,32.0,,False,False,False,warmup
1997-11-06,283.0,32.0,,False,False,False,warmup
1997-11-07,283.0,32.0,,False,False,False,warmup
1997-11-10,281.0,27.0,,False,False,False,warmup
1997-11-11,280.0,29.0,,False,False,False,warmup
1997-11-12,283.0,35.0,,False,False,False,warmup
1997-11-13,286.0,39.0,,False,False,False,warmup
1997-11-14,288.0,44.0,,False,False,False,warmup
1997-11-17,289.0,44.0,,False,False,False,warmup
1997-11-18,288.0,43.0,,False,False,False,warmup
1997-11-19,291.0,45.0,,False,False,False,warmup
1997-11-20,289.0,34.0,,False,False,False,warmup
1997-11-21,290.0,32.0,,False,False,False,warmup
1997-11-24,287.0,3.0,,False,False,False,warmup
1997-11-25,287.0,5.0,,False,False,False,warmup
1997-11-26,285.0,2.0,,False,False,False,warmup
1997-11-27,285.0,-4.0,,False,False,False,warmup
1997-11-28,284.0,-15.0,,False,False,False,warmup
1997-11-30,290.0,-1.0,,False,False,False,warmup
1997-12-01,290.0,6.0,,False,False,False,warmup
1997-12-02,287.0,6.0,,False,False,False,warmup
1997-12-03,288.0,5.0,,False,False,False,warmup
1997-12-04,287.0,4.0,,False,False,False,warmup
1997-12-05,281.0,0.0,,False,False,False,warmup
1997-12-08,277.0,-3.0,,False,False,False,warmup
1997-12-09,279.0,-4.0,,False,False,False,warmup
1997-12-10,282.0,-4.0,,False,False,False,warmup
1997-12-11,288.0,0.0,,False,False,False,warmup
1997-12-12,294.0,5.0,,False,False,False,warmup
1997-12-15,289.0,1.0,,False,False,False,warmup
1997-12-16,290.0,-1.0,,False,False,False,warmup
1997-12-17,287.0,-2.0,,False,False,False,warmup
1997-12-18,289.0,-1.0,,False,False,False,warmup
1997-12-19,293.0,6.0,,False,False,False,warmup
1997-12-22,293.0,6.0,,False,False,False,warmup
1997-12-23,294.0,9.0,,False,False,False,warmup
1997-12-24,294.0,9.0,,False,False,False,warmup
1997-12-26,293.0,9.0,,False,False,False,warmup
1997-12-29,292.0,2.0,,False,False,False,warmup
1997-12-30,291.0,1.0,,False,False,False,warmup
1997-12-31,296.0,9.0,,False,False,False,warmup
1998-01-02,302.0,14.0,,False,False,False,warmup
1998-01-05,309.0,22.0,,False,False,False,warmup
1998-01-06,310.0,29.0,,False,False,False,warmup
1998-01-07,307.0,30.0,,False,False,False,warmup
1998-01-08,310.0,31.0,,False,False,False,warmup
1998-01-09,316.0,34.0,,False,False,False,warmup
1998-01-12,316.0,28.0,,False,False,False,warmup
1998-01-13,314.0,20.0,,False,False,False,warmup
1998-01-14,310.0,21.0,,False,False,False,warmup
1998-01-15,307.0,17.0,,False,False,False,warmup
1998-01-16,301.0,14.0,,False,False,False,warmup
1998-01-19,301.0,12.0,,False,False,False,warmup
1998-01-20,298.0,5.0,,False,False,False,warmup
1998-01-21,299.0,6.0,0.3381,False,False,False,warmup
1998-01-22,298.0,4.0,0.223,False,False,False,
1998-01-23,290.0,-4.0,-0.2211,False,False,False,
1998-01-26,292.0,-1.0,-0.0558,False,False,False,
1998-01-27,289.0,-3.0,-0.1664,False,False,False,
1998-01-28,289.0,-2.0,-0.111,False,False,False,
1998-01-29,295.0,-1.0,-0.0558,False,False,False,
1998-01-30,298.0,-4.0,-0.2235,False,False,False,
1998-01-31,300.0,-9.0,-0.5009,False,False,False,
1998-02-02,296.0,-14.0,-0.7741,False,False,False,
1998-02-03,298.0,-9.0,-0.4965,False,False,False,
1998-02-04,298.0,-12.0,-0.6608,False,False,False,
1998-02-05,294.0,-22.0,-1.2052,False,False,False,
1998-02-06,293.0,-23.0,-1.2512,False,False,False,
1998-02-09,292.0,-22.0,-1.1885,False,False,False,
1998-02-10,293.0,-17.0,-0.9109,False,False,False,
1998-02-11,296.0,-11.0,-0.5821,False,False,False,
1998-02-12,295.0,-6.0,-0.3088,False,False,False,
1998-02-13,297.0,-4.0,-0.2004,False,False,False,
1998-02-16,296.0,-2.0,-0.092,False,False,False,
1998-02-17,294.0,-5.0,-0.2605,False,False,False,
1998-02-18,294.0,-4.0,-0.2103,False,False,False,
1998-02-19,293.0,3.0,0.17,False,False,False,
1998-02-20,291.0,-1.0,-0.0585,False,False,False,
1998-02-23,288.0,-1.0,-0.0681,False,False,False,
1998-02-24,283.0,-6.0,-0.3593,False,False,False,
1998-02-25,287.0,-8.0,-0.4825,False,False,False,
1998-02-26,286.0,-12.0,-0.7183,False,False,False,
1998-02-27,288.0,-12.0,-0.7272,False,False,False,
1998-02-28,287.0,-9.0,-0.5628,False,False,False,
1998-03-02,280.0,-18.0,-1.0962,False,False,False,
1998-03-03,279.0,-19.0,-1.1688,False,False,False,
1998-03-04,281.0,-13.0,-0.8285,False,False,False,
1998-03-05,282.0,-11.0,-0.7235,False,False,False,
1998-03-06,285.0,-7.0,-0.4936,False,False,False,
1998-03-09,288.0,-5.0,-0.3814,False,False,False,
1998-03-10,289.0,-7.0,-0.5086,False,False,False,
1998-03-11,289.0,-6.0,-0.452,False,False,False,
1998-03-12,293.0,-4.0,-0.332,False,False,False,
1998-03-13,291.0,-5.0,-0.3964,False,False,False,
1998-03-16,291.0,-3.0,-0.2723,False,False,False,
1998-03-17,288.0,-6.0,-0.4567,False,False,False,
1998-03-18,285.0,-8.0,-0.5753,False,False,False,
1998-03-19,284.0,-7.0,-0.5083,False,False,False,
1998-03-20,284.0,-4.0,-0.317,False,False,False,
1998-03-23,283.0,0.0,-0.0631,False,False,False,
1998-03-24,282.0,-5.0,-0.3691,False,False,False,
1998-03-25,278.0,-8.0,-0.5508,False,False,False,
1998-03-26,275.0,-13.0,-0.8572,False,False,False,
1998-03-27,273.0,-14.0,-0.9126,False,False,False,
1998-03-30,271.0,-9.0,-0.5926,False,False,False,
1998-03-31,283.0,4.0,0.2329,False,False,False,
1998-04-01,284.0,3.0,0.175,False,False,False,
1998-04-02,288.0,6.0,0.373,False,False,False,
1998-04-03,294.0,9.0,0.5708,False,False,False,
1998-04-06,289.0,1.0,0.064,False,False,False,
1998-04-07,290.0,1.0,0.0699,False,False,False,
1998-04-08,287.0,-2.0,-0.1196,False,False,False,
1998-04-09,286.0,-7.0,-0.4389,False,False,False,
1998-04-13,281.0,-10.0,-0.6286,False,False,False,
1998-04-14,285.0,-6.0,-0.3647,False,False,False,
1998-04-15,284.0,-4.0,-0.2307,False,False,False,
1998-04-16,286.0,1.0,0.0945,False,False,False,
1998-04-17,285.0,1.0,0.0945,False,False,False,
1998-04-20,282.0,-2.0,-0.1007,False,False,False,
1998-04-21,280.0,-3.0,-0.1662,False,False,False,
1998-04-22,280.0,-2.0,-0.101,False,False,False,
1998-04-23,280.0,2.0,0.1572,False,False,False,
1998-04-24,281.0,6.0,0.4144,False,False,False,
1998-04-27,279.0,6.0,0.4101,False,False,False,
1998-04-28,278.0,7.0,0.4707,False,False,False,
1998-04-29,279.0,-4.0,-0.2495,False,False,False,
1998-04-30,298.0,14.0,0.9218,False,False,False,
1998-05-01,298.0,10.0,0.6543,False,False,False,
1998-05-04,295.0,1.0,0.059,False,False,False,
1998-05-05,293.0,4.0,0.2506,False,False,False,
1998-05-06,297.0,7.0,0.4428,False,False,False,
1998-05-07,297.0,10.0,0.6357,False,False,False,
1998-05-08,295.0,9.0,0.5633,False,False,False,
1998-05-11,290.0,9.0,0.5577,False,False,False,
1998-05-12,298.0,13.0,0.8184,False,False,False,
1998-05-13,300.0,16.0,1.0111,False,False,False,
1998-05-14,298.0,12.0,0.737,False,False,False,
1998-05-15,297.0,12.0,0.7314,False,False,False,
1998-05-18,302.0,20.0,1.2679,False,False,False,
1998-05-19,302.0,22.0,1.3956,False,False,False,
1998-05-20,304.0,24.0,1.5207,False,False,False,
1998-05-21,300.0,20.0,1.238,False,False,False,
1998-05-22,301.0,20.0,1.228,False,False,False,
1998-05-25,301.0,22.0,1.3535,False,False,False,
1998-05-26,304.0,26.0,1.6133,False,False,False,
1998-05-27,305.0,26.0,1.5977,False,False,False,
1998-05-28,304.0,6.0,0.2294,False,False,False,
1998-05-29,305.0,7.0,0.2924,False,False,False,
1998-05-31,318.0,23.0,1.3805,False,False,False,
1998-06-01,320.0,27.0,1.6389,False,False,False,
1998-06-02,318.0,21.0,1.2184,False,False,False,
1998-06-03,318.0,21.0,1.2084,False,False,False,
1998-06-04,315.0,20.0,1.1312,False,False,False,
1998-06-05,316.0,26.0,1.5251,False,False,False,
1998-06-08,315.0,17.0,0.9085,False,False,False,
1998-06-09,315.0,15.0,0.7682,False,False,False,
1998-06-10,320.0,22.0,1.2324,False,False,False,
1998-06-11,324.0,27.0,1.5549,False,False,False,
1998-06-12,326.0,24.0,1.3421,False,False,False,
1998-06-15,330.0,28.0,1.594,False,False,False,
1998-06-16,329.0,25.0,1.3819,False,False,False,
1998-06-17,325.0,25.0,1.3706,False,False,False,
1998-06-18,326.0,25.0,1.3595,False,False,False,
1998-06-19,328.0,27.0,1.4794,False,False,False,
1998-06-22,329.0,25.0,1.3441,False,False,False,
1998-06-23,331.0,26.0,1.4012,False,False,False,
1998-06-24,328.0,24.0,1.2687,False,False,False,
1998-06-25,328.0,23.0,1.2041,False,False,False,
1998-06-26,328.0,10.0,0.3603,False,False,False,
1998-06-29,327.0,7.0,0.1669,False,False,False,
1998-06-30,337.0,19.0,0.9487,False,False,False,
1998-07-01,339.0,21.0,1.074,False,False,False,
1998-07-02,341.0,26.0,1.3924,False,False,False,
1998-07-03,341.0,25.0,1.3185,False,False,False,
1998-07-06,342.0,27.0,1.4367,False,False,False,
1998-07-07,339.0,24.0,1.2338,False,False,False,
1998-07-08,336.0,16.0,0.7171,False,False,False,
1998-07-09,339.0,15.0,0.6508,False,False,False,
1998-07-10,338.0,12.0,0.4574,False,False,False,
1998-07-13,334.0,4.0,-0.0563,False,False,False,
1998-07-14,333.0,4.0,-0.0561,False,False,False,
1998-07-15,330.0,5.0,0.0076,False,False,False,
1998-07-16,329.0,3.0,-0.1209,False,False,False,
1998-07-17,329.0,1.0,-0.2496,False,False,False,
1998-07-20,330.0,1.0,-0.257,False,False,False,
1998-07-21,330.0,-1.0,-0.3962,False,False,False,
1998-07-22,329.0,1.0,-0.2747,False,False,False,
1998-07-23,331.0,3.0,-0.1515,False,False,False,
1998-07-24,330.0,2.0,-0.2269,False,False,False,
1998-07-27,330.0,3.0,-0.1697,False,False,False,
1998-07-28,326.0,-11.0,-1.1197,False,False,False,
1998-07-29,329.0,-10.0,-1.0573,False,False,False,
1998-07-30,330.0,-11.0,-1.1299,False,False,False,
1998-07-31,338.0,-3.0,-0.5916,False,False,False,
1998-08-03,342.0,0.0,-0.3908,False,False,False,
1998-08-04,348.0,9.0,0.2211,False,False,False,
1998-08-05,350.0,14.0,0.5577,False,False,False,
1998-08-06,350.0,11.0,0.3467,False,False,False,
1998-08-07,355.0,17.0,0.7529,False,False,False,
1998-08-10,358.0,24.0,1.2263,False,False,False,
1998-08-11,375.0,42.0,2.4367,False,False,False,
1998-08-12,376.0,46.0,2.671,False,False,False,
1998-08-13,376.0,47.0,2.7012,False,False,False,
1998-08-14,378.0,49.0,2.7865,False,False,False,
1998-08-17,383.0,53.0,2.9867,False,False,False,
1998-08-18,384.0,54.0,2.985,False,False,False,
1998-08-19,386.0,57.0,3.1039,False,False,False,
1998-08-20,390.0,59.0,3.1523,False,False,False,
1998-08-21,409.0,79.0,4.2152,False,True,True,
1998-08-24,416.0,86.0,4.4306,False,True,True,
1998-08-25,423.0,97.0,4.8029,False,True,True,
1998-08-26,436.0,107.0,5.0484,False,True,True,
1998-08-27,470.0,140.0,6.1917,False,True,True,
1998-08-28,487.0,149.0,6.0865,False,True,True,
1998-08-31,520.0,178.0,6.6515,False,True,True,
1998-09-01,526.0,178.0,6.1111,False,True,True,
1998-09-02,526.0,176.0,5.6205,False,True,True,
1998-09-03,533.0,183.0,5.4764,False,True,True,
1998-09-04,536.0,181.0,5.1018,False,True,True,
1998-09-07,535.0,177.0,4.7322,False,True,True,
1998-09-08,530.0,155.0,3.9453,False,True,True,
1998-09-09,543.0,167.0,4.1193,False,True,True,
1998-09-10,568.0,192.0,4.5766,False,True,True,
1998-09-11,570.0,192.0,4.3804,False,True,True,
1998-09-14,567.0,184.0,4.0256,False,True,True,
1998-09-15,566.0,182.0,3.8427,False,True,True,
1998-09-16,567.0,181.0,3.6984,False,True,True,
1998-09-17,570.0,180.0,3.5662,False,True,True,
1998-09-18,579.0,170.0,3.2577,False,True,True,
1998-09-21,578.0,162.0,3.0138,False,True,True,
1998-09-22,572.0,149.0,2.6837,False,True,True,
1998-09-23,572.0,136.0,2.3711,False,True,True,
1998-09-24,573.0,103.0,1.6635,False,True,True,
1998-09-25,576.0,89.0,1.3601,False,True,True,
1998-09-28,574.0,54.0,0.6283,False,False,False,
1998-09-29,576.0,50.0,0.5407,False,False,False,
1998-09-30,595.0,69.0,0.9279,False,False,False,
1998-10-01,606.0,73.0,1.003,False,True,True,
1998-10-02,611.0,75.0,1.0363,False,True,True,
1998-10-05,629.0,94.0,1.4175,False,True,True,
1998-10-06,627.0,97.0,1.4661,False,True,True,
1998-10-07,621.0,78.0,1.0659,False,True,True,
1998-10-08,639.0,71.0,0.9145,False,False,False,
1998-10-09,632.0,62.0,0.7238,False,False,False,
1998-10-12,632.0,65.0,0.7798,False,False,False,
1998-10-13,637.0,71.0,0.8983,False,False,False,
1998-10-14,659.0,92.0,1.3193,False,True,True,
1998-10-15,667.0,97.0,1.4098,False,True,True,
1998-10-16,678.0,99.0,1.4387,False,True,True,
1998-10-19,678.0,100.0,1.448,False,True,True,
1998-10-20,665.0,93.0,1.2969,False,True,True,
1998-10-21,659.0,87.0,1.1677,False,True,True,
1998-10-22,649.0,76.0,0.9415,False,False,False,
1998-10-23,637.0,61.0,0.6378,False,False,False,
1998-10-26,638.0,64.0,0.6947,False,False,False,
1998-10-27,643.0,67.0,0.7508,False,False,False,
1998-10-28,649.0,54.0,0.4886,False,False,False,
1998-10-29,650.0,44.0,0.288,False,False,False,
1998-10-30,636.0,25.0,-0.0907,False,False,False,
1998-10-31,652.0,23.0,-0.129,False,False,False,
1998-11-02,633.0,6.0,-0.4657,False,False,False,
1998-11-03,627.0,6.0,-0.4626,False,False,False,
1998-11-04,611.0,-28.0,-1.1334,False,False,False,
1998-11-05,609.0,-23.0,-1.0271,False,False,False,
1998-11-06,595.0,-37.0,-1.2957,False,False,False,
1998-11-09,593.0,-44.0,-1.4257,False,False,False,
1998-11-10,588.0,-71.0,-1.9391,False,False,False,
1998-11-11,585.0,-82.0,-2.1298,False,False,False,
1998-11-12,582.0,-96.0,-2.3696,False,False,False,
1998-11-13,573.0,-105.0,-2.5071,False,False,False,
1998-11-16,562.0,-103.0,-2.4334,False,False,False,
1998-11-17,553.0,-106.0,-2.4521,False,False,False,
1998-11-18,554.0,-95.0,-2.2187,False,False,False,
1998-11-19,547.0,-90.0,-2.1016,False,False,False,
1998-11-20,545.0,-93.0,-2.1303,False,False,False,
1998-11-23,541.0,-102.0,-2.2631,False,False,False,
1998-11-24,536.0,-113.0,-2.4244,False,False,False,
1998-11-25,533.0,-117.0,-2.4583,False,False,False,
1998-11-26,533.0,-103.0,-2.1863,False,False,False,
1998-11-27,534.0,-118.0,-2.4105,False,False,False,
1998-11-30,544.0,-89.0,-1.8937,False,False,False,
1998-12-01,548.0,-79.0,-1.7085,False,False,False,
1998-12-02,555.0,-56.0,-1.3115,False,False,False,
1998-12-03,555.0,-54.0,-1.2706,False,False,False,
1998-12-04,553.0,-42.0,-1.0639,False,False,False,
1998-12-07,545.0,-48.0,-1.1581,False,False,False,
1998-12-08,554.0,-34.0,-0.9196,False,False,False,
1998-12-09,556.0,-29.0,-0.8324,False,False,False,
1998-12-10,561.0,-21.0,-0.6962,False,False,False,
1998-12-11,556.0,-17.0,-0.6273,False,False,False,
1998-12-14,564.0,2.0,-0.3106,False,False,False,
1998-12-15,559.0,6.0,-0.2443,False,False,False,
1998-12-16,564.0,10.0,-0.1777,False,False,False,
1998-12-17,564.0,17.0,-0.0612,False,False,False,
1998-12-18,563.0,18.0,-0.0443,False,False,False,
1998-12-21,558.0,17.0,-0.0601,False,False,False,
1998-12-22,553.0,17.0,-0.0593,False,False,False,
1998-12-23,543.0,10.0,-0.1746,False,False,False,
1998-12-24,539.0,6.0,-0.2394,False,False,False,
1998-12-28,544.0,10.0,-0.1715,False,False,False,
1998-12-29,548.0,4.0,-0.2705,False,False,False,
1998-12-30,551.0,3.0,-0.2859,False,False,False,
1998-12-31,566.0,11.0,-0.1522,False,False,False,
1999-01-04,563.0,8.0,-0.2018,False,False,False,
1999-01-05,557.0,4.0,-0.2679,False,False,False,
1999-01-06,556.0,11.0,-0.1516,False,False,False,
1999-01-07,553.0,-1.0,-0.3511,False,False,False,
1999-01-08,541.0,-15.0,-0.5828,False,False,False,
1999-01-11,537.0,-24.0,-0.7308,False,False,False,
1999-01-12,546.0,-10.0,-0.4971,False,False,False,
1999-01-13,560.0,-4.0,-0.3972,False,False,False,
1999-01-14,567.0,8.0,-0.1983,False,False,False,
1999-01-15,562.0,-2.0,-0.3646,False,False,False,
1999-01-18,563.0,-1.0,-0.3482,False,False,False,
1999-01-19,555.0,-8.0,-0.4647,False,False,False,
1999-01-20,549.0,-9.0,-0.4818,False,False,False,
1999-01-21,554.0,1.0,-0.3161,False,False,False,
1999-01-22,559.0,16.0,-0.0683,False,False,False,
1999-01-25,556.0,17.0,-0.0543,False,False,False,
1999-01-26,554.0,10.0,-0.1733,False,False,False,
1999-01-27,554.0,6.0,-0.2421,False,False,False,
1999-01-28,553.0,2.0,-0.3104,False,False,False,
1999-01-29,553.0,-13.0,-0.5609,False,False,False,
1999-01-31,560.0,-3.0,-0.394,False,False,False,
1999-02-01,554.0,-3.0,-0.3941,False,False,False,
1999-02-02,549.0,-7.0,-0.4606,False,False,False,
1999-02-03,545.0,-8.0,-0.477,False,False,False,
1999-02-04,541.0,0.0,-0.3437,False,False,False,
1999-02-05,536.0,-1.0,-0.3601,False,False,False,
1999-02-08,536.0,-10.0,-0.5097,False,False,False,
1999-02-09,541.0,-19.0,-0.6585,False,False,False,
1999-02-10,535.0,-32.0,-0.8728,False,False,False,
1999-02-11,533.0,-29.0,-0.8207,False,False,False,
1999-02-12,524.0,-39.0,-0.9842,False,False,False,
1999-02-15,522.0,-33.0,-0.8821,False,False,False,
1999-02-16,525.0,-24.0,-0.731,False,False,False,
1999-02-17,529.0,-25.0,-0.747,False,False,False,
1999-02-18,523.0,-36.0,-0.9277,False,False,False,
1999-02-19,523.0,-33.0,-0.8758,False,False,False,
1999-02-22,531.0,-23.0,-0.7089,False,False,False,
1999-02-23,526.0,-28.0,-0.7897,False,False,False,
1999-02-24,522.0,-31.0,-0.8367,False,False,False,
1999-02-25,515.0,-38.0,-0.9491,False,False,False,
1999-02-26,521.0,-39.0,-0.962,False,False,False,
1999-02-28,521.0,-33.0,-0.8602,False,False,False,
1999-03-01,515.0,-34.0,-0.8737,False,False,False,
1999-03-02,524.0,-21.0,-0.6583,False,False,False,
1999-03-03,520.0,-21.0,-0.6569,False,False,False,
1999-03-04,520.0,-16.0,-0.5741,False,False,False,
1999-03-05,528.0,-8.0,-0.4426,False,False,False,
1999-03-08,530.0,-11.0,-0.4913,False,False,False,
1999-03-09,534.0,-1.0,-0.327,False,False,False,
1999-03-10,529.0,-4.0,-0.3764,False,False,False,
1999-03-11,527.0,3.0,-0.2622,False,False,False,
1999-03-12,529.0,7.0,-0.1979,False,False,False,
1999-03-15,528.0,3.0,-0.2648,False,False,False,
1999-03-16,530.0,1.0,-0.2985,False,False,False,
1999-03-17,528.0,5.0,-0.2327,False,False,False,
1999-03-18,529.0,6.0,-0.2165,False,False,False,
1999-03-19,521.0,-10.0,-0.4784,False,False,False,
1999-03-22,518.0,-8.0,-0.4443,False,False,False,
1999-03-23,523.0,1.0,-0.2964,False,False,False,
1999-03-24,522.0,7.0,-0.1982,False,False,False,
1999-03-25,517.0,-4.0,-0.3788,False,False,False,
1999-03-26,518.0,-3.0,-0.3627,False,False,False,
1999-03-29,514.0,-1.0,-0.3305,False,False,False,
1999-03-30,519.0,-5.0,-0.3963,False,False,False,
1999-03-31,519.0,-1.0,-0.3308,False,False,False,
1999-04-01,511.0,-9.0,-0.4616,False,False,False,
1999-04-02,517.0,-11.0,-0.4935,False,False,False,
1999-04-05,518.0,-12.0,-0.5091,False,False,False,
1999-04-06,518.0,-16.0,-0.5738,False,False,False,
1999-04-07,513.0,-16.0,-0.5726,False,False,False,
1999-04-08,518.0,-9.0,-0.4569,False,False,False,
1999-04-09,516.0,-13.0,-0.5211,False,False,False,
1999-04-12,514.0,-14.0,-0.5359,False,False,False,
1999-04-13,509.0,-21.0,-0.6484,False,False,False,
1999-04-14,505.0,-23.0,-0.6795,False,False,False,
1999-04-15,500.0,-29.0,-0.774,False,False,False,
1999-04-16,496.0,-25.0,-0.7056,False,False,False,
1999-04-19,499.0,-19.0,-0.6059,False,False,False,
1999-04-20,502.0,-21.0,-0.6365,False,False,False,
1999-04-21,500.0,-22.0,-0.6505,False,False,False,
1999-04-22,493.0,-24.0,-0.6803,False,False,False,
1999-04-23,493.0,-25.0,-0.6937,False,False,False,
1999-04-26,495.0,-19.0,-0.5939,False,False,False,
1999-04-27,495.0,-24.0,-0.6722,False,False,False,
1999-04-28,492.0,-27.0,-0.7174,False,False,False,
1999-04-29,498.0,-13.0,-0.4883,False,False,False,
1999-04-30,476.0,-41.0,-0.9376,False,False,False,
1999-05-03,470.0,-48.0,-1.0443,False,False,False,
1999-05-04,465.0,-53.0,-1.1176,False,False,False,
1999-05-05,471.0,-42.0,-0.9344,False,False,False,
1999-05-06,461.0,-57.0,-1.1677,False,False,False,
1999-05-07,462.0,-54.0,-1.1121,False,False,False,
1999-05-10,467.0,-47.0,-0.9937,False,False,False,
1999-05-11,465.0,-44.0,-0.9397,False,False,False,
1999-05-12,468.0,-37.0,-0.823,False,False,False,
1999-05-13,476.0,-24.0,-0.6135,False,False,False,
1999-05-14,466.0,-30.0,-0.706,False,False,False,
1999-05-17,464.0,-35.0,-0.7809,False,False,False,
1999-05-18,460.0,-42.0,-0.8865,False,False,False,
1999-05-19,469.0,-31.0,-0.708,False,False,False,
1999-05-20,472.0,-21.0,-0.5466,False,False,False,
1999-05-21,477.0,-16.0,-0.465,False,False,False,
1999-05-24,481.0,-14.0,-0.4307,False,False,False,
1999-05-25,481.0,-14.0,-0.4286,False,False,False,
1999-05-26,478.0,-14.0,-0.4266,False,False,False,
1999-05-27,472.0,-26.0,-0.6129,False,False,False,
1999-05-28,474.0,-2.0,-0.2318,False,False,False,
1999-05-31,475.0,5.0,-0.12,False,False,False,
1999-06-01,465.0,0.0,-0.1973,False,False,False,
1999-06-02,465.0,-6.0,-0.2901,False,False,False,
1999-06-03,469.0,8.0,-0.0678,False,False,False,
1999-06-04,470.0,8.0,-0.0667,False,False,False,
1999-06-07,472.0,5.0,-0.1128,False,False,False,
1999-06-08,469.0,4.0,-0.1273,False,False,False,
1999-06-09,464.0,-4.0,-0.2519,False,False,False,
1999-06-10,466.0,-10.0,-0.3445,False,False,False,
1999-06-11,460.0,-6.0,-0.2795,False,False,False,
1999-06-14,465.0,1.0,-0.1683,False,False,False,
1999-06-15,463.0,3.0,-0.1364,False,False,False,
1999-06-16,466.0,-3.0,-0.2298,False,False,False,
1999-06-17,477.0,5.0,-0.1024,False,False,False,
1999-06-18,473.0,-4.0,-0.2427,False,False,False,
1999-06-21,468.0,-13.0,-0.3825,False,False,False,
1999-06-22,466.0,-15.0,-0.4114,False,False,False,
1999-06-23,461.0,-17.0,-0.4402,False,False,False,
1999-06-24,458.0,-14.0,-0.3909,False,False,False,
1999-06-25,460.0,-14.0,-0.3889,False,False,False,
1999-06-28,466.0,-9.0,-0.3087,False,False,False,
1999-06-29,469.0,4.0,-0.1036,False,False,False,
1999-06-30,487.0,22.0,0.1793,False,False,False,
1999-07-01,479.0,10.0,-0.0103,False,False,False,
1999-07-02,479.0,9.0,-0.0265,False,False,False,
1999-07-05,480.0,8.0,-0.0427,False,False,False,
1999-07-06,475.0,6.0,-0.0746,False,False,False,
1999-07-07,474.0,10.0,-0.0121,False,False,False,
1999-07-08,479.0,13.0,0.0344,False,False,False,
1999-07-09,478.0,18.0,0.1124,False,False,False,
1999-07-12,487.0,22.0,0.1743,False,False,False,
1999-07-13,486.0,23.0,0.1888,False,False,False,
1999-07-14,482.0,16.0,0.0767,False,False,False,
1999-07-15,477.0,0.0,-0.1765,False,False,False,
1999-07-16,479.0,6.0,-0.0829,False,False,False,
1999-07-19,482.0,14.0,0.0424,False,False,False,
1999-07-20,483.0,17.0,0.0887,False,False,False,
1999-07-21,483.0,22.0,0.1668,False,False,False,
1999-07-22,478.0,20.0,0.1348,False,False,False,
1999-07-23,477.0,17.0,0.0871,False,False,False,
1999-07-26,477.0,11.0,-0.0073,False,False,False,
1999-07-27,485.0,16.0,0.0722,False,False,False,
1999-07-28,486.0,-1.0,-0.1937,False,False,False,
1999-07-29,482.0,3.0,-0.1278,False,False,False,
1999-07-30,481.0,2.0,-0.1409,False,False,False,
1999-07-31,466.0,-14.0,-0.3902,False,False,False,
1999-08-02,466.0,-9.0,-0.3074,False,False,False,
1999-08-03,469.0,-5.0,-0.2405,False,False,False,
1999-08-04,475.0,-4.0,-0.2211,False,False,False,
1999-08-05,484.0,6.0,-0.0592,False,False,False,
1999-08-06,474.0,-13.0,-0.3559,False,False,False,
1999-08-09,465.0,-21.0,-0.4777,False,False,False,
1999-08-10,469.0,-13.0,-0.3444,False,False,False,
1999-08-11,473.0,-4.0,-0.1941,False,False,False,
1999-08-12,470.0,-9.0,-0.2675,False,False,False,
1999-08-13,478.0,-4.0,-0.1783,False,False,False,
1999-08-16,476.0,-7.0,-0.2189,False,False,False,
1999-08-17,483.0,0.0,-0.0919,False,False,False,
1999-08-18,487.0,9.0,0.0732,False,False,False,
1999-08-19,487.0,10.0,0.1043,False,False,False,
1999-08-20,489.0,12.0,0.1542,False,False,False,
1999-08-23,489.0,4.0,0.0235,False,False,False,
1999-08-24,494.0,8.0,0.1091,False,False,False,
1999-08-25,503.0,21.0,0.3683,False,False,False,
1999-08-26,500.0,19.0,0.3526,False,False,False,
1999-08-27,493.0,27.0,0.5357,False,False,False,
1999-08-30,488.0,22.0,0.461,False,False,False,
1999-08-31,490.0,21.0,0.4667,False,False,False,
1999-09-01,491.0,16.0,0.3863,False,False,False,
1999-09-02,490.0,6.0,0.1894,False,False,False,
1999-09-03,499.0,25.0,0.6494,False,False,False,
1999-09-06,499.0,34.0,0.8952,False,False,False,
1999-09-07,494.0,25.0,0.7105,False,False,False,
1999-09-08,496.0,23.0,0.6882,False,False,False,
1999-09-09,494.0,24.0,0.7311,False,False,False,
1999-09-10,501.0,23.0,0.7198,False,False,False,
1999-09-13,500.0,24.0,0.7512,False,False,False,
1999-09-14,498.0,15.0,0.5245,False,False,False,
1999-09-15,501.0,14.0,0.5078,False,False,False,
1999-09-16,505.0,18.0,0.6225,False,False,False,
1999-09-17,507.0,18.0,0.6336,False,False,False,
1999-09-20,506.0,17.0,0.6235,False,False,False,
1999-09-21,507.0,13.0,0.5331,False,False,False,
1999-09-22,509.0,6.0,0.3539,False,False,False,
1999-09-23,515.0,15.0,0.6129,False,False,False,
1999-09-24,526.0,33.0,1.1212,False,True,True,
1999-09-27,522.0,34.0,1.1589,False,True,True,
1999-09-28,517.0,27.0,0.9751,False,False,False,
1999-09-29,510.0,19.0,0.7685,False,False,False,
1999-09-30,507.0,17.0,0.7328,False,False,False,
1999-10-01,506.0,7.0,0.4604,False,False,False,
1999-10-04,505.0,6.0,0.4511,False,False,False,
1999-10-05,512.0,18.0,0.84,False,False,False,
1999-10-06,503.0,7.0,0.5183,False,False,False,
1999-10-07,499.0,5.0,0.4709,False,False,False,
1999-10-08,500.0,-1.0,0.29,False,False,False,
1999-10-11,499.0,-1.0,0.3017,False,False,False,
1999-10-12,496.0,-2.0,0.2816,False,False,False,
1999-10-13,498.0,-3.0,0.2583,False,False,False,
1999-10-14,493.0,-12.0,-0.0348,False,False,False,
1999-10-15,494.0,-13.0,-0.0635,False,False,False,
1999-10-18,499.0,-7.0,0.143,False,False,False,
1999-10-19,499.0,-8.0,0.1112,False,False,False,
1999-10-20,491.0,-18.0,-0.2237,False,False,False,
1999-10-21,497.0,-18.0,-0.2252,False,False,False,
1999-10-22,493.0,-33.0,-0.7308,False,False,False,
1999-10-25,489.0,-33.0,-0.7316,False,False,False,
1999-10-26,494.0,-23.0,-0.3971,False,False,False,
1999-10-27,499.0,-11.0,0.0016,False,False,False,
1999-10-28,508.0,1.0,0.4051,False,False,False,
1999-10-29,517.0,11.0,0.7485,False,False,False,
1999-10-31,513.0,8.0,0.6411,False,False,False,
1999-11-01,513.0,1.0,0.3834,False,False,False,
1999-11-02,515.0,12.0,0.7896,False,False,False,
1999-11-03,514.0,15.0,0.9039,False,False,False,
1999-11-04,514.0,14.0,0.8655,False,False,False,
1999-11-05,516.0,17.0,0.986,False,False,False,
1999-11-08,515.0,19.0,1.0752,False,True,True,
1999-11-09,513.0,15.0,0.9242,False,False,False,
1999-11-10,512.0,19.0,1.1196,False,True,True,
1999-11-11,514.0,20.0,1.1841,False,True,True,
1999-11-12,518.0,19.0,1.1747,False,True,True,
1999-11-15,517.0,18.0,1.1411,False,True,True,
1999-11-16,513.0,22.0,1.3556,False,True,True,
1999-11-17,510.0,13.0,0.8888,False,False,False,
1999-11-18,507.0,14.0,0.9382,False,False,False,
1999-11-19,505.0,16.0,1.0381,False,True,True,
1999-11-22,502.0,8.0,0.6072,False,False,False,
1999-11-23,501.0,2.0,0.2785,False,False,False,
1999-11-24,499.0,-9.0,-0.3213,False,False,False,
1999-11-25,500.0,-17.0,-0.7566,False,False,False,
1999-11-26,497.0,-16.0,-0.7026,False,False,False,
1999-11-29,490.0,-23.0,-1.0749,False,False,False,
1999-11-30,491.0,-24.0,-1.1204,False,False,False,
1999-12-01,486.0,-28.0,-1.3251,False,False,False,
1999-12-02,489.0,-25.0,-1.1541,False,False,False,
1999-12-03,491.0,-25.0,-1.145,False,False,False,
1999-12-06,492.0,-23.0,-1.029,False,False,False,
1999-12-07,493.0,-20.0,-0.8602,False,False,False,
1999-12-08,485.0,-27.0,-1.2279,False,False,False,
1999-12-09,486.0,-28.0,-1.2712,False,False,False,
1999-12-10,488.0,-30.0,-1.3667,False,False,False,
1999-12-13,487.0,-30.0,-1.355,False,False,False,
1999-12-14,479.0,-34.0,-1.5538,False,False,False,
1999-12-15,473.0,-37.0,-1.6959,False,False,False,
1999-12-16,472.0,-35.0,-1.5745,False,False,False,
1999-12-17,472.0,-33.0,-1.4558,False,False,False,
1999-12-20,469.0,-33.0,-1.4427,False,False,False,
1999-12-21,468.0,-33.0,-1.4303,False,False,False,
1999-12-22,466.0,-33.0,-1.4215,False,False,False,
1999-12-23,466.0,-34.0,-1.4677,False,False,False,
1999-12-24,466.0,-31.0,-1.3034,False,False,False,
1999-12-27,468.0,-22.0,-0.8332,False,False,False,
1999-12-28,466.0,-25.0,-0.9805,False,False,False,
1999-12-29,470.0,-16.0,-0.513,False,False,False,
1999-12-30,471.0,-18.0,-0.6123,False,False,False,
1999-12-31,476.0,-15.0,-0.4561,False,False,False,
2000-01-03,468.0,-24.0,-0.9152,False,False,False,
2000-01-04,481.0,-12.0,-0.2954,False,False,False,
2000-01-05,477.0,-8.0,-0.0849,False,False,False,
2000-01-06,482.0,-4.0,0.126,False,False,False,
2000-01-07,486.0,-2.0,0.2322,False,False,False,
2000-01-10,481.0,-6.0,0.0276,False,False,False,
2000-01-11,474.0,-5.0,0.0809,False,False,False,
2000-01-12,472.0,-1.0,0.2858,False,False,False,
2000-01-13,482.0,10.0,0.8524,False,False,False,
2000-01-14,477.0,5.0,0.5915,False,False,False,
2000-01-17,477.0,8.0,0.7428,False,False,False,
2000-01-18,475.0,7.0,0.6874,False,False,False,
2000-01-19,477.0,11.0,0.8905,False,False,False,
2000-01-20,474.0,8.0,0.7333,False,False,False,
2000-01-21,473.0,7.0,0.6777,False,False,False,
2000-01-24,482.0,14.0,1.0301,False,True,True,
2000-01-25,481.0,15.0,1.0732,False,True,True,
2000-01-26,481.0,11.0,0.8603,False,False,False,
2000-01-27,480.0,9.0,0.751,False,False,False,
2000-01-28,480.0,4.0,0.4861,False,False,False,
2000-01-31,487.0,19.0,1.2555,False,True,True,
2000-02-01,487.0,6.0,0.5749,False,False,False,
2000-02-02,486.0,9.0,0.7246,False,False,False,
2000-02-03,499.0,17.0,1.134,False,True,True,
2000-02-04,487.0,1.0,0.2926,False,False,False,
2000-02-07,482.0,1.0,0.2873,False,False,False,
2000-02-08,482.0,8.0,0.649,False,False,False,
2000-02-09,479.0,7.0,0.5902,False,False,False,
2000-02-10,477.0,-5.0,-0.0534,False,False,False,
2000-02-11,481.0,4.0,0.421,False,False,False,
2000-02-14,488.0,11.0,0.7899,False,False,False,
2000-02-15,483.0,8.0,0.6228,False,False,False,
2000-02-16,486.0,9.0,0.6708,False,False,False,
2000-02-17,482.0,8.0,0.6119,False,False,False,
2000-02-18,490.0,17.0,1.0895,False,True,True,
2000-02-21,490.0,8.0,0.6009,False,False,False,
2000-02-22,502.0,21.0,1.2912,False,True,True,
2000-02-23,494.0,13.0,0.8574,False,False,False,
2000-02-24,504.0,24.0,1.4362,False,True,True,
2000-02-25,507.0,27.0,1.5848,False,True,True,
2000-02-28,501.0,14.0,0.8911,False,False,False,
2000-02-29,508.0,21.0,1.2541,False,True,True,
2000-03-01,511.0,25.0,1.4556,False,True,True,
2000-03-02,511.0,12.0,0.7694,False,False,False,
2000-03-03,513.0,26.0,1.4921,False,True,True,
2000-03-06,510.0,28.0,1.5817,False,True,True,
2000-03-07,515.0,33.0,1.8235,False,True,True,
2000-03-08,516.0,37.0,2.009,False,True,True,
2000-03-09,519.0,42.0,2.234,False,True,True,
2000-03-10,516.0,35.0,1.8573,False,True,True,
2000-03-13,521.0,33.0,1.7388,False,True,True,
2000-03-14,529.0,46.0,2.355,False,True,True,
2000-03-15,534.0,48.0,2.416,False,True,True,
2000-03-16,540.0,58.0,2.8472,False,True,True,
2000-03-17,541.0,51.0,2.4679,False,True,True,
2000-03-20,542.0,52.0,2.4741,False,True,True,
2000-03-21,546.0,44.0,2.0699,False,True,True,
2000-03-22,551.0,57.0,2.6304,False,True,True,
2000-03-23,555.0,51.0,2.3178,False,True,True,
2000-03-24,547.0,40.0,1.7949,False,True,True,
2000-03-27,547.0,46.0,2.0414,False,True,True,
2000-03-28,557.0,49.0,2.1483,False,True,True,
2000-03-29,568.0,57.0,2.4675,False,True,True,
2000-03-30,584.0,73.0,3.1085,False,True,True,
2000-03-31,575.0,62.0,2.5854,False,True,True,
2000-04-03,578.0,68.0,2.7897,False,True,True,
2000-04-04,594.0,79.0,3.181,False,True,True,
2000-04-05,594.0,78.0,3.0699,False,True,True,
2000-04-06,587.0,68.0,2.6144,False,True,True,
2000-04-07,590.0,74.0,2.8045,False,True,True,
2000-04-10,595.0,74.0,2.7519,False,True,True,
2000-04-11,589.0,60.0,2.1702,False,True,True,
2000-04-12,582.0,48.0,1.6833,False,True,True,
2000-04-13,587.0,47.0,1.6278,False,True,True,
2000-04-14,592.0,51.0,1.7698,False,True,True,
2000-04-17,584.0,42.0,1.4119,False,True,True,
2000-04-18,581.0,35.0,1.1333,False,True,True,
2000-04-19,585.0,34.0,1.0873,False,True,True,
2000-04-20,585.0,30.0,0.9251,False,False,False,
2000-04-24,588.0,41.0,1.3628,False,True,True,
2000-04-25,577.0,30.0,0.9126,False,False,False,
2000-04-26,577.0,20.0,0.4985,False,False,False,
2000-04-27,569.0,1.0,-0.2914,False,False,False,
2000-04-28,571.0,-13.0,-0.8749,False,False,False,
2000-04-30,588.0,13.0,0.1981,False,False,False,
2000-05-01,583.0,5.0,-0.1431,False,False,False,
2000-05-02,579.0,-15.0,-0.9943,False,False,False,
2000-05-03,577.0,-17.0,-1.0847,False,False,False,
2000-05-04,574.0,-13.0,-0.9177,False,False,False,
2000-05-05,573.0,-17.0,-1.0873,False,False,False,
2000-05-08,572.0,-23.0,-1.3382,False,False,False,
2000-05-09,575.0,-14.0,-0.9567,False,False,False,
2000-05-10,582.0,0.0,-0.366,False,False,False,
2000-05-11,584.0,-3.0,-0.4992,False,False,False,
2000-05-12,578.0,-14.0,-0.9647,False,False,False,
2000-05-15,578.0,-6.0,-0.6218,False,False,False,
2000-05-16,582.0,1.0,-0.3243,False,False,False,
2000-05-17,583.0,-2.0,-0.4527,False,False,False,
2000-05-18,580.0,-5.0,-0.5778,False,False,False,
2000-05-19,589.0,1.0,-0.3214,False,False,False,
2000-05-22,595.0,18.0,0.3991,False,False,False,
2000-05-23,599.0,22.0,0.5657,False,False,False,
2000-05-24,601.0,32.0,0.9832,False,False,False,
2000-05-25,613.0,42.0,1.395,False,True,True,
2000-05-26,618.0,30.0,0.8805,False,False,False,
2000-05-29,619.0,36.0,1.1257,False,True,True,
2000-05-30,615.0,36.0,1.1176,False,True,True,
2000-05-31,616.0,39.0,1.2337,False,True,True,
2000-06-01,622.0,48.0,1.5963,False,True,True,
2000-06-02,621.0,48.0,1.5808,False,True,True,
2000-06-05,623.0,51.0,1.6883,False,True,True,
2000-06-06,620.0,45.0,1.4272,False,True,True,
2000-06-07,618.0,36.0,1.0468,False,True,True,
2000-06-08,618.0,34.0,0.9565,False,False,False,
2000-06-09,612.0,34.0,0.9489,False,False,False,
2000-06-12,615.0,37.0,1.0646,False,True,True,
2000-06-13,615.0,33.0,0.8931,False,False,False,
2000-06-14,618.0,35.0,0.9721,False,False,False,
2000-06-15,612.0,32.0,0.8436,False,False,False,
2000-06-16,619.0,30.0,0.757,False,False,False,
2000-06-19,618.0,23.0,0.4665,False,False,False,
2000-06-20,614.0,15.0,0.1362,False,False,False,
2000-06-21,607.0,6.0,-0.2331,False,False,False,
2000-06-22,606.0,-7.0,-0.7633,False,False,False,
2000-06-23,599.0,-19.0,-1.2463,False,False,False,
2000-06-26,605.0,-14.0,-1.0339,False,False,False,
2000-06-27,605.0,-10.0,-0.8642,False,False,False,
2000-06-28,604.0,-12.0,-0.9397,False,False,False,
2000-06-29,611.0,-11.0,-0.8961,False,False,False,
2000-06-30,617.0,-4.0,-0.6092,False,False,False,
2000-07-03,620.0,-3.0,-0.5654,False,False,False,
2000-07-04,621.0,1.0,-0.4001,False,False,False,
2000-07-05,621.0,3.0,-0.3159,False,False,False,
2000-07-06,618.0,0.0,-0.4345,False,False,False,
2000-07-07,620.0,8.0,-0.1079,False,False,False,
2000-07-10,617.0,2.0,-0.3503,False,False,False,
2000-07-11,614.0,-1.0,-0.4693,False,False,False,
2000-07-12,614.0,-4.0,-0.5906,False,False,False,
2000-07-13,618.0,6.0,-0.1849,False,False,False,
2000-07-14,606.0,-13.0,-0.9528,False,False,False,
2000-07-17,598.0,-20.0,-1.2344,False,False,False,
2000-07-18,597.0,-17.0,-1.1102,False,False,False,
2000-07-19,598.0,-9.0,-0.7855,False,False,False,
2000-07-20,610.0,4.0,-0.2611,False,False,False,
2000-07-21,611.0,12.0,0.0617,False,False,False,
2000-07-24,607.0,2.0,-0.346,False,False,False,
2000-07-25,609.0,4.0,-0.2698,False,False,False,
2000-07-26,606.0,2.0,-0.3541,False,False,False,
2000-07-27,613.0,2.0,-0.3552,False,False,False,
2000-07-28,615.0,-2.0,-0.5197,False,False,False,
2000-07-31,626.0,6.0,-0.1953,False,False,False,
2000-08-01,631.0,10.0,-0.0348,False,False,False,
2000-08-02,633.0,12.0,0.0449,False,False,False,
2000-08-03,633.0,15.0,0.1665,False,False,False,
2000-08-04,638.0,18.0,0.2878,False,False,False,
2000-08-07,633.0,16.0,0.2054,False,False,False,
2000-08-08,634.0,20.0,0.3662,False,False,False,
2000-08-09,633.0,19.0,0.3235,False,False,False,
2000-08-10,637.0,19.0,0.3238,False,False,False,
2000-08-11,633.0,27.0,0.6489,False,False,False,
2000-08-14,637.0,39.0,1.1348,False,True,True,
2000-08-15,634.0,37.0,1.0489,False,True,True,
2000-08-16,634.0,36.0,1.0041,False,True,True,
2000-08-17,636.0,26.0,0.5961,False,False,False,
2000-08-18,640.0,29.0,0.7135,False,False,False,
2000-08-21,640.0,33.0,0.8735,False,False,False,
2000-08-22,639.0,30.0,0.7531,False,False,False,
2000-08-23,643.0,37.0,1.0332,False,True,True,
2000-08-24,644.0,31.0,0.7885,False,False,False,
2000-08-25,642.0,27.0,0.6262,False,False,False,
2000-08-28,636.0,10.0,-0.0589,False,False,False,
2000-08-29,630.0,-1.0,-0.4997,False,False,False,
2000-08-30,628.0,-5.0,-0.6577,False,False,False,
2000-08-31,643.0,10.0,-0.051,False,False,False,
2000-09-01,648.0,10.0,-0.0497,False,False,False,
2000-09-04,649.0,16.0,0.1931,False,False,False,
2000-09-05,641.0,7.0,-0.169,False,False,False,
2000-09-06,637.0,4.0,-0.2888,False,False,False,
2000-09-07,630.0,-7.0,-0.7305,False,False,False,
2000-09-08,632.0,-1.0,-0.4855,False,False,False,
2000-09-11,630.0,-7.0,-0.7216,False,False,False,
2000-09-12,631.0,-3.0,-0.5548,False,False,False,
2000-09-13,635.0,1.0,-0.3892,False,False,False,
2000-09-14,633.0,-3.0,-0.5472,False,False,False,
2000-09-15,630.0,-10.0,-0.8249,False,False,False,
2000-09-18,635.0,-5.0,-0.6206,False,False,False,
2000-09-19,641.0,2.0,-0.3375,False,False,False,
2000-09-20,643.0,0.0,-0.4152,False,False,False,
2000-09-21,645.0,1.0,-0.3738,False,False,False,
2000-09-22,650.0,8.0,-0.092,False,False,False,
2000-09-25,649.0,13.0,0.1074,False,False,False,
2000-09-26,656.0,26.0,0.6273,False,False,False,
2000-09-27,665.0,37.0,1.0629,False,True,True,
2000-09-28,669.0,26.0,0.6153,False,False,False,
2000-09-29,672.0,24.0,0.5296,False,False,False,
2000-09-30,677.0,28.0,0.6849,False,False,False,
2000-10-02,677.0,36.0,0.9997,False,False,False,
2000-10-03,674.0,37.0,1.0318,False,True,True,
2000-10-04,677.0,47.0,1.4222,False,True,True,
2000-10-05,684.0,52.0,1.6083,False,True,True,
2000-10-06,687.0,57.0,1.7946,False,True,True,
2000-10-09,689.0,58.0,1.8202,False,True,True,
2000-10-10,696.0,61.0,1.9208,False,True,True,
2000-10-11,711.0,78.0,2.557,False,True,True,
2000-10-12,721.0,91.0,3.0025,False,True,True,
2000-10-13,731.0,96.0,3.121,False,True,True,
2000-10-16,728.0,87.0,2.7253,False,True,True,
2000-10-17,747.0,104.0,3.2764,False,True,True,
2000-10-18,758.0,113.0,3.5028,True,True,True,
2000-10-19,758.0,108.0,3.2404,True,True,True,
2000-10-20,759.0,110.0,3.2277,True,True,True,
2000-10-23,765.0,109.0,3.1184,True,True,True,
2000-10-24,761.0,96.0,2.6338,True,True,True,
2000-10-25,755.0,86.0,2.2693,True,True,True,
2000-10-26,762.0,90.0,2.3644,True,True,True,
2000-10-27,762.0,85.0,2.1731,True,True,True,
2000-10-30,762.0,85.0,2.1447,True,True,True,
2000-10-31,779.0,105.0,2.7288,True,True,True,
2000-11-01,775.0,98.0,2.4692,True,True,True,
2000-11-02,780.0,96.0,2.3701,True,True,True,
2000-11-03,775.0,88.0,2.0975,True,True,True,
2000-11-06,773.0,84.0,1.9529,True,True,True,
2000-11-07,775.0,79.0,1.7827,True,True,True,
2000-11-08,773.0,62.0,1.2633,True,True,True,
2000-11-09,781.0,60.0,1.1937,True,True,True,
2000-11-10,785.0,54.0,1.0069,True,True,True,
2000-11-13,790.0,62.0,1.2354,True,True,True,
2000-11-14,790.0,43.0,0.6629,True,False,True,
2000-11-15,791.0,33.0,0.3585,True,False,True,
2000-11-16,796.0,38.0,0.5025,True,False,True,
2000-11-17,799.0,40.0,0.5567,True,False,True,
2000-11-20,809.0,44.0,0.6713,True,False,True,
2000-11-21,824.0,63.0,1.2372,True,True,True,
2000-11-22,837.0,82.0,1.7951,True,True,True,
2000-11-23,837.0,75.0,1.5707,True,True,True,
2000-11-24,836.0,74.0,1.5283,True,True,True,
2000-11-27,842.0,80.0,1.6954,True,True,True,
2000-11-28,851.0,72.0,1.4434,True,True,True,
2000-11-29,869.0,94.0,2.0874,True,True,True,
2000-11-30,906.0,126.0,2.9982,True,True,True,
2000-12-01,898.0,123.0,2.861,True,True,True,
2000-12-04,906.0,133.0,3.0948,True,True,True,
2000-12-05,910.0,135.0,3.0918,True,True,True,
2000-12-06,912.0,139.0,3.1424,True,True,True,
2000-12-07,913.0,132.0,2.8936,True,True,True,
2000-12-08,909.0,124.0,2.6313,True,True,True,
2000-12-11,902.0,112.0,2.2712,True,True,True,
2000-12-12,894.0,104.0,2.0277,True,True,True,
2000-12-13,889.0,98.0,1.845,True,True,True,
2000-12-14,894.0,98.0,1.8263,True,True,True,
2000-12-15,888.0,89.0,1.5662,True,True,True,
2000-12-18,891.0,82.0,1.3636,True,True,True,
2000-12-19,887.0,63.0,0.8375,True,False,True,
2000-12-20,898.0,61.0,0.7761,True,False,True,
2000-12-21,905.0,68.0,0.9608,True,False,True,
2000-12-22,906.0,70.0,1.0078,True,True,True,
2000-12-26,907.0,65.0,0.8633,True,False,True,
2000-12-27,904.0,53.0,0.5277,True,False,True,
2000-12-28,900.0,31.0,-0.0828,True,False,True,
2000-12-29,900.0,-6.0,-1.1036,True,False,True,
2000-12-31,916.0,18.0,-0.4422,True,False,True,
2001-01-02,936.0,30.0,-0.1136,True,False,True,
2001-01-03,913.0,3.0,-0.8594,True,False,True,
2001-01-04,911.0,-1.0,-0.9683,True,False,True,
2001-01-05,912.0,-1.0,-0.966,True,False,True,
2001-01-08,906.0,-3.0,-1.0189,True,False,True,
2001-01-09,888.0,-14.0,-1.3167,True,False,True,
2001-01-10,873.0,-21.0,-1.4995,True,False,True,
2001-01-11,856.0,-33.0,-1.8119,True,False,True,
2001-01-12,838.0,-56.0,-2.4044,True,False,True,
2001-01-15,832.0,-56.0,-2.3724,True,False,True,
2001-01-16,833.0,-58.0,-2.3941,True,False,True,
2001-01-17,831.0,-56.0,-2.3091,True,False,True,
2001-01-18,836.0,-62.0,-2.4317,True,False,True,
2001-01-19,821.0,-84.0,-2.94,True,False,True,
2001-01-22,817.0,-89.0,-3.0015,True,False,True,
2001-01-23,809.0,-98.0,-3.1549,True,False,True,
2001-01-24,805.0,-99.0,-3.1111,True,False,True,
2001-01-25,805.0,-95.0,-2.9541,True,False,True,
2001-01-26,805.0,-95.0,-2.8965,True,False,True,
2001-01-29,803.0,-113.0,-3.2384,True,False,True,
2001-01-30,802.0,-134.0,-3.6082,True,False,True,
2001-01-31,787.0,-126.0,-3.3427,True,False,True,
2001-02-01,783.0,-128.0,-3.3012,True,False,True,
2001-02-02,773.0,-139.0,-3.4387,True,False,True,
2001-02-05,769.0,-137.0,-3.3114,True,False,True,
2001-02-06,762.0,-126.0,-3.0208,True,False,True,
2001-02-07,764.0,-109.0,-2.637,True,False,True,
2001-02-08,760.0,-96.0,-2.3469,True,False,True,
2001-02-09,763.0,-75.0,-1.9191,True,False,True,
2001-02-12,760.0,-72.0,-1.8414,True,False,True,
2001-02-13,756.0,-77.0,-1.9149,True,False,True,
2001-02-14,749.0,-82.0,-1.9868,False,False,False,
2001-02-15,738.0,-98.0,-2.2557,False,False,False,
2001-02-16,749.0,-72.0,-1.7534,False,False,False,
2001-02-19,750.0,-67.0,-1.6462,True,False,True,
2001-02-20,751.0,-58.0,-1.468,True,False,True,
2001-02-21,754.0,-51.0,-1.3292,True,False,True,
2001-02-22,760.0,-45.0,-1.2105,True,False,True,
2001-02-23,767.0,-38.0,-1.0752,True,False,True,
2001-02-26,769.0,-34.0,-0.9953,True,False,True,
2001-02-27,768.0,-34.0,-0.9886,True,False,True,
2001-02-28,770.0,-17.0,-0.6765,True,False,True,
2001-03-01,768.0,-15.0,-0.6357,True,False,True,
2001-03-02,764.0,-9.0,-0.523,True,False,True,
2001-03-05,761.0,-8.0,-0.5004,True,False,True,
2001-03-06,759.0,-3.0,-0.4062,True,False,True,
2001-03-07,761.0,-3.0,-0.4024,True,False,True,
2001-03-08,759.0,-1.0,-0.363,True,False,True,
2001-03-09,753.0,-10.0,-0.5214,True,False,True,
2001-03-12,760.0,0.0,-0.3367,True,False,True,
2001-03-13,763.0,7.0,-0.2074,True,False,True,
2001-03-14,784.0,35.0,0.3012,True,False,True,
2001-03-15,788.0,50.0,0.5731,True,False,True,
2001-03-16,800.0,51.0,0.5919,True,False,True,
2001-03-19,802.0,52.0,0.6123,True,False,True,
2001-03-20,809.0,58.0,0.7217,True,False,True,
2001-03-21,822.0,68.0,0.9034,True,False,True,
2001-03-22,840.0,80.0,1.1213,True,True,True,
2001-03-23,830.0,63.0,0.8143,True,False,True,
2001-03-26,820.0,51.0,0.5979,True,False,True,
2001-03-27,803.0,35.0,0.31,True,False,True,
2001-03-28,808.0,38.0,0.368,True,False,True,
2001-03-29,813.0,45.0,0.4973,True,False,True,
2001-03-30,820.0,56.0,0.6976,True,False,True,
2001-03-31,818.0,57.0,0.7148,True,False,True,
2001-04-02,821.0,62.0,0.8049,True,False,True,
2001-04-03,848.0,87.0,1.2546,True,True,True,
2001-04-04,861.0,102.0,1.5162,True,True,True,
2001-04-05,863.0,110.0,1.647,True,True,True,
2001-04-06,875.0,115.0,1.7209,True,True,True,
2001-04-09,878.0,115.0,1.7062,True,True,True,
2001-04-10,855.0,71.0,0.9174,True,False,True,
2001-04-11,850.0,62.0,0.7534,True,False,True,
2001-04-12,844.0,44.0,0.4303,True,False,True,
2001-04-16,830.0,28.0,0.1431,True,False,True,
2001-04-17,840.0,31.0,0.1952,True,False,True,
2001-04-18,846.0,24.0,0.0694,True,False,True,
2001-04-19,861.0,21.0,0.0135,True,False,True,
2001-04-20,864.0,34.0,0.2415,True,False,True,
2001-04-23,890.0,70.0,0.8762,True,False,True,
2001-04-24,902.0,99.0,1.3802,True,True,True,
2001-04-25,826.0,18.0,-0.0604,True,False,True,
2001-04-26,829.0,16.0,-0.0981,True,False,True,
2001-04-27,817.0,-3.0,-0.4357,True,False,True,
2001-04-30,806.0,-12.0,-0.595,True,False,True,
2001-05-01,795.0,-26.0,-0.8425,True,False,True,
2001-05-02,780.0,-68.0,-1.5771,True,False,True,
2001-05-03,783.0,-78.0,-1.7382,True,False,True,
2001-05-04,786.0,-77.0,-1.706,True,False,True,
2001-05-07,785.0,-90.0,-1.914,True,False,True,
2001-05-08,783.0,-95.0,-1.9789,True,False,True,
2001-05-09,788.0,-67.0,-1.4841,True,False,True,
2001-05-10,779.0,-71.0,-1.539,True,False,True,
2001-05-11,760.0,-84.0,-1.7426,True,False,True,
2001-05-14,770.0,-60.0,-1.3242,True,False,True,
2001-05-15,761.0,-79.0,-1.6297,True,False,True,
2001-05-16,766.0,-80.0,-1.6303,True,False,True,
2001-05-17,765.0,-96.0,-1.8764,True,False,True,
2001-05-18,763.0,-101.0,-1.9362,True,False,True,
2001-05-21,760.0,-130.0,-2.3772,True,False,True,
2001-05-22,761.0,-141.0,-2.5136,True,False,True,
2001-05-23,762.0,-64.0,-1.2611,True,False,True,
2001-05-24,753.0,-76.0,-1.4412,True,False,True,
2001-05-25,753.0,-64.0,-1.2389,True,False,True,
2001-05-28,755.0,-51.0,-1.0238,True,False,True,
2001-05-29,752.0,-43.0,-0.8901,True,False,True,
2001-05-30,756.0,-24.0,-0.5833,True,False,True,
2001-05-31,768.0,-15.0,-0.4369,True,False,True,
2001-06-01,765.0,-21.0,-0.5287,True,False,True,
2001-06-04,769.0,-16.0,-0.446,True,False,True,
2001-06-05,776.0,-7.0,-0.3004,True,False,True,
2001-06-06,775.0,-13.0,-0.3935,True,False,True,
2001-06-07,771.0,-8.0,-0.3125,True,False,True,
2001-06-08,767.0,7.0,-0.0739,True,False,True,
2001-06-11,771.0,1.0,-0.1699,True,False,True,
2001-06-12,778.0,17.0,0.0824,True,False,True,
2001-06-13,786.0,20.0,0.1281,True,False,True,
2001-06-14,809.0,44.0,0.5067,True,False,True,
2001-06-15,804.0,41.0,0.4555,True,False,True,
2001-06-18,819.0,59.0,0.737,True,False,True,
2001-06-19,828.0,67.0,0.8586,True,False,True,
2001-06-20,838.0,76.0,0.9947,True,False,True,
2001-06-21,840.0,87.0,1.1606,True,True,True,
2001-06-22,847.0,94.0,1.2616,True,True,True,
2001-06-25,845.0,90.0,1.1897,True,True,True,
2001-06-26,842.0,90.0,1.1813,True,True,True,
2001-06-27,834.0,78.0,0.9866,True,False,True,
2001-06-28,829.0,61.0,0.7161,True,False,True,
2001-06-29,816.0,51.0,0.5561,True,False,True,
2001-06-30,816.0,47.0,0.4909,True,False,True,
2001-07-02,818.0,42.0,0.4094,True,False,True,
2001-07-03,810.0,35.0,0.2968,True,False,True,
2001-07-04,811.0,40.0,0.3715,True,False,True,
2001-07-05,807.0,40.0,0.3685,True,False,True,
2001-07-06,813.0,42.0,0.3973,True,False,True,
2001-07-09,813.0,35.0,0.2864,True,False,True,
2001-07-10,820.0,34.0,0.2688,True,False,True,
2001-07-11,821.0,12.0,-0.0754,True,False,True,
2001-07-12,828.0,24.0,0.1107,True,False,True,
2001-07-13,827.0,8.0,-0.1396,True,False,True,
2001-07-16,828.0,0.0,-0.2648,True,False,True,
2001-07-17,831.0,-7.0,-0.3733,True,False,True,
2001-07-18,845.0,5.0,-0.1855,True,False,True,
2001-07-19,842.0,-5.0,-0.3406,True,False,True,
2001-07-20,839.0,-6.0,-0.3548,True,False,True,
2001-07-23,837.0,-5.0,-0.3377,True,False,True,
2001-07-24,837.0,3.0,-0.212,True,False,True,
2001-07-25,831.0,2.0,-0.2265,True,False,True,
2001-07-26,827.0,11.0,-0.0855,True,False,True,
2001-07-27,828.0,12.0,-0.0694,True,False,True,
2001-07-30,832.0,14.0,-0.0374,True,False,True,
2001-07-31,827.0,17.0,0.0108,True,False,True,
2001-08-01,809.0,-2.0,-0.2835,True,False,True,
2001-08-02,795.0,-12.0,-0.4366,True,False,True,
2001-08-03,792.0,-21.0,-0.5738,True,False,True,
2001-08-06,791.0,-22.0,-0.5859,True,False,True,
2001-08-07,787.0,-33.0,-0.7526,True,False,True,
2001-08-08,795.0,-26.0,-0.6396,True,False,True,
2001-08-09,793.0,-35.0,-0.7745,True,False,True,
2001-08-10,799.0,-28.0,-0.6615,True,False,True,
2001-08-13,807.0,-21.0,-0.5495,True,False,True,
2001-08-14,804.0,-27.0,-0.6399,True,False,True,
2001-08-15,796.0,-49.0,-0.9766,True,False,True,
2001-08-16,801.0,-41.0,-0.8494,True,False,True,
2001-08-17,811.0,-28.0,-0.6454,True,False,True,
2001-08-20,807.0,-30.0,-0.6732,True,False,True,
2001-08-21,812.0,-25.0,-0.5931,True,False,True,
2001-08-22,811.0,-20.0,-0.514,True,False,True,
2001-08-23,815.0,-12.0,-0.3895,True,False,True,
2001-08-24,813.0,-15.0,-0.4352,True,False,True,
2001-08-27,814.0,-18.0,-0.4803,True,False,True,
2001-08-28,819.0,-8.0,-0.3261,True,False,True,
2001-08-29,823.0,14.0,0.012,True,False,True,
2001-08-30,823.0,28.0,0.2261,True,False,True,
2001-08-31,805.0,13.0,-0.0061,True,False,True,
2001-09-03,804.0,13.0,-0.0075,True,False,True,
2001-09-04,787.0,0.0,-0.2082,True,False,True,
2001-09-05,795.0,0.0,-0.2081,True,False,True,
2001-09-06,809.0,16.0,0.0376,True,False,True,
2001-09-07,822.0,23.0,0.1443,True,False,True,
2001-09-10,822.0,15.0,0.0204,True,False,True,
2001-09-14,941.0,137.0,1.881,True,True,True,
2001-09-17,958.0,162.0,2.2331,True,True,True,
2001-09-18,951.0,150.0,2.028,True,True,True,
2001-09-19,960.0,149.0,1.9897,True,True,True,
2001-09-20,969.0,162.0,2.1553,True,True,True,
2001-09-21,989.0,177.0,2.3423,True,True,True,
2001-09-24,995.0,184.0,2.408,True,True,True,
2001-09-25,988.0,173.0,2.2194,True,True,True,
2001-09-26,997.0,184.0,2.3437,True,True,True,
2001-09-27,1007.0,193.0,2.4349,True,True,True,
2001-09-28,1025.0,206.0,2.5752,True,True,True,
2001-09-30,1018.0,195.0,2.3893,True,True,True,
2001-10-01,1014.0,191.0,2.3042,True,True,True,
2001-10-02,1017.0,212.0,2.5503,True,True,True,
2001-10-03,1014.0,210.0,2.4902,True,True,True,
2001-10-04,1011.0,224.0,2.6364,True,True,True,
2001-10-05,1010.0,215.0,2.4845,True,True,True,
2001-10-08,1006.0,197.0,2.2297,True,True,True,
2001-10-09,1000.0,178.0,1.9726,True,True,True,
2001-10-10,992.0,170.0,1.8588,True,True,True,
2001-10-11,981.0,40.0,0.2128,True,False,True,
2001-10-12,977.0,19.0,-0.05,True,False,True,
2001-10-15,965.0,14.0,-0.1098,True,False,True,
2001-10-16,963.0,3.0,-0.2464,True,False,True,
2001-10-17,961.0,-8.0,-0.3826,True,False,True,
2001-10-18,961.0,-28.0,-0.6333,True,False,True,
2001-10-19,960.0,-35.0,-0.7171,True,False,True,
2001-10-22,960.0,-28.0,-0.6216,True,False,True,
2001-10-23,957.0,-40.0,-0.7692,True,False,True,
2001-10-24,961.0,-46.0,-0.8394,True,False,True,
2001-10-25,962.0,-63.0,-1.0496,True,False,True,
2001-10-26,962.0,-56.0,-0.9521,True,False,True,
2001-10-29,964.0,-50.0,-0.8683,True,False,True,
2001-10-30,973.0,-44.0,-0.7854,True,False,True,
2001-10-31,961.0,-53.0,-0.8942,True,False,True,
2001-11-01,956.0,-55.0,-0.9132,True,False,True,
2001-11-02,946.0,-64.0,-1.0205,True,False,True,
2001-11-05,948.0,-58.0,-0.9373,True,False,True,
2001-11-06,950.0,-50.0,-0.8299,True,False,True,
2001-11-07,953.0,-39.0,-0.6853,True,False,True,
2001-11-08,936.0,-45.0,-0.7567,True,False,True,
2001-11-09,929.0,-48.0,-0.7895,True,False,True,
2001-11-12,930.0,-35.0,-0.6193,True,False,True,
2001-11-13,924.0,-39.0,-0.6645,True,False,True,
2001-11-14,906.0,-55.0,-0.8612,True,False,True,
2001-11-15,862.0,-99.0,-1.4081,True,False,True,
2001-11-16,838.0,-122.0,-1.6825,True,False,True,
2001-11-19,848.0,-112.0,-1.5415,True,False,True,
2001-11-20,837.0,-120.0,-1.6264,True,False,True,
2001-11-21,825.0,-136.0,-1.8098,True,False,True,
2001-11-22,824.0,-138.0,-1.8173,True,False,True,
2001-11-23,815.0,-147.0,-1.9111,True,False,True,
2001-11-26,817.0,-147.0,-1.8933,True,False,True,
2001-11-27,818.0,-155.0,-1.9736,True,False,True,
2001-11-28,813.0,-148.0,-1.8693,True,False,True,
2001-11-29,833.0,-123.0,-1.5474,True,False,True,
2001-11-30,839.0,-107.0,-1.3389,True,False,True,
2001-12-03,838.0,-110.0,-1.3648,True,False,True,
2001-12-04,847.0,-103.0,-1.268,True,False,True,
2001-12-05,825.0,-128.0,-1.5629,True,False,True,
2001-12-06,812.0,-124.0,-1.5001,True,False,True,
2001-12-07,801.0,-128.0,-1.5351,True,False,True,
2001-12-10,820.0,-110.0,-1.3029,True,False,True,
2001-12-11,831.0,-93.0,-1.0859,True,False,True,
2001-12-12,842.0,-64.0,-0.7248,True,False,True,
2001-12-13,833.0,-29.0,-0.2918,True,False,True,
2001-12-14,834.0,-4.0,0.0183,True,False,True,
2001-12-17,817.0,-31.0,-0.3096,True,False,True,
2001-12-18,833.0,-4.0,0.0241,True,False,True,
2001-12-19,841.0,16.0,0.269,True,False,True,
2001-12-20,837.0,13.0,0.2324,True,False,True,
2001-12-21,832.0,17.0,0.2823,True,False,True,
2001-12-24,830.0,13.0,0.2325,True,False,True,
2001-12-26,826.0,8.0,0.1706,True,False,True,
2001-12-27,833.0,20.0,0.3171,True,False,True,
2001-12-28,833.0,0.0,0.071,True,False,True,
2001-12-31,824.0,-15.0,-0.1134,True,False,True,
2002-01-02,812.0,-26.0,-0.2484,True,False,True,
2002-01-03,803.0,-44.0,-0.4691,True,False,True,
2002-01-04,799.0,-26.0,-0.2495,True,False,True,
2002-01-07,806.0,-6.0,-0.0059,True,False,True,
2002-01-08,805.0,4.0,0.1143,True,False,True,
2002-01-09,804.0,-16.0,-0.1342,True,False,True,
2002-01-10,808.0,-23.0,-0.2226,True,False,True,
2002-01-11,817.0,-25.0,-0.2506,True,False,True,
2002-01-14,817.0,-16.0,-0.1432,True,False,True,
2002-01-15,826.0,-8.0,-0.0487,True,False,True,
2002-01-16,827.0,10.0,0.1701,True,False,True,
2002-01-17,822.0,-11.0,-0.096,True,False,True,
2002-01-18,828.0,-13.0,-0.1253,True,False,True,
2002-01-21,829.0,-8.0,-0.0682,True,False,True,
2002-01-22,827.0,-5.0,-0.0371,True,False,True,
2002-01-23,822.0,-8.0,-0.0813,True,False,True,
2002-01-24,818.0,-8.0,-0.0878,True,False,True,
2002-01-25,814.0,-19.0,-0.2358,True,False,True,
2002-01-28,811.0,-22.0,-0.2819,True,False,True,
2002-01-29,826.0,2.0,0.0218,True,False,True,
2002-01-30,829.0,17.0,0.211,True,False,True,
2002-01-31,789.0,-14.0,-0.1982,True,False,True,
2002-02-01,781.0,-18.0,-0.254,True,False,True,
2002-02-04,791.0,-15.0,-0.218,True,False,True,
2002-02-05,798.0,-7.0,-0.1168,True,False,True,
2002-02-06,802.0,-2.0,-0.0553,True,False,True,
2002-02-07,802.0,-6.0,-0.1133,True,False,True,
2002-02-08,808.0,-9.0,-0.1566,True,False,True,
2002-02-11,809.0,-8.0,-0.1467,True,False,True,
2002-02-12,803.0,-23.0,-0.3482,True,False,True,
2002-02-13,799.0,-28.0,-0.4162,True,False,True,
2002-02-14,805.0,-17.0,-0.2715,True,False,True,
2002-02-15,811.0,-17.0,-0.2727,True,False,True,
2002-02-18,812.0,-17.0,-0.2737,True,False,True,
2002-02-19,812.0,-15.0,-0.2481,True,False,True,
2002-02-20,819.0,-3.0,-0.0889,True,False,True,
2002-02-21,820.0,2.0,-0.0231,True,False,True,
2002-02-22,828.0,14.0,0.1357,True,False,True,
2002-02-25,831.0,20.0,0.2142,True,False,True,
2002-02-26,825.0,-1.0,-0.0659,True,False,True,
2002-02-27,831.0,2.0,-0.0262,True,False,True,
2002-02-28,819.0,30.0,0.3455,True,False,True,
2002-03-01,799.0,18.0,0.184,True,False,True,
2002-03-04,792.0,1.0,-0.0427,True,False,True,
2002-03-05,783.0,-15.0,-0.2548,True,False,True,
2002-03-06,777.0,-25.0,-0.385,True,False,True,
2002-03-07,751.0,-51.0,-0.7261,True,False,True,
2002-03-08,734.0,-74.0,-1.0247,False,False,False,
2002-03-11,733.0,-76.0,-1.0432,False,False,False,
2002-03-12,732.0,-71.0,-0.9691,False,False,False,
2002-03-13,736.0,-63.0,-0.856,False,False,False,
2002-03-14,720.0,-85.0,-1.1391,False,False,False,
2002-03-15,718.0,-93.0,-1.235,False,False,False,
2002-03-18,720.0,-92.0,-1.2118,False,False,False,
2002-03-19,718.0,-94.0,-1.2283,False,False,False,
2002-03-20,708.0,-111.0,-1.4395,False,False,False,
2002-03-21,710.0,-110.0,-1.4137,False,False,False,
2002-03-22,708.0,-120.0,-1.5301,False,False,False,
2002-03-25,706.0,-125.0,-1.58,False,False,False,
2002-03-26,713.0,-112.0,-1.3984,False,False,False,
2002-03-27,713.0,-118.0,-1.4636,False,False,False,
2002-03-28,711.0,-108.0,-1.3236,False,False,False,
2002-03-31,708.0,-91.0,-1.0953,False,False,False,
2002-04-01,700.0,-92.0,-1.1005,False,False,False,
2002-04-02,706.0,-77.0,-0.8983,False,False,False,
2002-04-03,715.0,-62.0,-0.6962,False,False,False,
2002-04-04,715.0,-36.0,-0.3515,False,False,False,
2002-04-05,721.0,-13.0,-0.0472,False,False,False,
2002-04-08,718.0,-15.0,-0.0712,False,False,False,
2002-04-09,720.0,-12.0,-0.0296,False,False,False,
2002-04-10,715.0,-21.0,-0.1455,False,False,False,
2002-04-11,717.0,-3.0,0.0922,False,False,False,
2002-04-12,726.0,8.0,0.2382,False,False,False,
2002-04-15,727.0,7.0,0.2288,False,False,False,
2002-04-16,721.0,3.0,0.1819,False,False,False,
2002-04-17,714.0,6.0,0.2222,False,False,False,
2002-04-18,713.0,3.0,0.1833,False,False,False,
2002-04-19,714.0,6.0,0.2225,False,False,False,
2002-04-22,718.0,12.0,0.3005,False,False,False,
2002-04-23,717.0,4.0,0.1931,False,False,False,
2002-04-24,720.0,7.0,0.2291,False,False,False,
2002-04-25,722.0,11.0,0.2778,False,False,False,
2002-04-26,724.0,16.0,0.3397,False,False,False,
2002-04-29,719.0,19.0,0.3745,False,False,False,
2002-04-30,688.0,-18.0,-0.1222,False,False,False,
2002-05-01,689.0,-26.0,-0.2313,False,False,False,
2002-05-02,687.0,-28.0,-0.2607,False,False,False,
2002-05-03,694.0,-27.0,-0.2508,False,False,False,
2002-05-06,696.0,-22.0,-0.186,False,False,False,
2002-05-07,702.0,-18.0,-0.1358,False,False,False,
2002-05-08,689.0,-26.0,-0.2466,False,False,False,
2002-05-09,689.0,-28.0,-0.2779,False,False,False,
2002-05-10,697.0,-29.0,-0.2962,False,False,False,
2002-05-13,696.0,-31.0,-0.3303,False,False,False,
2002-05-14,689.0,-32.0,-0.3521,False,False,False,
2002-05-15,693.0,-21.0,-0.204,False,False,False,
2002-05-16,705.0,-8.0,-0.0295,False,False,False,
2002-05-17,701.0,-13.0,-0.1011,False,False,False,
2002-05-20,707.0,-11.0,-0.0758,False,False,False,
2002-05-21,711.0,-6.0,-0.009,False,False,False,
2002-05-22,715.0,-5.0,0.0037,False,False,False,
2002-05-23,710.0,-12.0,-0.0929,False,False,False,
2002-05-24,708.0,-16.0,-0.1482,False,False,False,
2002-05-27,708.0,-11.0,-0.0796,False,False,False,
2002-05-28,709.0,21.0,0.3595,False,False,False,
2002-05-29,716.0,27.0,0.4398,False,False,False,
2002-05-30,722.0,35.0,0.5473,False,False,False,
2002-05-31,728.0,34.0,0.5318,False,False,False,
2002-06-03,727.0,31.0,0.4887,False,False,False,
2002-06-04,735.0,33.0,0.5151,False,False,False,
2002-06-05,731.0,42.0,0.6372,False,False,False,
2002-06-06,735.0,46.0,0.6919,False,False,False,
2002-06-07,741.0,44.0,0.6642,False,False,False,
2002-06-10,748.0,52.0,0.7747,False,False,False,
2002-06-11,757.0,68.0,0.9943,True,False,True,
2002-06-12,770.0,77.0,1.1178,True,True,True,
2002-06-13,775.0,70.0,1.0237,True,True,True,
2002-06-14,790.0,89.0,1.2856,True,True,True,
2002-06-17,785.0,78.0,1.1359,True,True,True,
2002-06-18,785.0,74.0,1.0829,True,True,True,
2002-06-19,797.0,82.0,1.1926,True,True,True,
2002-06-20,795.0,85.0,1.2309,True,True,True,
2002-06-21,814.0,106.0,1.5115,True,True,True,
2002-06-24,819.0,111.0,1.5703,True,True,True,
2002-06-25,827.0,118.0,1.654,True,True,True,
2002-06-26,906.0,190.0,2.59,True,True,True,
2002-06-27,914.0,192.0,2.5756,True,True,True,
2002-06-28,923.0,195.0,2.574,True,True,True,
2002-06-30,875.0,148.0,1.9406,True,True,True,
2002-07-01,869.0,134.0,1.7438,True,True,True,
2002-07-02,893.0,162.0,2.0813,True,True,True,
2002-07-03,902.0,167.0,2.1183,True,True,True,
2002-07-04,902.0,161.0,2.019,True,True,True,
2002-07-05,896.0,148.0,1.8359,True,True,True,
2002-07-08,899.0,142.0,1.7431,True,True,True,
2002-07-09,898.0,128.0,1.555,True,True,True,
2002-07-10,906.0,131.0,1.578,True,True,True,
2002-07-11,926.0,136.0,1.624,True,True,True,
2002-07-12,926.0,141.0,1.6687,True,True,True,
2002-07-15,919.0,134.0,1.5691,True,True,True,
2002-07-16,913.0,116.0,1.3408,True,True,True,
2002-07-17,919.0,124.0,1.4257,True,True,True,
2002-07-18,926.0,112.0,1.2725,True,True,True,
2002-07-19,937.0,118.0,1.3346,True,True,True,
2002-07-22,949.0,122.0,1.372,True,True,True,
2002-07-23,971.0,65.0,0.6912,True,False,True,
2002-07-24,996.0,82.0,0.8879,True,False,True,
2002-07-25,998.0,75.0,0.7998,True,False,True,
2002-07-26,1013.0,138.0,1.5319,True,True,True,
2002-07-29,1001.0,132.0,1.4482,True,True,True,
2002-07-30,999.0,106.0,1.1339,True,True,True,
2002-07-31,971.0,69.0,0.6952,True,False,True,
2002-08-01,954.0,52.0,0.492,True,False,True,
2002-08-02,976.0,80.0,0.8143,True,False,True,
2002-08-05,991.0,92.0,0.9481,True,False,True,
2002-08-06,981.0,83.0,0.8369,True,False,True,
2002-08-07,989.0,83.0,0.8305,True,False,True,
2002-08-08,985.0,59.0,0.5458,True,False,True,
2002-08-09,992.0,66.0,0.623,True,False,True,
2002-08-12,1000.0,81.0,0.7923,True,False,True,
2002-08-13,1015.0,102.0,1.0295,True,True,True,
2002-08-14,1020.0,101.0,1.0105,True,True,True,
2002-08-15,1001.0,75.0,0.7038,True,False,True,
2002-08-16,993.0,56.0,0.4798,True,False,True,
2002-08-19,993.0,44.0,0.3376,True,False,True,
2002-08-20,994.0,23.0,0.0924,True,False,True,
2002-08-21,988.0,-8.0,-0.2665,True,False,True,
2002-08-22,965.0,-33.0,-0.5537,True,False,True,
2002-08-23,962.0,-51.0,-0.7587,True,False,True,
2002-08-26,955.0,-46.0,-0.6974,True,False,True,
2002-08-27,944.0,-55.0,-0.7981,True,False,True,
2002-08-28,948.0,-23.0,-0.4268,True,False,True,
2002-08-29,951.0,-3.0,-0.1947,True,False,True,
2002-08-30,950.0,-26.0,-0.4582,True,False,True,
2002-08-31,961.0,-30.0,-0.5021,True,False,True,
2002-09-02,960.0,-21.0,-0.3923,True,False,True,
2002-09-03,976.0,-13.0,-0.2933,True,False,True,
2002-09-04,975.0,-10.0,-0.2521,True,False,True,
2002-09-05,982.0,-10.0,-0.246,True,False,True,
2002-09-06,969.0,-31.0,-0.4872,True,False,True,
2002-09-09,969.0,-46.0,-0.6591,True,False,True,
2002-09-10,970.0,-50.0,-0.7012,True,False,True,
2002-09-11,959.0,-42.0,-0.599,True,False,True,
2002-09-12,963.0,-30.0,-0.4473,True,False,True,
2002-09-13,965.0,-28.0,-0.4163,True,False,True,
2002-09-16,961.0,-33.0,-0.472,True,False,True,
2002-09-17,960.0,-28.0,-0.4029,True,False,True,
2002-09-18,965.0,0.0,-0.04,True,False,True,
2002-09-19,982.0,20.0,0.2285,True,False,True,
2002-09-20,992.0,37.0,0.4644,True,False,True,
2002-09-23,1012.0,68.0,0.8941,True,False,True,
2002-09-24,1026.0,78.0,1.05,True,True,True,
2002-09-25,1018.0,67.0,0.9195,True,False,True,
2002-09-26,1017.0,67.0,0.9351,True,False,True,
2002-09-27,1030.0,69.0,0.9776,True,False,True,
2002-09-30,1033.0,73.0,1.0302,True,True,True,
2002-10-01,1021.0,45.0,0.637,True,False,True,
2002-10-02,1034.0,59.0,0.829,True,False,True,
2002-10-03,1048.0,66.0,0.9216,True,False,True,
2002-10-04,1055.0,86.0,1.1915,True,True,True,
2002-10-07,1071.0,102.0,1.4014,True,True,True,
2002-10-08,1087.0,117.0,1.5933,True,True,True,
2002-10-09,1117.0,158.0,2.1289,True,True,True,
2002-10-10,1120.0,157.0,2.0876,True,True,True,
2002-10-11,1107.0,142.0,1.8629,True,True,True,
2002-10-14,1109.0,148.0,1.9212,True,True,True,
2002-10-15,1073.0,113.0,1.4398,True,True,True,
2002-10-16,1073.0,108.0,1.3611,True,True,True,
2002-10-17,1064.0,82.0,1.0073,True,True,True,
2002-10-18,1065.0,73.0,0.8807,True,False,True,
2002-10-21,1054.0,42.0,0.4641,True,False,True,
2002-10-22,1053.0,27.0,0.2603,True,False,True,
2002-10-23,1054.0,36.0,0.3756,True,False,True,
2002-10-24,1053.0,36.0,0.3714,True,False,True,
2002-10-25,1057.0,27.0,0.2479,True,False,True,
2002-10-28,1055.0,22.0,0.1778,True,False,True,
2002-10-29,1067.0,46.0,0.494,True,False,True,
2002-10-30,1062.0,28.0,0.25,True,False,True,
2002-10-31,1059.0,11.0,0.0197,True,False,True,
2002-11-01,1047.0,-8.0,-0.2377,True,False,True,
2002-11-04,1030.0,-41.0,-0.6859,True,False,True,
2002-11-05,1019.0,-68.0,-1.0566,True,False,True,
2002-11-06,1010.0,-107.0,-1.5848,True,False,True,
2002-11-07,1012.0,-108.0,-1.6007,True,False,True,
2002-11-08,1016.0,-91.0,-1.3786,True,False,True,
2002-11-11,1018.0,-91.0,-1.3872,True,False,True,
2002-11-12,1015.0,-58.0,-0.9485,True,False,True,
2002-11-13,1011.0,-62.0,-1.0157,True,False,True,
2002-11-14,994.0,-70.0,-1.1405,True,False,True,
2002-11-15,978.0,-87.0,-1.39,True,False,True,
2002-11-18,970.0,-84.0,-1.3548,True,False,True,
2002-11-19,961.0,-92.0,-1.4705,True,False,True,
2002-11-20,939.0,-115.0,-1.7943,True,False,True,
2002-11-21,915.0,-138.0,-2.1094,True,False,True,
2002-11-22,904.0,-153.0,-2.3121,True,False,True,
2002-11-25,901.0,-154.0,-2.3163,True,False,True,
2002-11-26,914.0,-153.0,-2.2942,True,False,True,
2002-11-27,894.0,-168.0,-2.4833,True,False,True,
2002-11-28,894.0,-165.0,-2.4192,True,False,True,
2002-11-29,901.0,-146.0,-2.1385,True,False,True,
2002-11-30,883.0,-147.0,-2.1275,True,False,True,
2002-12-02,867.0,-152.0,-2.1667,True,False,True,
2002-12-03,867.0,-143.0,-2.0246,True,False,True,
2002-12-04,881.0,-131.0,-1.8457,True,False,True,
2002-12-05,889.0,-127.0,-1.7741,True,False,True,
2002-12-06,900.0,-118.0,-1.6403,True,False,True,
2002-12-09,908.0,-107.0,-1.4838,True,False,True,
2002-12-10,905.0,-106.0,-1.4584,True,False,True,
2002-12-11,909.0,-85.0,-1.1786,True,False,True,
2002-12-12,906.0,-72.0,-1.0042,True,False,True,
2002-12-13,899.0,-71.0,-0.9858,True,False,True,
2002-12-16,888.0,-73.0,-1.0066,True,False,True,
2002-12-17,890.0,-49.0,-0.6971,True,False,True,
2002-12-18,894.0,-21.0,-0.3394,True,False,True,
2002-12-19,903.0,-1.0,-0.0841,True,False,True,
2002-12-20,899.0,-2.0,-0.0972,True,False,True,
2002-12-23,900.0,-14.0,-0.2502,True,False,True,
2002-12-24,901.0,7.0,0.0181,True,False,True,
2002-12-26,902.0,8.0,0.0293,True,False,True,
2002-12-27,911.0,10.0,0.0532,True,False,True,
2002-12-30,913.0,30.0,0.3077,True,False,True,
2002-12-31,890.0,23.0,0.2162,True,False,True,
2003-01-02,865.0,-2.0,-0.1041,True,False,True,
2003-01-03,857.0,-24.0,-0.3859,True,False,True,
2003-01-06,841.0,-48.0,-0.6916,True,False,True,
2003-01-07,826.0,-74.0,-1.0197,True,False,True,
2003-01-08,818.0,-90.0,-1.2166,True,False,True,
2003-01-09,795.0,-110.0,-1.4605,True,False,True,
2003-01-10,792.0,-117.0,-1.5368,True,False,True,
2003-01-13,792.0,-114.0,-1.4877,True,False,True,
2003-01-14,796.0,-103.0,-1.3405,True,False,True,
2003-01-15,796.0,-92.0,-1.1943,True,False,True,
2003-01-16,799.0,-91.0,-1.1733,True,False,True,
2003-01-17,810.0,-84.0,-1.08,True,False,True,
2003-01-20,811.0,-92.0,-1.1729,True,False,True,
2003-01-21,812.0,-87.0,-1.1046,True,False,True,
2003-01-22,823.0,-77.0,-0.9754,True,False,True,
2003-01-23,816.0,-85.0,-1.0679,True,False,True,
2003-01-24,821.0,-81.0,-1.0128,True,False,True,
2003-01-27,829.0,-82.0,-1.0194,True,False,True,
2003-01-28,825.0,-88.0,-1.0867,True,False,True,
2003-01-29,824.0,-66.0,-0.8139,True,False,True,
2003-01-30,825.0,-40.0,-0.4947,True,False,True,
2003-01-31,829.0,-28.0,-0.3472,True,False,True,
2003-02-03,821.0,-20.0,-0.2491,True,False,True,
2003-02-04,828.0,2.0,0.0194,True,False,True,
2003-02-05,823.0,5.0,0.0552,True,False,True,
2003-02-06,835.0,40.0,0.4814,True,False,True,
2003-02-07,839.0,47.0,0.5646,True,False,True,
2003-02-10,835.0,43.0,0.514,True,False,True,
2003-02-11,837.0,41.0,0.4883,True,False,True,
2003-02-12,850.0,54.0,0.644,True,False,True,
2003-02-13,869.0,70.0,0.835,True,False,True,
2003-02-14,862.0,52.0,0.6141,True,False,True,
2003-02-17,858.0,47.0,0.5514,True,False,True,
2003-02-18,856.0,44.0,0.5125,True,False,True,
2003-02-19,853.0,30.0,0.3399,True,False,True,
2003-02-20,851.0,35.0,0.3978,True,False,True,
2003-02-21,842.0,21.0,0.2241,True,False,True,
2003-02-24,841.0,12.0,0.1105,True,False,True,
2003-02-25,845.0,20.0,0.2038,True,False,True,
2003-02-26,844.0,20.0,0.1997,True,False,True,
2003-02-27,840.0,15.0,0.1349,True,False,True,
2003-02-28,838.0,9.0,0.0569,True,False,True,
2003-03-03,829.0,8.0,0.0398,True,False,True,
2003-03-04,831.0,3.0,-0.0266,True,False,True,
2003-03-05,833.0,10.0,0.055,True,False,True,
2003-03-06,831.0,-4.0,-0.1243,True,False,True,
2003-03-07,834.0,-5.0,-0.1426,True,False,True,
2003-03-10,838.0,3.0,-0.0489,True,False,True,
2003-03-11,833.0,-4.0,-0.1437,True,False,True,
2003-03-12,832.0,-18.0,-0.3266,True,False,True,
2003-03-13,816.0,-53.0,-0.777,True,False,True,
2003-03-14,817.0,-45.0,-0.6806,True,False,True,
2003-03-17,804.0,-54.0,-0.7991,True,False,True,
2003-03-18,791.0,-65.0,-0.9428,True,False,True,
2003-03-19,788.0,-65.0,-0.944,True,False,True,
2003-03-20,784.0,-67.0,-0.9692,True,False,True,
2003-03-21,769.0,-73.0,-1.0427,True,False,True,
2003-03-24,781.0,-60.0,-0.8725,True,False,True,
2003-03-25,780.0,-65.0,-0.9325,True,False,True,
2003-03-26,778.0,-66.0,-0.941,True,False,True,
2003-03-27,776.0,-64.0,-0.912,True,False,True,
2003-03-28,775.0,-63.0,-0.8949,True,False,True,
2003-03-31,772.0,-57.0,-0.8142,True,False,True,
2003-04-01,761.0,-70.0,-0.9735,True,False,True,
2003-04-02,736.0,-97.0,-1.3062,False,False,False,
2003-04-03,731.0,-100.0,-1.334,False,False,False,
2003-04-04,724.0,-110.0,-1.4481,False,False,False,
2003-04-07,711.0,-127.0,-1.6456,False,False,False,
2003-04-08,721.0,-112.0,-1.4464,False,False,False,
2003-04-09,731.0,-101.0,-1.3003,False,False,False,
2003-04-10,728.0,-88.0,-1.1319,False,False,False,
2003-04-11,721.0,-96.0,-1.2217,False,False,False,
2003-04-14,712.0,-92.0,-1.1641,False,False,False,
2003-04-15,707.0,-84.0,-1.0587,False,False,False,
2003-04-16,705.0,-83.0,-1.0411,False,False,False,
2003-04-17,697.0,-87.0,-1.0848,False,False,False,
2003-04-21,692.0,-77.0,-0.959,False,False,False,
2003-04-22,686.0,-95.0,-1.1718,False,False,False,
2003-04-23,671.0,-109.0,-1.3331,False,False,False,
2003-04-24,669.0,-109.0,-1.3242,False,False,False,
2003-04-25,668.0,-108.0,-1.304,False,False,False,
2003-04-28,664.0,-111.0,-1.3317,False,False,False,
2003-04-29,655.0,-117.0,-1.3943,False,False,False,
2003-04-30,644.0,-117.0,-1.3852,False,False,False,
2003-05-01,637.0,-99.0,-1.1651,False,False,False,
2003-05-02,626.0,-105.0,-1.2288,False,False,False,
2003-05-05,625.0,-99.0,-1.1505,False,False,False,
2003-05-06,634.0,-77.0,-0.8865,False,False,False,
2003-05-07,646.0,-75.0,-0.8587,False,False,False,
2003-05-08,655.0,-76.0,-0.8659,False,False,False,
2003-05-09,653.0,-75.0,-0.8497,False,False,False,
2003-05-12,653.0,-68.0,-0.7641,False,False,False,
2003-05-13,653.0,-59.0,-0.6561,False,False,False,
2003-05-14,662.0,-45.0,-0.4904,False,False,False,
2003-05-15,655.0,-50.0,-0.5454,False,False,False,
2003-05-16,663.0,-34.0,-0.3554,False,False,False,
2003-05-19,666.0,-26.0,-0.2591,False,False,False,
2003-05-20,677.0,-9.0,-0.0582,False,False,False,
2003-05-21,680.0,9.0,0.1535,False,False,False,
2003-05-22,686.0,17.0,0.248,False,False,False,
2003-05-23,687.0,19.0,0.2726,False,False,False,
2003-05-26,687.0,23.0,0.3207,False,False,False,
2003-05-27,688.0,33.0,0.4385,False,False,False,
2003-05-28,689.0,45.0,0.5797,False,False,False,
2003-05-29,687.0,50.0,0.6396,False,False,False,
2003-05-30,681.0,55.0,0.6998,False,False,False,
2003-05-31,679.0,54.0,0.6893,False,False,False,
2003-06-02,666.0,32.0,0.4343,False,False,False,
2003-06-03,674.0,28.0,0.3901,False,False,False,
2003-06-04,670.0,15.0,0.24,False,False,False,
2003-06-05,658.0,5.0,0.1257,False,False,False,
2003-06-06,648.0,-5.0,0.0116,False,False,False,
2003-06-09,651.0,-2.0,0.0524,False,False,False,
2003-06-10,658.0,-4.0,0.0342,False,False,False,
2003-06-11,650.0,-5.0,0.0282,False,False,False,
2003-06-12,648.0,-15.0,-0.083,False,False,False,
2003-06-13,646.0,-20.0,-0.1351,False,False,False,
2003-06-16,631.0,-46.0,-0.4484,False,False,False,
2003-06-17,614.0,-66.0,-0.6914,False,False,False,
2003-06-18,604.0,-82.0,-0.8856,False,False,False,
2003-06-19,609.0,-78.0,-0.8301,False,False,False,
2003-06-20,607.0,-80.0,-0.8507,False,False,False,
2003-06-23,621.0,-67.0,-0.6788,False,False,False,
2003-06-24,629.0,-60.0,-0.5824,False,False,False,
2003-06-25,615.0,-72.0,-0.7332,False,False,False,
2003-06-26,603.0,-78.0,-0.806,False,False,False,
2003-06-27,603.0,-76.0,-0.7737,False,False,False,
2003-06-30,613.0,-53.0,-0.4616,False,False,False,
2003-07-01,615.0,-59.0,-0.536,False,False,False,
2003-07-02,618.0,-52.0,-0.435,False,False,False,
2003-07-03,611.0,-47.0,-0.3604,False,False,False,
2003-07-04,611.0,-37.0,-0.216,False,False,False,
2003-07-07,605.0,-46.0,-0.3341,False,False,False,
2003-07-08,597.0,-61.0,-0.5369,False,False,False,
2003-07-09,597.0,-53.0,-0.4182,False,False,False,
2003-07-10,600.0,-48.0,-0.3422,False,False,False,
2003-07-11,605.0,-41.0,-0.2371,False,False,False,
2003-07-14,594.0,-37.0,-0.1745,False,False,False,
2003-07-15,573.0,-41.0,-0.2239,False,False,False,
2003-07-16,576.0,-28.0,-0.0271,False,False,False,
2003-07-17,575.0,-34.0,-0.1074,False,False,False,
2003-07-18,576.0,-31.0,-0.0577,False,False,False,
2003-07-21,559.0,-62.0,-0.5101,False,False,False,
2003-07-22,566.0,-63.0,-0.5189,False,False,False,
2003-07-23,572.0,-43.0,-0.2148,False,False,False,
2003-07-24,570.0,-33.0,-0.0585,False,False,False,
2003-07-25,573.0,-30.0,-0.0067,False,False,False,
2003-07-28,565.0,-48.0,-0.2737,False,False,False,
2003-07-29,563.0,-52.0,-0.3287,False,False,False,
2003-07-30,583.0,-35.0,-0.0627,False,False,False,
2003-07-31,567.0,-44.0,-0.1935,False,False,False,
2003-08-01,577.0,-34.0,-0.0308,False,False,False,
2003-08-04,584.0,-21.0,0.179,False,False,False,
2003-08-05,580.0,-17.0,0.2472,False,False,False,
2003-08-06,606.0,9.0,0.6602,False,False,False,
2003-08-07,615.0,15.0,0.7557,False,False,False,
2003-08-08,613.0,8.0,0.6439,False,False,False,
2003-08-11,608.0,14.0,0.7348,False,False,False,
2003-08-12,613.0,40.0,1.1362,False,True,True,
2003-08-13,599.0,23.0,0.8633,False,False,False,
2003-08-14,606.0,31.0,0.982,False,False,False,
2003-08-15,607.0,31.0,0.9768,False,False,False,
2003-08-18,605.0,46.0,1.2054,False,True,True,
2003-08-19,598.0,32.0,0.9814,False,False,False,
2003-08-20,581.0,9.0,0.6203,False,False,False,
2003-08-21,561.0,-9.0,0.3393,False,False,False,
2003-08-22,562.0,-11.0,0.308,False,False,False,
2003-08-25,553.0,-12.0,0.2926,False,False,False,
2003-08-26,555.0,-8.0,0.3547,False,False,False,
2003-08-27,545.0,-38.0,-0.1117,False,False,False,
2003-08-28,550.0,-17.0,0.2133,False,False,False,
2003-08-29,543.0,-34.0,-0.0523,False,False,False,
2003-08-31,546.0,-38.0,-0.1148,False,False,False,
2003-09-01,546.0,-34.0,-0.0523,False,False,False,
2003-09-02,519.0,-87.0,-0.8722,False,False,False,
2003-09-03,516.0,-99.0,-1.0523,False,False,False,
2003-09-04,525.0,-88.0,-0.8767,False,False,False,
2003-09-05,542.0,-66.0,-0.532,False,False,False,
2003-09-08,535.0,-78.0,-0.7119,False,False,False,
2003-09-09,534.0,-65.0,-0.5052,False,False,False,
2003-09-10,542.0,-64.0,-0.4837,False,False,False,
2003-09-11,536.0,-71.0,-0.5867,False,False,False,
2003-09-12,542.0,-63.0,-0.4554,False,False,False,
2003-09-15,543.0,-55.0,-0.3234,False,False,False,
2003-09-16,539.0,-42.0,-0.1115,False,False,False,
2003-09-17,541.0,-20.0,0.2456,False,False,False,
2003-09-18,532.0,-30.0,0.0907,False,False,False,
2003-09-19,526.0,-27.0,0.145,False,False,False,
2003-09-22,528.0,-27.0,0.1518,False,False,False,
2003-09-23,534.0,-11.0,0.4204,False,False,False,
2003-09-24,536.0,-14.0,0.3828,False,False,False,
2003-09-25,537.0,-6.0,0.5294,False,False,False,
2003-09-26,545.0,-1.0,0.6367,False,False,False,
2003-09-29,540.0,-6.0,0.575,False,False,False,
2003-09-30,551.0,32.0,1.2667,False,True,True,
2003-10-01,546.0,30.0,1.2638,False,True,True,
2003-10-02,536.0,11.0,0.9404,False,False,False,
2003-10-03,518.0,-24.0,0.3128,False,False,False,
2003-10-06,525.0,-10.0,0.5859,False,False,False,
2003-10-07,513.0,-21.0,0.3897,False,False,False,
2003-10-08,510.0,-32.0,0.1876,False,False,False,
2003-10-09,502.0,-34.0,0.1546,False,False,False,
2003-10-10,502.0,-40.0,0.0458,False,False,False,
2003-10-13,501.0,-42.0,0.0134,False,False,False,
2003-10-14,488.0,-51.0,-0.1548,False,False,False,
2003-10-15,474.0,-67.0,-0.4591,False,False,False,
2003-10-16,462.0,-70.0,-0.5113,False,False,False,
2003-10-17,468.0,-58.0,-0.2713,False,False,False,
2003-10-20,468.0,-60.0,-0.3056,False,False,False,
2003-10-21,468.0,-66.0,-0.4193,False,False,False,
2003-10-22,481.0,-55.0,-0.2019,False,False,False,
2003-10-23,482.0,-55.0,-0.203,False,False,False,
2003-10-24,489.0,-56.0,-0.2273,False,False,False,
2003-10-27,480.0,-60.0,-0.3109,False,False,False,
2003-10-28,487.0,-64.0,-0.3927,False,False,False,
2003-10-29,477.0,-69.0,-0.494,False,False,False,
2003-10-30,468.0,-68.0,-0.4733,False,False,False,
2003-10-31,473.0,-45.0,-0.0186,False,False,False,
2003-11-03,465.0,-60.0,-0.317,False,False,False,
2003-11-04,468.0,-45.0,-0.0228,False,False,False,
2003-11-05,462.0,-48.0,-0.0853,False,False,False,
2003-11-06,456.0,-46.0,-0.0493,False,False,False,
2003-11-07,452.0,-50.0,-0.1346,False,False,False,
2003-11-10,450.0,-51.0,-0.1627,False,False,False,
2003-11-11,450.0,-38.0,0.0909,False,False,False,
2003-11-12,455.0,-19.0,0.4714,False,False,False,
2003-11-13,469.0,7.0,1.0013,False,True,True,
2003-11-14,474.0,6.0,0.978,False,False,False,
2003-11-17,474.0,6.0,0.9753,False,False,False,
2003-11-18,473.0,5.0,0.9493,False,False,False,
2003-11-19,465.0,-16.0,0.4935,False,False,False,
2003-11-20,476.0,-6.0,0.7052,False,False,False,
2003-11-21,475.0,-14.0,0.5242,False,False,False,
2003-11-24,467.0,-13.0,0.5402,False,False,False,
2003-11-25,462.0,-25.0,0.266,False,False,False,
2003-11-26,455.0,-22.0,0.3269,False,False,False,
2003-11-27,455.0,-13.0,0.5243,False,False,False,
2003-11-28,446.0,-27.0,0.2003,False,False,False,
2003-11-30,448.0,-17.0,0.4232,False,False,False,
2003-12-01,437.0,-31.0,0.0995,False,False,False,
2003-12-02,435.0,-27.0,0.1873,False,False,False,
2003-12-03,427.0,-29.0,0.1377,False,False,False,
2003-12-04,426.0,-26.0,0.2045,False,False,False,
2003-12-05,439.0,-11.0,0.5478,False,False,False,
2003-12-08,429.0,-21.0,0.3204,False,False,False,
2003-12-09,419.0,-36.0,-0.0212,False,False,False,
2003-12-10,422.0,-47.0,-0.2713,False,False,False,
2003-12-11,435.0,-39.0,-0.0832,False,False,False,
2003-12-12,434.0,-40.0,-0.102,False,False,False,
2003-12-15,427.0,-46.0,-0.236,False,False,False,
2003-12-16,431.0,-34.0,0.0479,False,False,False,
2003-12-17,434.0,-42.0,-0.1327,False,False,False,
2003-12-18,434.0,-41.0,-0.1058,False,False,False,
2003-12-19,433.0,-34.0,0.0587,False,False,False,
2003-12-22,428.0,-34.0,0.0574,False,False,False,
2003-12-23,416.0,-39.0,-0.0628,False,False,False,
2003-12-24,425.0,-30.0,0.1428,False,False,False,
2003-12-26,428.0,-18.0,0.4185,False,False,False,
2003-12-29,422.0,-26.0,0.2226,False,False,False,
2003-12-30,417.0,-20.0,0.3589,False,False,False,
2003-12-31,418.0,-17.0,0.4248,False,False,False,
2004-01-02,408.0,-19.0,0.3709,False,False,False,
2004-01-05,397.0,-29.0,0.1238,False,False,False,
2004-01-06,398.0,-41.0,-0.1719,False,False,False,
2004-01-07,392.0,-37.0,-0.0803,False,False,False,
2004-01-08,387.0,-32.0,0.0367,False,False,False,
2004-01-09,401.0,-21.0,0.3014,False,False,False,
2004-01-12,400.0,-35.0,-0.0474,False,False,False,
2004-01-13,405.0,-29.0,0.0956,False,False,False,
2004-01-14,404.0,-23.0,0.2387,False,False,False,
2004-01-15,398.0,-33.0,-0.0145,False,False,False,
2004-01-16,394.0,-40.0,-0.1914,False,False,False,
2004-01-19,393.0,-41.0,-0.2162,False,False,False,
2004-01-20,389.0,-44.0,-0.2893,False,False,False,
2004-01-21,388.0,-40.0,-0.1878,False,False,False,
2004-01-22,390.0,-26.0,0.1639,False,False,False,
2004-01-23,379.0,-46.0,-0.3303,False,False,False,
2004-01-26,376.0,-52.0,-0.474,False,False,False,
2004-01-27,388.0,-34.0,-0.0137,False,False,False,
2004-01-28,381.0,-36.0,-0.0568,False,False,False,
2004-01-29,392.0,-26.0,0.2068,False,False,False,
2004-01-30,403.0,-5.0,0.7598,False,False,False,
2004-01-31,405.0,8.0,1.1173,False,True,True,
2004-02-02,406.0,8.0,1.1308,False,True,True,
2004-02-03,417.0,25.0,1.5903,False,True,True,
2004-02-04,420.0,33.0,1.8084,False,True,True,
2004-02-05,422.0,21.0,1.4917,False,True,True,
2004-02-06,434.0,34.0,1.8393,False,True,True,
2004-02-09,428.0,23.0,1.5448,False,True,True,
2004-02-10,424.0,20.0,1.4621,False,True,True,
2004-02-11,431.0,33.0,1.8034,False,True,True,
2004-02-12,419.0,25.0,1.5887,False,True,True,
2004-02-13,425.0,32.0,1.7681,False,True,True,
2004-02-16,423.0,34.0,1.8114,False,True,True,
2004-02-17,421.0,33.0,1.7756,False,True,True,
2004-02-18,423.0,33.0,1.7648,False,True,True,
2004-02-19,424.0,45.0,2.0634,False,True,True,
2004-02-20,422.0,46.0,2.0689,False,True,True,
2004-02-23,430.0,42.0,1.9479,False,True,True,
2004-02-24,438.0,57.0,2.3069,False,True,True,
2004-02-25,436.0,44.0,1.9582,False,True,True,
2004-02-26,432.0,29.0,1.5669,False,True,True,
2004-02-27,434.0,29.0,1.552,False,True,True,
2004-02-29,434.0,28.0,1.513,False,True,True,
2004-03-01,429.0,12.0,1.1051,False,True,True,
2004-03-02,422.0,2.0,0.8494,False,False,False,
2004-03-03,422.0,0.0,0.7932,False,False,False,
2004-03-04,424.0,-10.0,0.5391,False,False,False,
2004-03-05,435.0,7.0,0.9552,False,False,False,
2004-03-08,437.0,13.0,1.0961,False,True,True,
2004-03-09,440.0,9.0,0.9886,False,False,False,
2004-03-10,437.0,18.0,1.2027,False,True,True,
2004-03-11,441.0,16.0,1.1437,False,True,True,
2004-03-12,439.0,16.0,1.1345,False,True,True,
2004-03-15,441.0,20.0,1.2235,False,True,True,
2004-03-16,453.0,30.0,1.4578,False,True,True,
2004-03-17,450.0,26.0,1.3497,False,True,True,
2004-03-18,446.0,24.0,1.2919,False,True,True,
2004-03-19,443.0,13.0,1.0132,False,True,True,
2004-03-22,452.0,14.0,1.0348,False,True,True,
2004-03-23,454.0,18.0,1.1303,False,True,True,
2004-03-24,456.0,24.0,1.275,False,True,True,
2004-03-25,453.0,19.0,1.1395,False,True,True,
2004-03-26,442.0,8.0,0.8522,False,False,False,
2004-03-29,434.0,5.0,0.7689,False,False,False,
2004-03-30,433.0,11.0,0.9167,False,False,False,
2004-03-31,441.0,19.0,1.1157,False,True,True,
2004-04-01,432.0,8.0,0.8239,False,False,False,
2004-04-02,416.0,-19.0,0.1152,False,False,False,
2004-04-05,411.0,-26.0,-0.0754,False,False,False,
2004-04-06,414.0,-26.0,-0.085,False,False,False,
2004-04-07,411.0,-26.0,-0.0947,False,False,False,
2004-04-08,406.0,-35.0,-0.3481,False,False,False,
2004-04-12,402.0,-37.0,-0.4151,False,False,False,
2004-04-13,396.0,-45.0,-0.6512,False,False,False,
2004-04-14,397.0,-56.0,-0.9761,False,False,False,
2004-04-15,395.0,-55.0,-0.9604,False,False,False,
2004-04-16,396.0,-50.0,-0.8329,False,False,False,
2004-04-19,394.0,-49.0,-0.817,False,False,False,
2004-04-20,391.0,-61.0,-1.1692,False,False,False,
2004-04-21,391.0,-63.0,-1.2311,False,False,False,
2004-04-22,393.0,-63.0,-1.2352,False,False,False,
2004-04-23,381.0,-72.0,-1.4986,False,False,False,
2004-04-26,382.0,-60.0,-1.151,False,False,False,
2004-04-27,385.0,-49.0,-0.832,False,False,False,
2004-04-28,381.0,-52.0,-0.9183,False,False,False,
2004-04-29,383.0,-58.0,-1.0916,False,False,False,
2004-04-30,391.0,-41.0,-0.5945,False,False,False,
2004-05-03,393.0,-23.0,-0.0699,False,False,False,
2004-05-04,398.0,-13.0,0.2223,False,False,False,
2004-05-05,397.0,-17.0,0.1087,False,False,False,
2004-05-06,404.0,-7.0,0.4045,False,False,False,
2004-05-07,399.0,-7.0,0.4085,False,False,False,
2004-05-10,421.0,19.0,1.1726,False,True,True,
2004-05-11,424.0,28.0,1.4387,False,True,True,
2004-05-12,431.0,34.0,1.6201,False,True,True,
2004-05-13,437.0,42.0,1.8601,False,True,True,
2004-05-14,448.0,52.0,2.1572,False,True,True,
2004-05-17,456.0,62.0,2.4462,False,True,True,
2004-05-18,446.0,55.0,2.2259,False,True,True,
2004-05-19,432.0,41.0,1.8095,False,True,True,
2004-05-20,440.0,47.0,1.9701,False,True,True,
2004-05-21,432.0,51.0,2.0656,False,True,True,
2004-05-24,429.0,47.0,1.9304,False,True,True,
2004-05-25,428.0,43.0,1.7999,False,True,True,
2004-05-26,428.0,47.0,1.8951,False,True,True,
2004-05-27,432.0,49.0,1.9318,False,True,True,
2004-05-28,424.0,33.0,1.4706,False,True,True,
2004-05-31,428.0,35.0,1.5134,False,True,True,
2004-06-01,425.0,27.0,1.2798,False,True,True,
2004-06-02,423.0,26.0,1.2423,False,True,True,
2004-06-03,425.0,21.0,1.0961,False,True,True,
2004-06-04,416.0,17.0,0.9776,False,False,False,
2004-06-07,416.0,-5.0,0.3552,False,False,False,
2004-06-08,410.0,-14.0,0.0962,False,False,False,
2004-06-09,405.0,-26.0,-0.2477,False,False,False,
2004-06-10,406.0,-31.0,-0.3958,False,False,False,
2004-06-11,405.0,-43.0,-0.7453,False,False,False,
2004-06-14,400.0,-56.0,-1.1233,False,False,False,
2004-06-15,412.0,-34.0,-0.4945,False,False,False,
2004-06-16,405.0,-27.0,-0.2976,False,False,False,
2004-06-17,406.0,-34.0,-0.5024,False,False,False,
2004-06-18,402.0,-30.0,-0.3892,False,False,False,
2004-06-21,402.0,-27.0,-0.3038,False,False,False,
2004-06-22,398.0,-30.0,-0.3929,False,False,False,
2004-06-23,398.0,-30.0,-0.3976,False,False,False,
2004-06-24,401.0,-31.0,-0.4301,False,False,False,
2004-06-25,400.0,-24.0,-0.2294,False,False,False,
2004-06-28,391.0,-37.0,-0.6092,False,False,False,
2004-06-29,396.0,-29.0,-0.3769,False,False,False,
2004-06-30,410.0,-13.0,0.087,False,False,False,
2004-07-01,413.0,-12.0,0.1143,False,False,False,
2004-07-02,417.0,1.0,0.4902,False,False,False,
2004-07-05,418.0,2.0,0.5156,False,False,False,
2004-07-06,413.0,3.0,0.5389,False,False,False,
2004-07-07,412.0,7.0,0.65,False,False,False,
2004-07-08,410.0,4.0,0.5567,False,False,False,
2004-07-09,408.0,3.0,0.5231,False,False,False,
2004-07-12,408.0,8.0,0.6655,False,False,False,
2004-07-13,402.0,-10.0,0.1319,False,False,False,
2004-07-14,398.0,-7.0,0.2155,False,False,False,
2004-07-15,394.0,-12.0,0.0652,False,False,False,
2004-07-16,402.0,0.0,0.4153,False,False,False,
2004-07-19,398.0,-4.0,0.2935,False,False,False,
2004-07-20,386.0,-12.0,0.0556,False,False,False,
2004-07-21,384.0,-14.0,-0.004,False,False,False,
2004-07-22,391.0,-10.0,0.1168,False,False,False,
2004-07-23,395.0,-5.0,0.2677,False,False,False,
2004-07-26,395.0,4.0,0.5354,False,False,False,
2004-07-27,392.0,-4.0,0.3004,False,False,False,
2004-07-28,396.0,-14.0,0.0096,False,False,False,
2004-07-29,394.0,-19.0,-0.1351,False,False,False,
2004-07-30,399.0,-18.0,-0.0997,False,False,False,
2004-07-31,402.0,-16.0,-0.0341,False,False,False,
2004-08-02,404.0,-9.0,0.1849,False,False,False,
2004-08-03,405.0,-7.0,0.2514,False,False,False,
2004-08-04,406.0,-4.0,0.3448,False,False,False,
2004-08-05,405.0,-3.0,0.3745,False,False,False,
2004-08-06,419.0,11.0,0.7981,False,False,False,
2004-08-09,416.0,14.0,0.8851,False,False,False,
2004-08-10,412.0,14.0,0.8811,False,False,False,
2004-08-11,411.0,17.0,0.9648,False,False,False,
2004-08-12,417.0,15.0,0.8988,False,False,False,
2004-08-13,420.0,22.0,1.1023,False,True,True,
2004-08-16,416.0,30.0,1.3328,False,True,True,
2004-08-17,418.0,34.0,1.4405,False,True,True,
2004-08-18,413.0,22.0,1.0745,False,True,True,
2004-08-19,412.0,17.0,0.9199,False,False,False,
2004-08-20,407.0,12.0,0.7616,False,False,False,
2004-08-23,401.0,9.0,0.6625,False,False,False,
2004-08-24,400.0,4.0,0.5008,False,False,False,
2004-08-25,397.0,3.0,0.4634,False,False,False,
2004-08-26,399.0,0.0,0.3627,False,False,False,
2004-08-27,397.0,-5.0,0.1974,False,False,False,
2004-08-30,398.0,-6.0,0.1591,False,False,False,
2004-08-31,406.0,1.0,0.378,False,False,False,
2004-09-01,407.0,1.0,0.3731,False,False,False,
2004-09-02,399.0,-6.0,0.1456,False,False,False,
2004-09-03,389.0,-30.0,-0.6287,False,False,False,
2004-09-06,389.0,-27.0,-0.5319,False,False,False,
2004-09-07,393.0,-19.0,-0.275,False,False,False,
2004-09-08,396.0,-15.0,-0.1454,False,False,False,
2004-09-09,389.0,-28.0,-0.5628,False,False,False,
2004-09-10,388.0,-32.0,-0.6878,False,False,False,
2004-09-13,386.0,-30.0,-0.6193,False,False,False,
2004-09-14,385.0,-33.0,-0.7118,False,False,False,
2004-09-15,382.0,-31.0,-0.6413,False,False,False,
2004-09-16,393.0,-19.0,-0.2486,False,False,False,
2004-09-17,383.0,-24.0,-0.4064,False,False,False,
2004-09-20,388.0,-13.0,-0.0513,False,False,False,
2004-09-21,385.0,-15.0,-0.1155,False,False,False,
2004-09-22,387.0,-10.0,0.0452,False,False,False,
2004-09-23,377.0,-22.0,-0.3454,False,False,False,
2004-09-24,378.0,-19.0,-0.2503,False,False,False,
2004-09-27,383.0,-15.0,-0.1238,False,False,False,
2004-09-28,383.0,-23.0,-0.3871,False,False,False,
2004-09-29,379.0,-28.0,-0.5546,False,False,False,
2004-09-30,383.0,-16.0,-0.1702,False,False,False,
2004-10-01,378.0,-11.0,-0.0135,False,False,False,
2004-10-04,378.0,-11.0,-0.0198,False,False,False,
2004-10-05,378.0,-15.0,-0.1599,False,False,False,
2004-10-06,370.0,-26.0,-0.5371,False,False,False,
2004-10-07,366.0,-23.0,-0.4421,False,False,False,
2004-10-08,373.0,-15.0,-0.1775,False,False,False,
2004-10-11,373.0,-13.0,-0.1158,False,False,False,
2004-10-12,374.0,-11.0,-0.0544,False,False,False,
2004-10-13,376.0,-6.0,0.1103,False,False,False,
2004-10-14,379.0,-14.0,-0.1757,False,False,False,
2004-10-15,374.0,-9.0,-0.0094,False,False,False,
2004-10-18,377.0,-11.0,-0.0848,False,False,False,
2004-10-19,378.0,-7.0,0.0494,False,False,False,
2004-10-20,384.0,-3.0,0.1864,False,False,False,
2004-10-21,378.0,1.0,0.3235,False,False,False,
2004-10-22,378.0,0.0,0.2821,False,False,False,
2004-10-25,376.0,-7.0,0.0244,False,False,False,
2004-10-26,372.0,-11.0,-0.1265,False,False,False,
2004-10-27,361.0,-18.0,-0.3843,False,False,False,
2004-10-28,358.0,-25.0,-0.6378,False,False,False,
2004-10-29,356.0,-22.0,-0.5245,False,False,False,
2004-10-31,363.0,-15.0,-0.2671,False,False,False,
2004-11-01,356.0,-22.0,-0.5176,False,False,False,
2004-11-02,354.0,-16.0,-0.2964,False,False,False,
2004-11-03,349.0,-17.0,-0.3326,False,False,False,
2004-11-04,343.0,-30.0,-0.8011,False,False,False,
2004-11-05,329.0,-44.0,-1.3012,False,False,False,
2004-11-08,328.0,-46.0,-1.3639,False,False,False,
2004-11-09,329.0,-47.0,-1.3924,False,False,False,
2004-11-10,327.0,-52.0,-1.5611,False,False,False,
2004-11-11,327.0,-47.0,-1.3721,False,False,False,
2004-11-12,331.0,-46.0,-1.3301,False,False,False,
2004-11-15,328.0,-50.0,-1.4618,False,False,False,
2004-11-16,326.0,-58.0,-1.7331,False,False,False,
2004-11-17,331.0,-47.0,-1.3387,False,False,False,
2004-11-18,329.0,-49.0,-1.4021,False,False,False,
2004-11-19,321.0,-55.0,-1.6013,False,False,False,
2004-11-22,324.0,-48.0,-1.3469,False,False,False,
2004-11-23,321.0,-40.0,-1.064,False,False,False,
2004-11-24,319.0,-39.0,-1.0284,False,False,False,
2004-11-25,321.0,-35.0,-0.8929,False,False,False,
2004-11-26,315.0,-48.0,-1.3416,False,False,False,
2004-11-29,312.0,-44.0,-1.2014,False,False,False,
2004-11-30,317.0,-37.0,-0.9612,False,False,False,
2004-12-01,315.0,-34.0,-0.8569,False,False,False,
2004-12-02,313.0,-30.0,-0.7207,False,False,False,
2004-12-03,320.0,-9.0,0.0055,False,False,False,
2004-12-06,321.0,-7.0,0.0717,False,False,False,
2004-12-07,318.0,-11.0,-0.0714,False,False,False,
2004-12-08,323.0,-4.0,0.169,False,False,False,
2004-12-09,318.0,-9.0,-0.0092,False,False,False,
2004-12-10,317.0,-14.0,-0.1853,False,False,False,
2004-12-13,315.0,-13.0,-0.1521,False,False,False,
2004-12-14,315.0,-11.0,-0.0831,False,False,False,
2004-12-15,315.0,-16.0,-0.2589,False,False,False,
2004-12-16,306.0,-23.0,-0.5043,False,False,False,
2004-12-17,306.0,-15.0,-0.2254,False,False,False,
2004-12-20,305.0,-19.0,-0.3699,False,False,False,
2004-12-21,307.0,-14.0,-0.1973,False,False,False,
2004-12-22,305.0,-14.0,-0.2001,False,False,False,
2004-12-23,305.0,-16.0,-0.2716,False,False,False,
2004-12-27,299.0,-16.0,-0.2747,False,False,False,
2004-12-28,299.0,-13.0,-0.1708,False,False,False,
2004-12-29,296.0,-21.0,-0.4549,False,False,False,
2004-12-30,299.0,-16.0,-0.2803,False,False,False,
2004-12-31,310.0,-3.0,0.1766,False,False,False,
2005-01-03,306.0,-14.0,-0.2195,False,False,False,
2005-01-04,297.0,-24.0,-0.5809,False,False,False,
2005-01-05,304.0,-14.0,-0.2272,False,False,False,
2005-01-06,309.0,-14.0,-0.229,False,False,False,
2005-01-07,307.0,-11.0,-0.1268,False,False,False,
2005-01-10,310.0,-7.0,0.0111,False,False,False,
2005-01-11,319.0,4.0,0.4049,False,False,False,
2005-01-12,320.0,5.0,0.4361,False,False,False,
2005-01-13,324.0,9.0,0.5766,False,False,False,
2005-01-14,322.0,16.0,0.8271,False,False,False,
2005-01-17,321.0,15.0,0.7892,False,False,False,
2005-01-18,324.0,19.0,0.9318,False,False,False,
2005-01-19,324.0,17.0,0.8614,False,False,False,
2005-01-20,333.0,28.0,1.2627,False,False,False,
2005-01-21,337.0,32.0,1.4037,False,False,False,
2005-01-24,337.0,38.0,1.6193,False,False,False,
2005-01-25,329.0,30.0,1.3268,False,False,False,
2005-01-26,327.0,31.0,1.3589,False,False,False,
2005-01-27,323.0,24.0,1.1092,False,False,False,
2005-01-28,327.0,17.0,0.858,False,False,False,
2005-01-31,329.0,23.0,1.0784,False,False,False,
2005-02-01,326.0,29.0,1.2981,False,False,False,
2005-02-02,320.0,16.0,0.8307,False,False,False,
2005-02-03,315.0,6.0,0.4722,False,False,False,
2005-02-04,319.0,12.0,0.7007,False,False,False,
2005-02-07,317.0,7.0,0.5262,False,False,False,
2005-02-08,314.0,-5.0,0.0891,False,False,False,
2005-02-09,322.0,2.0,0.3625,False,False,False,
2005-02-10,316.0,-8.0,-0.0071,False,False,False,
2005-02-11,312.0,-10.0,-0.0775,False,False,False,
2005-02-14,311.0,-10.0,-0.0719,False,False,False,
2005-02-15,306.0,-18.0,-0.3728,False,False,False,
2005-02-16,299.0,-25.0,-0.6366,False,False,False,
2005-02-17,299.0,-34.0,-0.9758,False,False,False,
2005-02-18,293.0,-44.0,-1.3486,False,False,False,
2005-02-21,293.0,-44.0,-1.3386,False,False,False,
2005-02-22,292.0,-37.0,-1.0633,False,False,False,
2005-02-23,293.0,-34.0,-0.9416,False,False,False,
2005-02-24,288.0,-35.0,-0.9722,False,False,False,
2005-02-25,285.0,-42.0,-1.2283,False,False,False,
2005-02-28,283.0,-46.0,-1.3684,False,False,False,
2005-03-01,281.0,-45.0,-1.3193,False,False,False,
2005-03-02,284.0,-36.0,-0.9707,False,False,False,
2005-03-03,283.0,-32.0,-0.8125,False,False,False,
2005-03-04,286.0,-33.0,-0.8437,False,False,False,
2005-03-07,282.0,-35.0,-0.9128,False,False,False,
2005-03-08,276.0,-38.0,-1.0192,False,False,False,
2005-03-09,271.0,-51.0,-1.5017,False,False,False,
2005-03-10,278.0,-38.0,-0.9988,False,False,False,
2005-03-11,273.0,-39.0,-1.029,False,False,False,
2005-03-14,277.0,-34.0,-0.8314,False,False,False,
2005-03-15,277.0,-29.0,-0.6349,False,False,False,
2005-03-16,289.0,-10.0,0.0938,False,False,False,
2005-03-17,300.0,1.0,0.5168,False,False,False,
2005-03-18,298.0,5.0,0.6735,False,False,False,
2005-03-21,308.0,15.0,1.0552,False,False,False,
2005-03-22,308.0,16.0,1.0858,False,False,False,
2005-03-23,319.0,26.0,1.4551,False,False,False,
2005-03-24,318.0,30.0,1.5919,False,False,False,
2005-03-28,319.0,34.0,1.7252,False,False,False,
2005-03-29,328.0,45.0,2.1126,False,False,False,
2005-03-30,338.0,57.0,2.5202,False,False,False,
2005-03-31,352.0,68.0,2.8718,False,False,False,
2005-04-01,355.0,72.0,2.9627,False,False,False,
2005-04-04,359.0,73.0,2.9439,False,False,False,
2005-04-05,353.0,71.0,2.8214,False,False,False,
2005-04-06,348.0,72.0,2.8057,False,False,False,
2005-04-07,341.0,70.0,2.6962,False,False,False,
2005-04-08,339.0,61.0,2.359,False,False,False,
2005-04-11,347.0,74.0,2.7646,False,False,False,
2005-04-12,358.0,81.0,2.9592,False,False,False,
2005-04-13,361.0,84.0,3.0057,False,False,False,
2005-04-14,375.0,86.0,3.0113,False,False,False,
2005-04-15,389.0,89.0,3.0483,False,False,False,
2005-04-18,398.0,100.0,3.3296,False,False,False,
2005-04-19,400.0,92.0,3.0094,False,True,True,
2005-04-20,394.0,86.0,2.7657,False,False,False,
2005-04-21,382.0,63.0,2.0266,False,False,False,
2005-04-22,386.0,68.0,2.1507,False,False,False,
2005-04-25,388.0,69.0,2.1519,False,False,False,
2005-04-26,392.0,64.0,1.9768,False,False,False,
2005-04-27,404.0,66.0,2.0161,False,True,True,
2005-04-28,416.0,64.0,1.9407,False,True,True,
2005-04-29,415.0,60.0,1.8114,False,True,True,
2005-04-30,419.0,60.0,1.8034,False,True,True,
2005-05-02,417.0,64.0,1.9147,False,True,True,
2005-05-03,413.0,65.0,1.9424,False,True,True,
2005-05-04,412.0,71.0,2.1086,False,True,True,
2005-05-05,413.0,74.0,2.178,False,True,True,
2005-05-06,407.0,60.0,1.7669,False,True,True,
2005-05-09,405.0,47.0,1.3926,False,True,True,
2005-05-10,413.0,52.0,1.5353,False,True,True,
2005-05-11,423.0,48.0,1.4181,False,True,True,
2005-05-12,428.0,39.0,1.1606,False,True,True,
2005-05-13,439.0,41.0,1.2208,False,True,True,
2005-05-16,449.0,49.0,1.4472,False,True,True,
2005-05-17,457.0,63.0,1.8396,False,True,True,
2005-05-18,455.0,73.0,2.1056,False,True,True,
2005-05-19,440.0,54.0,1.5548,False,True,True,
2005-05-20,433.0,45.0,1.2931,False,True,True,
2005-05-23,429.0,37.0,1.0622,False,True,True,
2005-05-24,428.0,24.0,0.6906,False,False,False,
2005-05-25,416.0,0.0,0.0107,False,False,False,
2005-05-26,407.0,-8.0,-0.2177,False,False,False,
2005-05-27,402.0,-17.0,-0.4745,False,False,False,
2005-05-30,402.0,-15.0,-0.4221,False,False,False,
2005-05-31,413.0,0.0,-0.0024,False,False,False,
2005-06-01,413.0,1.0,0.0222,False,False,False,
2005-06-02,400.0,-13.0,-0.3801,False,False,False,
2005-06-03,390.0,-17.0,-0.4973,False,False,False,
2005-06-06,399.0,-6.0,-0.1849,False,False,False,
2005-06-07,399.0,-14.0,-0.4164,False,False,False,
2005-06-08,398.0,-25.0,-0.7334,False,False,False,
2005-06-09,401.0,-27.0,-0.7915,False,False,False,
2005-06-10,391.0,-48.0,-1.3904,False,False,False,
2005-06-13,388.0,-61.0,-1.7501,False,False,False,
2005-06-14,383.0,-74.0,-2.1029,False,False,False,
2005-06-15,378.0,-77.0,-2.165,False,False,False,
2005-06-16,383.0,-57.0,-1.5899,False,False,False,
2005-06-17,381.0,-52.0,-1.4398,False,False,False,
2005-06-20,381.0,-48.0,-1.3182,False,False,False,
2005-06-21,382.0,-46.0,-1.2534,False,False,False,
2005-06-22,390.0,-26.0,-0.6956,False,False,False,
2005-06-23,388.0,-19.0,-0.4989,False,False,False,
2005-06-24,393.0,-9.0,-0.2208,False,False,False,
2005-06-27,396.0,-6.0,-0.1369,False,False,False,
2005-06-28,386.0,-27.0,-0.7132,False,False,False,
2005-06-29,381.0,-32.0,-0.8478,False,False,False,
2005-06-30,385.0,-15.0,-0.3777,False,False,False,
2005-07-01,375.0,-15.0,-0.3774,False,False,False,
2005-07-04,375.0,-24.0,-0.6225,False,False,False,
2005-07-05,371.0,-28.0,-0.7294,False,False,False,
2005-07-06,375.0,-23.0,-0.5902,False,False,False,
2005-07-07,378.0,-23.0,-0.5889,False,False,False,
2005-07-08,367.0,-24.0,-0.6145,False,False,False,
2005-07-11,361.0,-27.0,-0.694,False,False,False,
2005-07-12,354.0,-29.0,-0.7445,False,False,False,
2005-07-13,351.0,-27.0,-0.6865,False,False,False,
2005-07-14,346.0,-37.0,-0.9565,False,False,False,
2005-07-15,343.0,-38.0,-0.9804,False,False,False,
2005-07-18,340.0,-41.0,-1.0579,False,False,False,
2005-07-19,343.0,-39.0,-0.9991,False,False,False,
2005-07-20,343.0,-47.0,-1.2094,False,False,False,
2005-07-21,336.0,-52.0,-1.3355,False,False,False,
2005-07-22,339.0,-54.0,-1.379,False,False,False,
2005-07-25,336.0,-60.0,-1.5274,False,False,False,
2005-07-26,335.0,-51.0,-1.2756,False,False,False,
2005-07-27,331.0,-50.0,-1.2388,False,False,False,
2005-07-28,333.0,-52.0,-1.2815,False,False,False,
2005-07-29,325.0,-50.0,-1.2183,False,False,False,
2005-07-31,330.0,-45.0,-1.0774,False,False,False,
2005-08-01,329.0,-42.0,-0.9902,False,False,False,
2005-08-02,329.0,-46.0,-1.0873,False,False,False,
2005-08-03,332.0,-46.0,-1.0787,False,False,False,
2005-08-04,331.0,-36.0,-0.808,False,False,False,
2005-08-05,329.0,-32.0,-0.697,False,False,False,
2005-08-08,331.0,-23.0,-0.4555,False,False,False,
2005-08-09,333.0,-18.0,-0.3206,False,False,False,
2005-08-10,332.0,-14.0,-0.213,False,False,False,
2005-08-11,337.0,-6.0,-0.0006,False,False,False,
2005-08-12,342.0,2.0,0.2106,False,False,False,
2005-08-15,337.0,-6.0,-0.0007,False,False,False,
2005-08-16,341.0,-2.0,0.1046,False,False,False,
2005-08-17,337.0,1.0,0.1838,False,False,False,
2005-08-18,341.0,2.0,0.2102,False,False,False,
2005-08-19,339.0,3.0,0.2356,False,False,False,
2005-08-22,339.0,4.0,0.2587,False,False,False,
2005-08-23,340.0,9.0,0.3872,False,False,False,
2005-08-24,338.0,5.0,0.2789,False,False,False,
2005-08-25,338.0,13.0,0.4874,False,False,False,
2005-08-26,334.0,4.0,0.2462,False,False,False,
2005-08-29,337.0,8.0,0.3481,False,False,False,
2005-08-30,348.0,19.0,0.6343,False,False,False,
2005-08-31,366.0,34.0,1.0235,False,False,False,
2005-09-01,370.0,39.0,1.1465,False,False,False,
2005-09-02,370.0,41.0,1.19,False,False,False,
2005-09-05,370.0,39.0,1.1285,False,False,False,
2005-09-06,364.0,31.0,0.9121,False,False,False,
2005-09-07,361.0,29.0,0.8539,False,False,False,
2005-09-08,359.0,22.0,0.6665,False,False,False,
2005-09-09,359.0,17.0,0.5315,False,False,False,
2005-09-12,355.0,18.0,0.5536,False,False,False,
2005-09-13,358.0,17.0,0.5239,False,False,False,
2005-09-14,357.0,20.0,0.5979,False,False,False,
2005-09-15,355.0,14.0,0.4367,False,False,False,
2005-09-16,354.0,15.0,0.4596,False,False,False,
2005-09-19,361.0,22.0,0.639,False,False,False,
2005-09-20,365.0,25.0,0.7131,False,False,False,
2005-09-21,375.0,37.0,1.0194,False,False,False,
2005-09-22,381.0,43.0,1.1665,False,False,False,
2005-09-23,371.0,37.0,1.0027,False,False,False,
2005-09-26,365.0,28.0,0.7636,False,False,False,
2005-09-27,366.0,18.0,0.5004,False,False,False,
2005-09-28,369.0,3.0,0.1095,False,False,False,
2005-09-29,367.0,-3.0,-0.0467,False,False,False,
2005-09-30,354.0,-16.0,-0.3841,False,False,False,
2005-10-03,347.0,-23.0,-0.5641,False,False,False,
2005-10-04,348.0,-16.0,-0.3819,False,False,False,
2005-10-05,351.0,-10.0,-0.2258,False,False,False,
2005-10-06,355.0,-4.0,-0.07,False,False,False,
2005-10-07,359.0,0.0,0.0339,False,False,False,
2005-10-10,359.0,4.0,0.1373,False,False,False,
2005-10-11,366.0,8.0,0.2395,False,False,False,
2005-10-12,372.0,15.0,0.4184,False,False,False,
2005-10-13,377.0,22.0,0.5956,False,False,False,
2005-10-14,372.0,18.0,0.4876,False,False,False,
2005-10-17,361.0,0.0,0.0184,False,False,False,
2005-10-18,356.0,-9.0,-0.2158,False,False,False,
2005-10-19,360.0,-15.0,-0.3724,False,False,False,
2005-10-20,358.0,-23.0,-0.5793,False,False,False,
2005-10-21,359.0,-12.0,-0.2943,False,False,False,
2005-10-24,354.0,-11.0,-0.2705,False,False,False,
2005-10-25,349.0,-17.0,-0.4302,False,False,False,
2005-10-26,349.0,-20.0,-0.5122,False,False,False,
2005-10-27,357.0,-10.0,-0.2557,False,False,False,
2005-10-28,358.0,4.0,0.1054,False,False,False,
2005-10-31,361.0,14.0,0.3629,False,False,False,
2005-11-01,357.0,9.0,0.226,False,False,False,
2005-11-02,354.0,3.0,0.0621,False,False,False,
2005-11-03,348.0,-7.0,-0.2095,False,False,False,
2005-11-04,348.0,-11.0,-0.3209,False,False,False,
2005-11-07,349.0,-10.0,-0.2993,False,False,False,
2005-11-08,355.0,-11.0,-0.3323,False,False,False,
2005-11-09,350.0,-22.0,-0.6331,False,False,False,
2005-11-10,357.0,-20.0,-0.5823,False,False,False,
2005-11-11,356.0,-16.0,-0.4774,False,False,False,
2005-11-14,358.0,-3.0,-0.1286,False,False,False,
2005-11-15,362.0,6.0,0.1105,False,False,False,
2005-11-16,372.0,12.0,0.2688,False,False,False,
2005-11-17,378.0,20.0,0.4823,False,False,False,
2005-11-18,369.0,10.0,0.2039,False,False,False,
2005-11-21,371.0,17.0,0.3915,False,False,False,
2005-11-22,374.0,25.0,0.6074,False,False,False,
2005-11-23,369.0,20.0,0.4669,False,False,False,
2005-11-24,369.0,12.0,0.2447,False,False,False,
2005-11-25,372.0,14.0,0.2977,False,False,False,
2005-11-28,371.0,10.0,0.1858,False,False,False,
2005-11-29,361.0,4.0,0.019,False,False,False,
2005-11-30,367.0,13.0,0.2636,False,False,False,
2005-12-01,362.0,14.0,0.2884,False,False,False,
2005-12-02,363.0,15.0,0.3126,False,False,False,
2005-12-05,362.0,13.0,0.2539,False,False,False,
2005-12-06,368.0,13.0,0.251,False,False,False,
2005-12-07,366.0,16.0,0.3299,False,False,False,
2005-12-08,370.0,13.0,0.2444,False,False,False,
2005-12-09,360.0,4.0,-0.0057,False,False,False,
2005-12-12,359.0,1.0,-0.0904,False,False,False,
2005-12-13,360.0,-2.0,-0.1748,False,False,False,
2005-12-14,366.0,-6.0,-0.2861,False,False,False,
2005-12-15,364.0,-14.0,-0.5081,False,False,False,
2005-12-16,365.0,-4.0,-0.2332,False,False,False,
2005-12-19,366.0,-5.0,-0.2606,False,False,False,
2005-12-20,365.0,-9.0,-0.3718,False,False,False,
2005-12-21,361.0,-8.0,-0.3463,False,False,False,
2005-12-22,366.0,-3.0,-0.2092,False,False,False,
2005-12-23,371.0,-1.0,-0.1553,False,False,False,
2005-12-27,373.0,2.0,-0.0736,False,False,False,
2005-12-28,369.0,8.0,0.0911,False,False,False,
2005-12-29,368.0,1.0,-0.1026,False,False,False,
2005-12-30,365.0,3.0,-0.047,False,False,False,
2005-12-31,371.0,8.0,0.0918,False,False,False,
2006-01-03,373.0,11.0,0.1755,False,False,False,
2006-01-04,369.0,1.0,-0.1003,False,False,False,
2006-01-05,364.0,-2.0,-0.1812,False,False,False,
2006-01-06,356.0,-14.0,-0.5105,False,False,False,
2006-01-09,351.0,-9.0,-0.368,False,False,False,
2006-01-10,350.0,-9.0,-0.3638,False,False,False,
2006-01-11,347.0,-13.0,-0.4699,False,False,False,
2006-01-12,353.0,-13.0,-0.4655,False,False,False,
2006-01-13,362.0,-2.0,-0.1559,False,False,False,
2006-01-16,360.0,-5.0,-0.2364,False,False,False,
2006-01-17,364.0,-2.0,-0.1507,False,False,False,
2006-01-18,364.0,-1.0,-0.1202,False,False,False,
2006-01-19,358.0,-3.0,-0.1726,False,False,False,
2006-01-20,360.0,-6.0,-0.254,False,False,False,
2006-01-23,359.0,-12.0,-0.4194,False,False,False,
2006-01-24,354.0,-19.0,-0.611,False,False,False,
2006-01-25,344.0,-25.0,-0.774,False,False,False,
2006-01-26,342.0,-26.0,-0.7986,False,False,False,
2006-01-27,340.0,-25.0,-0.7669,False,False,False,
2006-01-30,334.0,-37.0,-1.0948,False,False,False,
2006-01-31,342.0,-31.0,-0.9247,False,False,False,
2006-02-01,335.0,-34.0,-1.0034,False,False,False,
2006-02-02,335.0,-29.0,-0.8632,False,False,False,
2006-02-03,338.0,-18.0,-0.5604,False,False,False,
2006-02-06,338.0,-13.0,-0.4252,False,False,False,
2006-02-07,339.0,-11.0,-0.3746,False,False,False,
2006-02-08,338.0,-9.0,-0.3239,False,False,False,
2006-02-09,338.0,-15.0,-0.4944,False,False,False,
2006-02-10,335.0,-27.0,-0.8307,False,False,False,
2006-02-13,337.0,-23.0,-0.7212,False,False,False,
2006-02-14,336.0,-28.0,-0.864,False,False,False,
2006-02-15,332.0,-32.0,-0.9794,False,False,False,
2006-02-16,329.0,-29.0,-0.8988,False,False,False,
2006-02-17,330.0,-30.0,-0.9282,False,False,False,
2006-02-20,330.0,-29.0,-0.9007,False,False,False,
2006-02-21,329.0,-25.0,-0.7896,False,False,False,
2006-02-22,331.0,-13.0,-0.4549,False,False,False,
2006-02-23,327.0,-15.0,-0.5151,False,False,False,
2006-02-24,328.0,-12.0,-0.4365,False,False,False,
2006-02-27,328.0,-6.0,-0.2703,False,False,False,
2006-02-28,337.0,-5.0,-0.2464,False,False,False,
2006-03-01,333.0,-2.0,-0.1647,False,False,False,
2006-03-02,332.0,-3.0,-0.1966,False,False,False,
2006-03-03,329.0,-9.0,-0.3688,False,False,False,
2006-03-06,326.0,-12.0,-0.4532,False,False,False,
2006-03-07,330.0,-9.0,-0.3655,False,False,False,
2006-03-08,331.0,-7.0,-0.3057,False,False,False,
2006-03-09,332.0,-6.0,-0.2745,False,False,False,
2006-03-10,330.0,-5.0,-0.2425,False,False,False,
2006-03-13,327.0,-10.0,-0.3817,False,False,False,
2006-03-14,334.0,-2.0,-0.1482,False,False,False,
2006-03-15,329.0,-3.0,-0.172,False,False,False,
2006-03-16,334.0,5.0,0.065,False,False,False,
2006-03-17,331.0,1.0,-0.0435,False,False,False,
2006-03-20,330.0,0.0,-0.0649,False,False,False,
2006-03-21,321.0,-8.0,-0.2934,False,False,False,
2006-03-22,320.0,-11.0,-0.3758,False,False,False,
2006-03-23,318.0,-9.0,-0.309,False,False,False,
2006-03-24,323.0,-5.0,-0.1809,False,False,False,
2006-03-27,319.0,-9.0,-0.2961,False,False,False,
2006-03-28,312.0,-25.0,-0.7814,False,False,False,
2006-03-29,314.0,-19.0,-0.5906,False,False,False,
2006-03-30,311.0,-21.0,-0.6487,False,False,False,
2006-03-31,313.0,-16.0,-0.4844,False,False,False,
2006-04-03,309.0,-17.0,-0.5115,False,False,False,
2006-04-04,310.0,-20.0,-0.6071,False,False,False,
2006-04-05,313.0,-18.0,-0.536,False,False,False,
2006-04-06,312.0,-20.0,-0.6004,False,False,False,
2006-04-07,306.0,-24.0,-0.7341,False,False,False,
2006-04-10,310.0,-17.0,-0.4829,False,False,False,
2006-04-11,311.0,-23.0,-0.6912,False,False,False,
2006-04-12,306.0,-23.0,-0.6864,False,False,False,
2006-04-13,305.0,-29.0,-0.9008,False,False,False,
2006-04-17,308.0,-23.0,-0.6758,False,False,False,
2006-04-18,311.0,-19.0,-0.5213,False,False,False,
2006-04-19,307.0,-14.0,-0.3262,False,False,False,
2006-04-20,304.0,-16.0,-0.3956,False,False,False,
2006-04-21,304.0,-14.0,-0.311,False,False,False,
2006-04-24,306.0,-17.0,-0.4223,False,False,False,
2006-04-25,298.0,-21.0,-0.5784,False,False,False,
2006-04-26,297.0,-15.0,-0.327,False,False,False,
2006-04-27,300.0,-14.0,-0.2785,False,False,False,
2006-04-28,300.0,-11.0,-0.1447,False,False,False,
2006-04-30,304.0,-9.0,-0.0513,False,False,False,
2006-05-01,296.0,-13.0,-0.215,False,False,False,
2006-05-02,297.0,-13.0,-0.2076,False,False,False,
2006-05-03,294.0,-19.0,-0.4619,False,False,False,
2006-05-04,293.0,-19.0,-0.4565,False,False,False,
2006-05-05,296.0,-10.0,-0.0395,False,False,False,
2006-05-08,294.0,-16.0,-0.3083,False,False,False,
2006-05-09,292.0,-19.0,-0.4426,False,False,False,
2006-05-10,290.0,-16.0,-0.2931,False,False,False,
2006-05-11,288.0,-17.0,-0.3349,False,False,False,
2006-05-12,288.0,-20.0,-0.4756,False,False,False,
2006-05-15,292.0,-19.0,-0.4252,False,False,False,
2006-05-16,299.0,-8.0,0.1028,False,False,False,
2006-05-17,303.0,-1.0,0.4372,False,False,False,
2006-05-18,309.0,5.0,0.7247,False,False,False,
2006-05-19,308.0,2.0,0.5801,False,False,False,
2006-05-22,315.0,17.0,1.2919,False,False,False,
2006-05-23,312.0,15.0,1.1868,False,False,False,
2006-05-24,318.0,18.0,1.3212,False,False,False,
2006-05-25,313.0,13.0,1.0753,False,False,False,
2006-05-26,312.0,8.0,0.831,False,False,False,
2006-05-29,312.0,16.0,1.2015,False,False,False,
2006-05-30,310.0,13.0,1.0523,False,False,False,
2006-05-31,312.0,18.0,1.2875,False,False,False,
2006-06-01,313.0,20.0,1.3882,False,False,False,
2006-06-02,322.0,26.0,1.6908,False,False,False,
2006-06-05,319.0,25.0,1.6357,False,False,False,
2006-06-06,324.0,32.0,1.9739,False,False,False,
2006-06-07,322.0,32.0,1.9593,False,False,False,
2006-06-08,326.0,38.0,2.2388,False,False,False,
2006-06-09,327.0,39.0,2.2569,False,False,False,
2006-06-12,325.0,33.0,1.9352,False,False,False,
2006-06-13,332.0,33.0,1.9129,False,False,False,
2006-06-14,332.0,29.0,1.7002,False,False,False,
2006-06-15,329.0,20.0,1.2512,False,False,False,
2006-06-16,326.0,18.0,1.145,False,False,False,
2006-06-19,325.0,10.0,0.7499,False,False,False,
2006-06-20,328.0,16.0,1.0342,False,False,False,
2006-06-21,334.0,16.0,1.026,False,False,False,
2006-06-22,332.0,19.0,1.1624,False,False,False,
2006-06-23,331.0,19.0,1.153,False,False,False,
2006-06-26,334.0,22.0,1.2876,False,False,False,
2006-06-27,336.0,26.0,1.4679,False,False,False,
2006-06-28,333.0,21.0,1.2165,False,False,False,
2006-06-29,333.0,20.0,1.1591,False,False,False,
2006-06-30,335.0,13.0,0.8144,False,False,False,
2006-07-03,333.0,14.0,0.8561,False,False,False,
2006-07-04,333.0,9.0,0.6074,False,False,False,
2006-07-05,327.0,5.0,0.4061,False,False,False,
2006-07-06,331.0,5.0,0.3999,False,False,False,
2006-07-07,333.0,6.0,0.4429,False,False,False,
2006-07-10,330.0,5.0,0.3864,False,False,False,
2006-07-11,333.0,1.0,0.1761,False,False,False,
2006-07-12,332.0,0.0,0.1149,False,False,False,
2006-07-13,339.0,10.0,0.6298,False,False,False,
2006-07-14,344.0,18.0,1.0478,False,False,False,
2006-07-17,342.0,17.0,0.9924,False,False,False,
2006-07-18,337.0,9.0,0.5562,False,False,False,
2006-07-19,342.0,8.0,0.4956,False,False,False,
2006-07-20,343.0,11.0,0.6558,False,False,False,
2006-07-21,341.0,10.0,0.5949,False,False,False,
2006-07-24,341.0,7.0,0.4192,False,False,False,
2006-07-25,338.0,2.0,0.126,False,False,False,
2006-07-26,338.0,5.0,0.2923,False,False,False,
2006-07-27,336.0,3.0,0.1709,False,False,False,
2006-07-28,340.0,5.0,0.2826,False,False,False,
2006-07-31,345.0,12.0,0.6851,False,False,False,
2006-08-01,344.0,11.0,0.6225,False,False,False,
2006-08-02,342.0,15.0,0.8515,False,False,False,
2006-08-03,342.0,11.0,0.6144,False,False,False,
2006-08-04,344.0,11.0,0.6109,False,False,False,
2006-08-07,342.0,12.0,0.666,False,False,False,
2006-08-08,341.0,8.0,0.432,False,False,False,
2006-08-09,341.0,9.0,0.4885,False,False,False,
2006-08-10,342.0,3.0,0.1403,False,False,False,
2006-08-11,339.0,-5.0,-0.3211,False,False,False,
2006-08-14,336.0,-6.0,-0.3766,False,False,False,
2006-08-15,339.0,2.0,0.0907,False,False,False,
2006-08-16,342.0,0.0,-0.0247,False,False,False,
2006-08-17,338.0,-5.0,-0.3124,False,False,False,
2006-08-18,341.0,0.0,-0.0173,False,False,False,
2006-08-21,343.0,2.0,0.1075,False,False,False,
2006-08-22,343.0,5.0,0.2946,False,False,False,
2006-08-23,343.0,5.0,0.3067,False,False,False,
2006-08-24,343.0,7.0,0.4391,False,False,False,
2006-08-25,344.0,4.0,0.2654,False,False,False,
2006-08-28,341.0,-4.0,-0.2171,False,False,False,
2006-08-29,341.0,-3.0,-0.15,False,False,False,
2006-08-30,342.0,0.0,0.0396,False,False,False,
2006-08-31,349.0,7.0,0.4767,False,False,False,
2006-09-01,349.0,5.0,0.3563,False,False,False,
2006-09-04,349.0,7.0,0.4852,False,False,False,
2006-09-05,343.0,2.0,0.1767,False,False,False,
2006-09-06,340.0,-1.0,-0.0067,False,False,False,
2006-09-07,341.0,-1.0,-0.001,False,False,False,
2006-09-08,342.0,3.0,0.2572,False,False,False,
2006-09-11,339.0,3.0,0.2688,False,False,False,
2006-09-12,340.0,1.0,0.1541,False,False,False,
2006-09-13,338.0,-4.0,-0.1621,False,False,False,
2006-09-14,335.0,-3.0,-0.0889,False,False,False,
2006-09-15,333.0,-8.0,-0.4146,False,False,False,
2006-09-18,333.0,-10.0,-0.5439,False,False,False,
2006-09-19,340.0,-3.0,-0.0788,False,False,False,
2006-09-20,339.0,-4.0,-0.1487,False,False,False,
2006-09-21,348.0,5.0,0.4445,False,False,False,
2006-09-22,353.0,9.0,0.7057,False,False,False,
2006-09-25,355.0,14.0,1.0321,False,False,False,
2006-09-26,350.0,9.0,0.6942,False,False,False,
2006-09-27,346.0,4.0,0.3596,False,False,False,
2006-09-28,344.0,-5.0,-0.2382,False,False,False,
2006-09-29,342.0,-7.0,-0.3678,False,False,False,
2006-09-30,344.0,-5.0,-0.2296,False,False,False,
2006-10-02,344.0,1.0,0.1782,False,False,False,
2006-10-03,343.0,3.0,0.3176,False,False,False,
2006-10-04,345.0,4.0,0.3839,False,False,False,
2006-10-05,339.0,-3.0,-0.0897,False,False,False,
2006-10-06,331.0,-8.0,-0.4293,False,False,False,
2006-10-09,331.0,-9.0,-0.5024,False,False,False,
2006-10-10,327.0,-11.0,-0.6384,False,False,False,
2006-10-11,323.0,-12.0,-0.7057,False,False,False,
2006-10-12,322.0,-11.0,-0.6405,False,False,False,
2006-10-13,319.0,-14.0,-0.8471,False,False,False,
2006-10-16,318.0,-22.0,-1.3834,False,False,False,
2006-10-17,319.0,-20.0,-1.2379,False,False,False,
2006-10-18,318.0,-30.0,-1.8925,False,False,False,
2006-10-19,317.0,-36.0,-2.2629,False,False,False,
2006-10-20,317.0,-38.0,-2.3591,False,False,False,
2006-10-23,314.0,-36.0,-2.1986,False,False,False,
2006-10-24,315.0,-31.0,-1.8554,False,False,False,
2006-10-25,319.0,-25.0,-1.4569,False,False,False,
2006-10-26,321.0,-21.0,-1.1932,False,False,False,
2006-10-27,323.0,-21.0,-1.1938,False,False,False,
2006-10-30,321.0,-23.0,-1.3208,False,False,False,
2006-10-31,329.0,-14.0,-0.7417,False,False,False,
2006-11-01,330.0,-15.0,-0.8021,False,False,False,
2006-11-02,324.0,-15.0,-0.7962,False,False,False,
2006-11-03,312.0,-19.0,-1.0452,False,False,False,
2006-11-06,313.0,-18.0,-0.9735,False,False,False,
2006-11-07,314.0,-13.0,-0.6457,False,False,False,
2006-11-08,315.0,-8.0,-0.3178,False,False,False,
2006-11-09,313.0,-9.0,-0.3762,False,False,False,
2006-11-10,315.0,-4.0,-0.0446,False,False,False,
2006-11-13,312.0,-6.0,-0.1711,False,False,False,
2006-11-14,313.0,-6.0,-0.1663,False,False,False,
2006-11-15,305.0,-13.0,-0.6208,False,False,False,
2006-11-16,299.0,-18.0,-0.9426,False,False,False,
2006-11-17,306.0,-11.0,-0.4776,False,False,False,
2006-11-20,307.0,-7.0,-0.2094,False,False,False,
2006-11-21,313.0,-2.0,0.1253,False,False,False,
2006-11-22,314.0,-5.0,-0.0687,False,False,False,
2006-11-23,314.0,-7.0,-0.1966,False,False,False,
2006-11-24,315.0,-8.0,-0.2577,False,False,False,
2006-11-27,317.0,-4.0,0.0138,False,False,False,
2006-11-28,322.0,-7.0,-0.1841,False,False,False,
2006-11-29,315.0,-15.0,-0.7148,False,False,False,
2006-11-30,320.0,-4.0,0.0215,False,False,False,
2006-12-01,321.0,9.0,0.8858,False,False,False,
2006-12-04,320.0,7.0,0.7464,False,False,False,
2006-12-05,314.0,0.0,0.2779,False,False,False,
2006-12-06,307.0,-8.0,-0.2554,False,False,False,
2006-12-07,305.0,-8.0,-0.2556,False,False,False,
2006-12-08,300.0,-15.0,-0.7205,False,False,False,
2006-12-11,302.0,-10.0,-0.385,False,False,False,
2006-12-12,306.0,-7.0,-0.1834,False,False,False,
2006-12-13,300.0,-5.0,-0.0482,False,False,False,
2006-12-14,300.0,1.0,0.3543,False,False,False,
2006-12-15,298.0,-8.0,-0.2444,False,False,False,
2006-12-18,299.0,-8.0,-0.2415,False,False,False,
2006-12-19,298.0,-15.0,-0.7034,False,False,False,
2006-12-20,297.0,-17.0,-0.8303,False,False,False,
2006-12-21,299.0,-15.0,-0.6918,False,False,False,
2006-12-22,293.0,-22.0,-1.1514,False,False,False,
2006-12-26,293.0,-24.0,-1.2788,False,False,False,
2006-12-27,287.0,-35.0,-1.9879,False,False,False,
2006-12-28,283.0,-32.0,-1.7729,False,False,False,
2006-12-29,282.0,-38.0,-2.1412,False,False,False,
2006-12-31,289.0,-32.0,-1.7366,False,False,False,
2007-01-02,291.0,-29.0,-1.5286,False,False,False,
2007-01-03,291.0,-23.0,-1.135,False,False,False,
2007-01-04,295.0,-12.0,-0.4263,False,False,False,
2007-01-05,293.0,-12.0,-0.4234,False,False,False,
2007-01-08,292.0,-8.0,-0.1655,False,False,False,
2007-01-09,289.0,-13.0,-0.4843,False,False,False,
2007-01-10,287.0,-19.0,-0.8662,False,False,False,
2007-01-11,282.0,-18.0,-0.8026,False,False,False,
2007-01-12,280.0,-20.0,-0.9333,False,False,False,
2007-01-15,279.0,-19.0,-0.8726,False,False,False,
2007-01-16,278.0,-21.0,-1.0034,False,False,False,
2007-01-17,272.0,-26.0,-1.3343,False,False,False,
2007-01-18,273.0,-24.0,-1.2099,False,False,False,
2007-01-19,270.0,-29.0,-1.5387,False,False,False,
2007-01-22,269.0,-24.0,-1.2173,False,False,False,
2007-01-23,265.0,-28.0,-1.4707,False,False,False,
2007-01-24,263.0,-24.0,-1.2054,False,False,False,
2007-01-25,257.0,-26.0,-1.3267,False,False,False,
2007-01-26,259.0,-23.0,-1.1267,False,False,False,
2007-01-29,258.0,-31.0,-1.6301,False,False,False,
2007-01-30,262.0,-29.0,-1.5004,False,False,False,
2007-01-31,272.0,-19.0,-0.862,False,False,False,
2007-02-01,266.0,-29.0,-1.5021,False,False,False,
2007-02-02,267.0,-26.0,-1.3144,False,False,False,
2007-02-05,267.0,-25.0,-1.253,False,False,False,
2007-02-06,267.0,-22.0,-1.065,False,False,False,
2007-02-07,265.0,-22.0,-1.0693,False,False,False,
2007-02-08,265.0,-17.0,-0.7497,False,False,False,
2007-02-09,259.0,-21.0,-1.0052,False,False,False,
2007-02-12,259.0,-20.0,-0.9383,False,False,False,
2007-02-13,258.0,-20.0,-0.9349,False,False,False,
2007-02-14,262.0,-10.0,-0.2887,False,False,False,
2007-02-15,259.0,-14.0,-0.5441,False,False,False,
2007-02-16,257.0,-13.0,-0.4767,False,False,False,
2007-02-19,257.0,-12.0,-0.4098,False,False,False,
2007-02-20,257.0,-8.0,-0.1524,False,False,False,
2007-02-21,253.0,-10.0,-0.2818,False,False,False,
2007-02-22,249.0,-8.0,-0.1532,False,False,False,
2007-02-23,255.0,-4.0,0.1038,False,False,False,
2007-02-26,258.0,0.0,0.36,False,False,False,
2007-02-27,279.0,17.0,1.4435,False,False,False,
2007-02-28,282.0,10.0,0.9875,False,False,False,
2007-03-01,283.0,17.0,1.4253,False,False,False,
2007-03-02,291.0,24.0,1.8522,False,False,False,
2007-03-05,299.0,32.0,2.3285,False,False,False,
2007-03-06,294.0,27.0,1.9931,False,False,False,
2007-03-07,291.0,26.0,1.9107,False,False,False,
2007-03-08,285.0,20.0,1.5261,False,False,False,
2007-03-09,275.0,16.0,1.2697,False,False,False,
2007-03-12,280.0,21.0,1.5616,False,False,False,
2007-03-13,292.0,34.0,2.3201,False,False,False,
2007-03-14,294.0,32.0,2.1692,False,False,False,
2007-03-15,288.0,29.0,1.9677,False,False,False,
2007-03-16,288.0,31.0,2.0605,False,False,False,
2007-03-19,285.0,28.0,1.8624,False,False,False,
2007-03-20,288.0,31.0,2.0135,False,False,False,
2007-03-21,291.0,38.0,2.385,False,False,False,
2007-03-22,281.0,32.0,2.0135,False,False,False,
2007-03-23,279.0,24.0,1.5393,False,False,False,
2007-03-26,282.0,24.0,1.5251,False,False,False,
2007-03-27,281.0,2.0,0.2638,False,False,False,
2007-03-28,284.0,2.0,0.2598,False,False,False,
2007-03-29,282.0,-1.0,0.083,False,False,False,
2007-03-30,280.0,-11.0,-0.4957,False,False,False,
2007-03-31,285.0,-14.0,-0.6746,False,False,False,
2007-04-02,286.0,-8.0,-0.3319,False,False,False,
2007-04-03,283.0,-8.0,-0.3349,False,False,False,
2007-04-04,287.0,2.0,0.2425,False,False,False,
2007-04-05,284.0,9.0,0.644,False,False,False,
2007-04-09,276.0,-4.0,-0.1146,False,False,False,
2007-04-10,278.0,-14.0,-0.6979,False,False,False,
2007-04-11,275.0,-19.0,-0.9901,False,False,False,
2007-04-12,275.0,-13.0,-0.6411,False,False,False,
2007-04-13,271.0,-17.0,-0.8731,False,False,False,
2007-04-16,270.0,-15.0,-0.7552,False,False,False,
2007-04-17,272.0,-16.0,-0.811,False,False,False,
2007-04-18,273.0,-18.0,-0.9254,False,False,False,
2007-04-19,271.0,-10.0,-0.4612,False,False,False,
2007-04-20,268.0,-11.0,-0.522,False,False,False,
2007-04-23,268.0,-14.0,-0.6985,False,False,False,
2007-04-24,270.0,-11.0,-0.5233,False,False,False,
2007-04-25,267.0,-17.0,-0.8726,False,False,False,
2007-04-26,263.0,-19.0,-0.9891,False,False,False,
2007-04-27,263.0,-17.0,-0.8722,False,False,False,
2007-04-30,274.0,-11.0,-0.5246,False,False,False,
2007-05-01,274.0,-12.0,-0.5856,False,False,False,
2007-05-02,272.0,-11.0,-0.5298,False,False,False,
2007-05-03,267.0,-20.0,-1.0513,False,False,False,
2007-05-04,270.0,-14.0,-0.6974,False,False,False,
2007-05-07,269.0,-7.0,-0.2865,False,False,False,
2007-05-08,269.0,-9.0,-0.4005,False,False,False,
2007-05-09,264.0,-11.0,-0.5117,False,False,False,
2007-05-10,265.0,-10.0,-0.4482,False,False,False,
2007-05-11,263.0,-8.0,-0.326,False,False,False,
2007-05-14,261.0,-9.0,-0.38,False,False,False,
2007-05-15,257.0,-15.0,-0.727,False,False,False,
2007-05-16,258.0,-15.0,-0.7207,False,False,False,
2007-05-17,255.0,-16.0,-0.7732,False,False,False,
2007-05-18,251.0,-17.0,-0.8252,False,False,False,
2007-05-21,250.0,-18.0,-0.8772,False,False,False,
2007-05-22,246.0,-24.0,-1.2235,False,False,False,
2007-05-23,244.0,-23.0,-1.1564,False,False,False,
2007-05-24,245.0,-18.0,-0.8539,False,False,False,
2007-05-25,245.0,-18.0,-0.8486,False,False,False,
2007-05-29,242.0,-32.0,-1.6888,False,False,False,
2007-05-30,244.0,-30.0,-1.5648,False,False,False,
2007-05-31,246.0,-26.0,-1.3145,False,False,False,
2007-06-01,241.0,-26.0,-1.3099,False,False,False,
2007-06-04,244.0,-26.0,-1.3036,False,False,False,
2007-06-05,241.0,-28.0,-1.4182,False,False,False,
2007-06-06,248.0,-21.0,-0.9723,False,False,False,
2007-06-07,248.0,-16.0,-0.6524,False,False,False,
2007-06-08,251.0,-14.0,-0.5209,False,False,False,
2007-06-11,250.0,-13.0,-0.452,False,False,False,
2007-06-12,249.0,-12.0,-0.3828,False,False,False,
2007-06-13,253.0,-4.0,0.1324,False,False,False,
2007-06-14,249.0,-9.0,-0.1804,False,False,False,
2007-06-15,251.0,-4.0,0.1501,False,False,False,
2007-06-18,252.0,1.0,0.4824,False,False,False,
2007-06-19,260.0,10.0,1.0762,False,False,False,
2007-06-20,259.0,13.0,1.2726,False,False,False,
2007-06-21,266.0,22.0,1.8538,False,False,False,
2007-06-22,269.0,24.0,1.969,False,False,False,
2007-06-25,280.0,35.0,2.6404,False,False,False,
2007-06-26,279.0,37.0,2.722,False,False,False,
2007-06-27,288.0,44.0,3.0971,False,False,False,
2007-06-28,283.0,37.0,2.6208,False,False,False,
2007-06-29,289.0,48.0,3.2153,False,False,False,
2007-06-30,298.0,54.0,3.4758,False,False,False,
2007-07-02,303.0,62.0,3.8214,False,False,False,
2007-07-03,299.0,51.0,3.1361,False,False,False,
2007-07-04,299.0,51.0,3.0781,False,False,False,
2007-07-05,292.0,41.0,2.4923,False,False,False,
2007-07-06,290.0,40.0,2.4051,False,False,False,
2007-07-09,293.0,44.0,2.5819,False,False,False,
2007-07-10,312.0,59.0,3.2989,False,False,False,
2007-07-11,316.0,67.0,3.6079,False,False,False,
2007-07-12,308.0,57.0,3.0328,False,False,False,
2007-07-13,306.0,54.0,2.8285,False,False,False,
2007-07-16,307.0,47.0,2.4475,False,False,False,
2007-07-17,305.0,46.0,2.3651,False,False,False,
2007-07-18,320.0,54.0,2.7029,False,False,False,
2007-07-19,320.0,51.0,2.5232,False,False,False,
2007-07-20,337.0,57.0,2.7567,False,False,False,
2007-07-23,344.0,65.0,3.0587,False,False,False,
2007-07-24,361.0,73.0,3.335,False,False,False,
2007-07-25,371.0,88.0,3.8671,False,False,False,
2007-07-26,413.0,124.0,5.1052,False,True,True,
2007-07-27,428.0,130.0,5.052,False,True,True,
2007-07-30,424.0,121.0,4.4942,False,True,True,
2007-07-31,419.0,120.0,4.274,False,True,True,
2007-08-01,428.0,129.0,4.395,False,True,True,
2007-08-02,418.0,126.0,4.1275,False,True,True,
2007-08-03,424.0,134.0,4.2154,False,True,True,
2007-08-06,428.0,135.0,4.0862,False,True,True,
2007-08-07,420.0,108.0,3.178,False,True,True,
2007-08-08,393.0,77.0,2.2147,False,False,False,
2007-08-09,404.0,96.0,2.7282,False,True,True,
2007-08-10,412.0,106.0,2.9567,False,True,True,
2007-08-13,408.0,101.0,2.7589,False,True,True,
2007-08-14,416.0,111.0,2.9764,False,True,True,
2007-08-15,427.0,107.0,2.8077,False,True,True,
2007-08-16,459.0,139.0,3.5751,False,True,True,
2007-08-17,448.0,111.0,2.7717,False,True,True,
2007-08-20,450.0,106.0,2.5943,False,True,True,
2007-08-21,453.0,92.0,2.2004,False,True,True,
2007-08-22,442.0,71.0,1.6453,False,True,True,
2007-08-23,434.0,21.0,0.3655,False,False,False,
2007-08-24,429.0,1.0,-0.1457,False,False,False,
2007-08-27,430.0,6.0,-0.0187,False,False,False,
2007-08-28,444.0,25.0,0.4644,False,False,False,
2007-08-29,443.0,15.0,0.2078,False,False,False,
2007-08-30,448.0,30.0,0.5876,False,False,False,
2007-08-31,455.0,31.0,0.6092,False,False,False,
2007-09-03,455.0,27.0,0.5039,False,False,False,
2007-09-04,453.0,33.0,0.6524,False,False,False,
2007-09-05,460.0,67.0,1.5048,False,True,True,
2007-09-06,456.0,52.0,1.116,False,True,True,
2007-09-07,473.0,61.0,1.3328,False,True,True,
2007-09-10,479.0,71.0,1.5708,False,True,True,
2007-09-11,474.0,58.0,1.2357,False,True,True,
2007-09-12,469.0,42.0,0.8312,False,False,False,
2007-09-13,457.0,-2.0,-0.2676,False,False,False,
2007-09-14,458.0,10.0,0.0317,False,False,False,
2007-09-17,452.0,2.0,-0.169,False,False,False,
2007-09-18,446.0,-7.0,-0.394,False,False,False,
2007-09-19,430.0,-12.0,-0.5181,False,False,False,
2007-09-20,421.0,-13.0,-0.5414,False,False,False,
2007-09-21,416.0,-13.0,-0.5396,False,False,False,
2007-09-24,410.0,-20.0,-0.7113,False,False,False,
2007-09-25,417.0,-27.0,-0.8822,False,False,False,
2007-09-26,414.0,-29.0,-0.9287,False,False,False,
2007-09-27,415.0,-33.0,-1.024,False,False,False,
2007-09-28,416.0,-39.0,-1.1676,False,False,False,
2007-09-30,420.0,-35.0,-1.0644,False,False,False,
2007-10-01,419.0,-34.0,-1.0356,False,False,False,
2007-10-02,420.0,-40.0,-1.1786,False,False,False,
2007-10-03,416.0,-40.0,-1.1748,False,False,False,
2007-10-04,415.0,-58.0,-1.6069,False,False,False,
2007-10-05,402.0,-77.0,-2.0536,False,False,False,
2007-10-08,402.0,-72.0,-1.9186,False,False,False,
2007-10-09,395.0,-74.0,-1.9532,False,False,False,
2007-10-10,391.0,-66.0,-1.7507,False,False,False,
2007-10-11,386.0,-72.0,-1.8804,False,False,False,
2007-10-12,383.0,-69.0,-1.7951,False,False,False,
2007-10-15,381.0,-65.0,-1.6878,False,False,False,
2007-10-16,391.0,-39.0,-1.071,False,False,False,
2007-10-17,407.0,-14.0,-0.483,False,False,False,
2007-10-18,420.0,4.0,-0.0603,False,False,False,
2007-10-19,436.0,26.0,0.4549,False,False,False,
2007-10-22,439.0,22.0,0.3571,False,False,False,
2007-10-23,434.0,20.0,0.3065,False,False,False,
2007-10-24,442.0,27.0,0.4676,False,False,False,
2007-10-25,440.0,24.0,0.3934,False,False,False,
2007-10-26,439.0,19.0,0.2728,False,False,False,
2007-10-29,438.0,19.0,0.2702,False,False,False,
2007-10-30,438.0,18.0,0.2445,False,False,False,
2007-10-31,436.0,20.0,0.2893,False,False,False,
2007-11-01,453.0,38.0,0.7099,False,False,False,
2007-11-02,465.0,63.0,1.2894,False,True,True,
2007-11-05,469.0,67.0,1.3715,False,True,True,
2007-11-06,466.0,71.0,1.4521,False,True,True,
2007-11-07,476.0,85.0,1.7604,False,True,True,
2007-11-08,491.0,105.0,2.1943,False,True,True,
2007-11-09,502.0,119.0,2.4749,False,True,True,
2007-11-12,502.0,121.0,2.4786,False,True,True,
2007-11-13,507.0,116.0,2.3303,False,True,True,
2007-11-14,504.0,97.0,1.8859,False,True,True,
2007-11-15,525.0,105.0,2.0363,False,True,True,
2007-11-16,537.0,101.0,1.9255,False,True,True,
2007-11-19,561.0,122.0,2.3458,False,True,True,
2007-11-20,571.0,137.0,2.6209,False,True,True,
2007-11-21,587.0,145.0,2.7372,False,True,True,
2007-11-22,587.0,147.0,2.7258,False,True,True,
2007-11-23,580.0,141.0,2.5571,False,True,True,
2007-11-26,592.0,154.0,2.7663,False,True,True,
2007-11-27,588.0,150.0,2.6376,False,True,True,
2007-11-28,573.0,137.0,2.3443,False,True,True,
2007-11-29,573.0,120.0,1.9871,False,True,True,
2007-11-30,575.0,110.0,1.7736,False,True,True,
2007-12-03,582.0,113.0,1.8113,False,True,True,
2007-12-04,589.0,123.0,1.9784,False,True,True,
2007-12-05,586.0,110.0,1.7129,False,True,True,
2007-12-06,578.0,87.0,1.267,False,True,True,
2007-12-07,563.0,61.0,0.7701,False,False,False,
2007-12-10,555.0,53.0,0.6141,False,False,False,
2007-12-11,568.0,61.0,0.759,False,False,False,
2007-12-12,561.0,57.0,0.6778,False,False,False,
2007-12-13,558.0,33.0,0.2198,False,False,False,
2007-12-14,554.0,17.0,-0.0869,False,False,False,
2007-12-17,558.0,-3.0,-0.4699,False,False,False,
2007-12-18,566.0,-5.0,-0.5108,False,False,False,
2007-12-19,571.0,-16.0,-0.7218,False,False,False,
2007-12-20,579.0,-8.0,-0.571,False,False,False,
2007-12-21,568.0,-12.0,-0.6473,False,False,False,
2007-12-24,565.0,-27.0,-0.9313,False,False,False,
2007-12-26,559.0,-29.0,-0.9667,False,False,False,
2007-12-27,564.0,-9.0,-0.5865,False,False,False,
2007-12-28,573.0,0.0,-0.417,False,False,False,
2007-12-31,592.0,17.0,-0.0959,False,False,False,
2008-01-02,610.0,28.0,0.1104,False,False,False,
2008-01-03,617.0,28.0,0.107,False,False,False,
2008-01-04,636.0,50.0,0.5226,False,False,False,
2008-01-07,645.0,67.0,0.8411,False,False,False,
2008-01-08,651.0,88.0,1.2328,False,True,True,
2008-01-09,673.0,118.0,1.7872,False,True,True,
2008-01-10,663.0,95.0,1.338,False,True,True,
2008-01-11,668.0,107.0,1.5513,False,True,True,
2008-01-14,666.0,108.0,1.5554,False,True,True,
2008-01-15,674.0,120.0,1.7634,False,True,True,
2008-01-16,683.0,125.0,1.837,False,True,True,
2008-01-17,699.0,133.0,1.9637,False,True,True,
2008-01-18,704.0,133.0,1.9413,False,True,True,
2008-01-21,705.0,126.0,1.7922,False,True,True,
2008-01-22,739.0,171.0,2.577,False,True,True,
2008-01-23,748.0,183.0,2.7438,False,True,True,
2008-01-24,712.0,153.0,2.1756,False,True,True,
2008-01-25,699.0,135.0,1.8344,False,True,True,
2008-01-28,703.0,130.0,1.7277,False,True,True,
2008-01-29,685.0,93.0,1.0655,False,True,True,
2008-01-30,678.0,68.0,0.6186,False,False,False,
2008-01-31,695.0,78.0,0.7888,False,False,False,
2008-02-01,696.0,60.0,0.4656,False,False,False,
2008-02-04,692.0,47.0,0.2317,False,False,False,
2008-02-05,706.0,55.0,0.369,False,False,False,
2008-02-06,709.0,36.0,0.0285,False,False,False,
2008-02-07,710.0,47.0,0.2201,False,False,False,
2008-02-08,725.0,57.0,0.3937,False,False,False,
2008-02-11,737.0,71.0,0.6376,False,False,False,
2008-02-12,737.0,63.0,0.4904,False,False,False,
2008-02-13,738.0,55.0,0.3439,False,False,False,
2008-02-14,725.0,26.0,-0.1755,False,False,False,
2008-02-15,730.0,26.0,-0.1762,False,False,False,
2008-02-18,730.0,25.0,-0.1952,False,False,False,
2008-02-19,725.0,-14.0,-0.8885,False,False,False,
2008-02-20,725.0,-23.0,-1.0435,False,False,False,
2008-02-21,735.0,23.0,-0.2239,False,False,False,
2008-02-22,735.0,36.0,0.0069,False,False,False,
2008-02-25,721.0,18.0,-0.313,False,False,False,
2008-02-26,717.0,32.0,-0.0646,False,False,False,
2008-02-27,718.0,40.0,0.0761,False,False,False,
2008-02-28,737.0,42.0,0.1102,False,False,False,
2008-02-29,767.0,71.0,0.6236,True,False,True,
2008-03-03,775.0,83.0,0.8324,True,False,True,
2008-03-04,776.0,70.0,0.5981,True,False,True,
2008-03-05,768.0,59.0,0.4006,True,False,True,
2008-03-06,779.0,69.0,0.5749,True,False,True,
2008-03-07,792.0,67.0,0.5366,True,False,True,
2008-03-10,808.0,71.0,0.6048,True,False,True,
2008-03-11,795.0,58.0,0.3725,True,False,True,
2008-03-12,813.0,75.0,0.6695,True,False,True,
2008-03-13,827.0,102.0,1.1391,True,True,True,
2008-03-14,838.0,108.0,1.2348,True,True,True,
2008-03-17,862.0,132.0,1.6409,True,True,True,
2008-03-18,839.0,114.0,1.314,True,True,True,
2008-03-19,837.0,112.0,1.2683,True,True,True,
2008-03-20,840.0,105.0,1.1368,True,True,True,
2008-03-24,807.0,72.0,0.556,True,False,True,
2008-03-25,797.0,76.0,0.6204,True,False,True,
2008-03-26,799.0,82.0,0.7196,True,False,True,
2008-03-27,794.0,76.0,0.6101,True,False,True,
2008-03-28,799.0,62.0,0.3613,True,False,True,
2008-03-31,821.0,54.0,0.2171,True,False,True,
2008-04-01,802.0,27.0,-0.2595,True,False,True,
2008-04-02,786.0,10.0,-0.5602,True,False,True,
2008-04-03,778.0,10.0,-0.5629,True,False,True,
2008-04-04,776.0,-3.0,-0.7932,True,False,True,
2008-04-07,754.0,-38.0,-1.4055,True,False,True,
2008-04-08,758.0,-50.0,-1.6094,True,False,True,
2008-04-09,771.0,-24.0,-1.1515,True,False,True,
2008-04-10,770.0,-43.0,-1.478,True,False,True,
2008-04-11,776.0,-51.0,-1.6098,True,False,True,
2008-04-14,774.0,-64.0,-1.8233,True,False,True,
2008-04-15,765.0,-97.0,-2.3672,True,False,True,
2008-04-16,746.0,-93.0,-2.2745,False,False,False,
2008-04-17,736.0,-101.0,-2.3821,False,False,False,
2008-04-18,715.0,-125.0,-2.741,False,False,False,
2008-04-21,713.0,-94.0,-2.2019,False,False,False,
2008-04-22,707.0,-90.0,-2.1146,False,False,False,
2008-04-23,705.0,-94.0,-2.1589,False,False,False,
2008-04-24,692.0,-102.0,-2.263,False,False,False,
2008-04-25,684.0,-115.0,-2.4384,False,False,False,
2008-04-28,685.0,-136.0,-2.7264,False,False,False,
2008-04-29,686.0,-116.0,-2.3812,False,False,False,
2008-04-30,686.0,-100.0,-2.1103,False,False,False,
2008-05-01,681.0,-97.0,-2.0433,False,False,False,
2008-05-02,664.0,-112.0,-2.2458,False,False,False,
2008-05-05,665.0,-89.0,-1.8814,False,False,False,
2008-05-06,670.0,-88.0,-1.8514,False,False,False,
2008-05-07,672.0,-99.0,-1.9975,False,False,False,
2008-05-08,683.0,-87.0,-1.8051,False,False,False,
2008-05-09,690.0,-86.0,-1.7772,False,False,False,
2008-05-12,690.0,-84.0,-1.7363,False,False,False,
2008-05-13,676.0,-89.0,-1.7966,False,False,False,
2008-05-14,665.0,-81.0,-1.6688,False,False,False,
2008-05-15,669.0,-67.0,-1.4581,False,False,False,
2008-05-16,663.0,-52.0,-1.2383,False,False,False,
2008-05-19,660.0,-53.0,-1.2496,False,False,False,
2008-05-20,668.0,-39.0,-1.046,False,False,False,
2008-05-21,664.0,-41.0,-1.0731,False,False,False,
2008-05-22,659.0,-33.0,-0.957,False,False,False,
2008-05-23,670.0,-14.0,-0.6845,False,False,False,
2008-05-26,670.0,-15.0,-0.6994,False,False,False,
2008-05-27,672.0,-14.0,-0.6852,False,False,False,
2008-05-28,661.0,-25.0,-0.8428,False,False,False,
2008-05-29,655.0,-26.0,-0.856,False,False,False,
2008-05-30,657.0,-7.0,-0.5826,False,False,False,
2008-05-31,653.0,-12.0,-0.654,False,False,False,
2008-06-02,667.0,-3.0,-0.5248,False,False,False,
2008-06-03,678.0,6.0,-0.3958,False,False,False,
2008-06-04,679.0,-4.0,-0.5396,False,False,False,
2008-06-05,663.0,-27.0,-0.8678,False,False,False,
2008-06-06,668.0,-22.0,-0.793,False,False,False,
2008-06-09,658.0,-18.0,-0.7324,False,False,False,
2008-06-10,649.0,-16.0,-0.7008,False,False,False,
2008-06-11,656.0,-13.0,-0.6544,False,False,False,
2008-06-12,643.0,-20.0,-0.7507,False,False,False,
2008-06-13,639.0,-21.0,-0.7605,False,False,False,
2008-06-16,637.0,-31.0,-0.8982,False,False,False,
2008-06-17,640.0,-24.0,-0.7933,False,False,False,
2008-06-18,653.0,-6.0,-0.5329,False,False,False,
2008-06-19,653.0,-17.0,-0.6849,False,False,False,
2008-06-20,670.0,0.0,-0.4396,False,False,False,
2008-06-23,676.0,4.0,-0.3799,False,False,False,
2008-06-24,701.0,40.0,0.133,False,False,False,
2008-06-25,702.0,47.0,0.2324,False,False,False,
2008-06-26,727.0,70.0,0.5582,False,False,False,
2008-06-27,741.0,88.0,0.8121,False,False,False,
2008-06-30,735.0,68.0,0.5275,False,False,False,
2008-07-01,748.0,70.0,0.5551,False,False,False,
2008-07-02,753.0,74.0,0.6105,True,False,True,
2008-07-03,763.0,100.0,0.9752,True,False,True,
2008-07-04,763.0,95.0,0.9002,True,False,True,
2008-07-07,776.0,118.0,1.219,True,True,True,
2008-07-08,787.0,138.0,1.4901,True,True,True,
2008-07-09,782.0,126.0,1.3133,True,True,True,
2008-07-10,790.0,147.0,1.5956,True,True,True,
2008-07-11,788.0,149.0,1.6119,True,True,True,
2008-07-14,789.0,152.0,1.643,True,True,True,
2008-07-15,806.0,166.0,1.8278,True,True,True,
2008-07-16,801.0,148.0,1.5765,True,True,True,
2008-07-17,779.0,126.0,1.2731,True,True,True,
2008-07-18,767.0,97.0,0.8765,True,False,True,
2008-07-21,758.0,82.0,0.6742,True,False,True,
2008-07-22,760.0,59.0,0.3613,True,False,True,
2008-07-23,746.0,44.0,0.1591,False,False,False,
2008-07-24,764.0,37.0,0.0674,True,False,True,
2008-07-25,760.0,19.0,-0.1794,True,False,True,
2008-07-28,779.0,44.0,0.1724,True,False,True,
2008-07-29,782.0,34.0,0.0359,True,False,True,
2008-07-30,781.0,28.0,-0.044,True,False,True,
2008-07-31,800.0,37.0,0.0862,True,False,True,
2008-08-01,813.0,50.0,0.2734,True,False,True,
2008-08-04,814.0,38.0,0.1081,True,False,True,
2008-08-05,811.0,24.0,-0.084,True,False,True,
2008-08-06,805.0,23.0,-0.0935,True,False,True,
2008-08-07,816.0,26.0,-0.0463,True,False,True,
2008-08-08,814.0,26.0,-0.0426,True,False,True,
2008-08-11,807.0,18.0,-0.1542,True,False,True,
2008-08-12,811.0,5.0,-0.3394,True,False,True,
2008-08-13,809.0,8.0,-0.2969,True,False,True,
2008-08-14,811.0,32.0,0.0454,True,False,True,
2008-08-15,812.0,45.0,0.2304,True,False,True,
2008-08-18,817.0,59.0,0.4283,True,False,True,
2008-08-19,823.0,63.0,0.4835,True,False,True,
2008-08-20,830.0,84.0,0.7801,True,False,True,
2008-08-21,829.0,65.0,0.5061,True,False,True,
2008-08-22,825.0,65.0,0.504,True,False,True,
2008-08-25,832.0,53.0,0.3335,True,False,True,
2008-08-26,832.0,50.0,0.2908,True,False,True,
2008-08-27,834.0,53.0,0.3342,True,False,True,
2008-08-28,829.0,29.0,-0.0064,True,False,True,
2008-08-29,828.0,15.0,-0.2041,True,False,True,
2008-08-31,836.0,22.0,-0.1029,True,False,True,
2008-09-01,836.0,25.0,-0.0615,True,False,True,
2008-09-02,842.0,37.0,0.1086,True,False,True,
2008-09-03,848.0,32.0,0.0354,True,False,True,
2008-09-04,855.0,41.0,0.1616,True,False,True,
2008-09-05,855.0,48.0,0.2586,True,False,True,
2008-09-08,846.0,35.0,0.0696,True,False,True,
2008-09-09,853.0,44.0,0.1955,True,False,True,
2008-09-10,855.0,44.0,0.1921,True,False,True,
2008-09-11,862.0,50.0,0.2742,True,False,True,
2008-09-12,854.0,37.0,0.0836,True,False,True,
2008-09-15,905.0,82.0,0.7257,True,False,True,
2008-09-16,929.0,99.0,0.963,True,False,True,
2008-09-17,964.0,135.0,1.4686,True,True,True,
2008-09-18,983.0,158.0,1.7803,True,True,True,
2008-09-19,921.0,89.0,0.786,True,False,True,
2008-09-22,921.0,89.0,0.7795,True,False,True,
2008-09-23,939.0,105.0,1.0013,True,True,True,
2008-09-24,967.0,138.0,1.4645,True,True,True,
2008-09-25,987.0,159.0,1.751,True,True,True,
2008-09-26,1025.0,189.0,2.1575,True,True,True,
2008-09-29,1075.0,239.0,2.8219,True,True,True,
2008-09-30,1096.0,254.0,2.9765,True,True,True,
2008-10-01,1124.0,276.0,3.2113,True,True,True,
2008-10-02,1200.0,345.0,4.0175,True,True,True,
2008-10-03,1224.0,369.0,4.1729,True,True,True,
2008-10-06,1307.0,461.0,5.0598,True,True,True,
2008-10-07,1318.0,465.0,4.8444,True,True,True,
2008-10-08,1351.0,496.0,4.9264,True,True,True,
2008-10-09,1391.0,529.0,4.9999,True,True,True,
2008-10-10,1536.0,682.0,6.0753,True,True,True,
2008-10-13,1538.0,633.0,5.26,True,True,True,
2008-10-14,1450.0,521.0,4.0759,True,True,True,
2008-10-15,1514.0,550.0,4.1625,True,True,True,
2008-10-16,1572.0,589.0,4.3077,True,True,True,
2008-10-17,1595.0,674.0,4.7547,True,True,True,
2008-10-20,1576.0,655.0,4.4057,True,True,True,
2008-10-21,1587.0,648.0,4.181,True,True,True,
2008-10-22,1605.0,638.0,3.9614,True,True,True,
2008-10-23,1634.0,647.0,3.8856,True,True,True,
2008-10-24,1669.0,644.0,3.7404,True,True,True,
2008-10-27,1681.0,606.0,3.3943,True,True,True,
2008-10-28,1667.0,571.0,3.0953,True,True,True,
2008-10-29,1621.0,497.0,2.5821,True,True,True,
2008-10-30,1591.0,391.0,1.899,True,True,True,
2008-10-31,1617.0,393.0,1.891,True,True,True,
2008-11-03,1629.0,322.0,1.4419,True,True,True,
2008-11-04,1618.0,300.0,1.2978,True,True,True,
2008-11-05,1608.0,257.0,1.0288,True,True,True,
2008-11-06,1619.0,228.0,0.848,True,False,True,
2008-11-07,1631.0,95.0,0.0382,True,False,True,
2008-11-10,1635.0,97.0,0.0516,True,False,True,
2008-11-11,1636.0,186.0,0.5932,True,False,True,
2008-11-12,1684.0,170.0,0.4948,True,False,True,
2008-11-13,1706.0,134.0,0.2759,True,False,True,
2008-11-14,1716.0,121.0,0.1974,True,False,True,
2008-11-17,1743.0,167.0,0.477,True,False,True,
2008-11-18,1796.0,209.0,0.7301,True,False,True,
2008-11-19,1861.0,256.0,1.0107,True,True,True,
2008-11-20,1948.0,314.0,1.3534,True,True,True,
2008-11-21,1992.0,323.0,1.3977,True,True,True,
2008-11-24,1987.0,306.0,1.2862,True,True,True,
2008-11-25,1986.0,319.0,1.3538,True,True,True,
2008-11-26,1976.0,355.0,1.555,True,True,True,
2008-11-27,1977.0,386.0,1.7218,True,True,True,
2008-11-28,1978.0,361.0,1.5591,True,True,True,
2008-11-30,1988.0,359.0,1.5331,True,True,True,
2008-12-01,2020.0,402.0,1.7663,True,True,True,
2008-12-02,2019.0,411.0,1.7988,True,True,True,
2008-12-03,2039.0,420.0,1.8302,True,True,True,
2008-12-04,2054.0,423.0,1.8268,True,True,True,
2008-12-05,2074.0,439.0,1.8962,True,True,True,
2008-12-08,2062.0,426.0,1.8021,True,True,True,
2008-12-09,2059.0,375.0,1.4992,True,True,True,
2008-12-10,2066.0,360.0,1.402,True,True,True,
2008-12-11,2092.0,376.0,1.4783,True,True,True,
2008-12-12,2130.0,387.0,1.5255,True,True,True,
2008-12-15,2182.0,386.0,1.5057,True,True,True,
2008-12-16,2144.0,283.0,0.9254,True,False,True,
2008-12-17,2106.0,158.0,0.2274,True,False,True,
2008-12-18,2072.0,80.0,-0.2077,True,False,True,
2008-12-19,2043.0,56.0,-0.3415,True,False,True,
2008-12-22,2018.0,32.0,-0.4741,True,False,True,
2008-12-23,1982.0,6.0,-0.6165,True,False,True,
2008-12-24,1979.0,2.0,-0.6357,True,False,True,
2008-12-26,1955.0,-23.0,-0.7711,True,False,True,
2008-12-29,1925.0,-63.0,-0.9874,True,False,True,
2008-12-30,1848.0,-172.0,-1.577,True,False,True,
2008-12-31,1812.0,-207.0,-1.7519,True,False,True,
2009-01-02,1784.0,-255.0,-1.9906,True,False,True,
2009-01-05,1744.0,-310.0,-2.2566,True,False,True,
2009-01-06,1668.0,-406.0,-2.7203,True,False,True,
2009-01-07,1642.0,-420.0,-2.7409,True,False,True,
2009-01-08,1667.0,-392.0,-2.55,True,False,True,
2009-01-09,1665.0,-401.0,-2.5514,True,False,True,
2009-01-12,1667.0,-425.0,-2.6252,True,False,True,
2009-01-13,1682.0,-448.0,-2.6893,True,False,True,
2009-01-14,1686.0,-496.0,-2.8662,True,False,True,
2009-01-15,1697.0,-447.0,-2.5824,True,False,True,
2009-01-16,1679.0,-427.0,-2.4473,True,False,True,
2009-01-19,1681.0,-391.0,-2.245,True,False,True,
2009-01-20,1679.0,-364.0,-2.092,True,False,True,
2009-01-21,1671.0,-347.0,-1.9899,True,False,True,
2009-01-22,1669.0,-313.0,-1.8143,True,False,True,
2009-01-23,1673.0,-306.0,-1.7651,True,False,True,
2009-01-26,1674.0,-281.0,-1.6366,True,False,True,
2009-01-27,1676.0,-249.0,-1.4796,True,False,True,
2009-01-28,1640.0,-208.0,-1.2855,True,False,True,
2009-01-29,1622.0,-190.0,-1.1966,True,False,True,
2009-01-30,1622.0,-162.0,-1.0649,True,False,True,
2009-01-31,1626.0,-118.0,-0.8644,True,False,True,
2009-02-02,1640.0,-28.0,-0.4614,True,False,True,
2009-02-03,1630.0,-12.0,-0.3892,True,False,True,
2009-02-04,1615.0,-52.0,-0.5669,True,False,True,
2009-02-05,1613.0,-52.0,-0.5662,True,False,True,
2009-02-06,1605.0,-62.0,-0.6089,True,False,True,
2009-02-09,1598.0,-84.0,-0.7042,True,False,True,
2009-02-10,1607.0,-79.0,-0.6797,True,False,True,
2009-02-11,1617.0,-80.0,-0.6816,True,False,True,
2009-02-12,1627.0,-52.0,-0.5551,True,False,True,
2009-02-13,1621.0,-60.0,-0.5885,True,False,True,
2009-02-16,1606.0,-73.0,-0.6432,True,False,True,
2009-02-17,1645.0,-26.0,-0.4326,True,False,True,
2009-02-18,1659.0,-10.0,-0.3601,True,False,True,
2009-02-19,1648.0,-25.0,-0.425,True,False,True,
2009-02-20,1676.0,2.0,-0.3041,True,False,True,
2009-02-23,1685.0,9.0,-0.272,True,False,True,
2009-02-24,1722.0,82.0,0.0513,True,False,True,
2009-02-25,1717.0,95.0,0.1083,True,False,True,
2009-02-26,1718.0,96.0,0.1123,True,False,True,
2009-02-27,1739.0,113.0,0.1874,True,False,True,
2009-02-28,1738.0,98.0,0.1212,True,False,True,
2009-03-02,1784.0,154.0,0.3689,True,False,True,
2009-03-03,1809.0,194.0,0.5444,True,False,True,
2009-03-04,1828.0,215.0,0.6351,True,False,True,
2009-03-05,1859.0,254.0,0.804,True,False,True,
2009-03-06,1866.0,268.0,0.8612,True,False,True,
2009-03-09,1886.0,279.0,0.9047,True,False,True,
2009-03-10,1871.0,254.0,0.7906,True,False,True,
2009-03-11,1838.0,211.0,0.5986,True,False,True,
2009-03-12,1829.0,208.0,0.5824,True,False,True,
2009-03-13,1804.0,198.0,0.5357,True,False,True,
2009-03-16,1763.0,118.0,0.1828,True,False,True,
2009-03-17,1758.0,99.0,0.0978,True,False,True,
2009-03-18,1797.0,149.0,0.315,True,False,True,
2009-03-19,1774.0,98.0,0.0893,True,False,True,
2009-03-20,1774.0,89.0,0.0475,True,False,True,
2009-03-23,1756.0,34.0,-0.1958,True,False,True,
2009-03-24,1745.0,28.0,-0.2231,True,False,True,
2009-03-25,1726.0,8.0,-0.3121,True,False,True,
2009-03-26,1709.0,-30.0,-0.4798,True,False,True,
2009-03-27,1675.0,-63.0,-0.6251,True,False,True,
2009-03-30,1689.0,-95.0,-0.766,True,False,True,
2009-03-31,1703.0,-106.0,-0.8141,True,False,True,
2009-04-01,1712.0,-116.0,-0.8576,True,False,True,
2009-04-02,1678.0,-181.0,-1.1415,True,False,True,
2009-04-03,1653.0,-213.0,-1.2774,True,False,True,
2009-04-06,1643.0,-243.0,-1.4023,True,False,True,
2009-04-07,1644.0,-227.0,-1.3268,True,False,True,
2009-04-08,1636.0,-202.0,-1.2139,True,False,True,
2009-04-09,1619.0,-210.0,-1.245,True,False,True,
2009-04-13,1616.0,-188.0,-1.1473,True,False,True,
2009-04-14,1585.0,-178.0,-1.1017,True,False,True,
2009-04-15,1574.0,-184.0,-1.1247,True,False,True,
2009-04-16,1544.0,-253.0,-1.4169,True,False,True,
2009-04-17,1505.0,-269.0,-1.4788,True,False,True,
2009-04-20,1517.0,-257.0,-1.4199,True,False,True,
2009-04-21,1535.0,-221.0,-1.2602,True,False,True,
2009-04-22,1527.0,-218.0,-1.2428,True,False,True,
2009-04-23,1517.0,-209.0,-1.1999,True,False,True,
2009-04-24,1487.0,-222.0,-1.2503,True,False,True,
2009-04-27,1491.0,-184.0,-1.0852,True,False,True,
2009-04-28,1479.0,-210.0,-1.1914,True,False,True,
2009-04-29,1446.0,-257.0,-1.3838,True,False,True,
2009-04-30,1345.0,-367.0,-1.833,True,False,True,
2009-05-01,1334.0,-344.0,-1.722,True,False,True,
2009-05-04,1323.0,-330.0,-1.6506,True,False,True,
2009-05-05,1308.0,-335.0,-1.658,True,False,True,
2009-05-06,1294.0,-350.0,-1.7057,True,False,True,
2009-05-07,1254.0,-382.0,-1.8202,True,False,True,
2009-05-08,1241.0,-378.0,-1.7867,True,False,True,
2009-05-11,1258.0,-358.0,-1.6904,True,False,True,
2009-05-12,1264.0,-321.0,-1.5289,True,False,True,
2009-05-13,1285.0,-289.0,-1.3908,True,False,True,
2009-05-14,1291.0,-253.0,-1.2392,True,False,True,
2009-05-15,1291.0,-214.0,-1.0776,True,False,True,
2009-05-18,1282.0,-235.0,-1.1549,True,False,True,
2009-05-19,1267.0,-268.0,-1.2781,True,False,True,
2009-05-20,1245.0,-282.0,-1.3245,True,False,True,
2009-05-21,1232.0,-285.0,-1.3274,True,False,True,
2009-05-22,1213.0,-274.0,-1.2762,True,False,True,
2009-05-25,1215.0,-276.0,-1.2762,True,False,True,
2009-05-26,1209.0,-270.0,-1.2451,True,False,True,
2009-05-27,1187.0,-259.0,-1.1951,True,False,True,
2009-05-28,1174.0,-171.0,-0.8487,True,False,True,
2009-05-29,1176.0,-158.0,-0.7952,True,False,True,
2009-05-31,1170.0,-153.0,-0.7729,True,False,True,
2009-06-01,1136.0,-172.0,-0.8434,True,False,True,
2009-06-02,1119.0,-175.0,-0.8516,True,False,True,
2009-06-03,1117.0,-137.0,-0.7018,True,False,True,
2009-06-04,1101.0,-140.0,-0.7109,True,False,True,
2009-06-05,1070.0,-188.0,-0.8921,True,False,True,
2009-06-08,1060.0,-204.0,-0.949,True,False,True,
2009-06-09,1059.0,-226.0,-1.0275,True,False,True,
2009-06-10,1042.0,-249.0,-1.1086,True,False,True,
2009-06-11,1043.0,-248.0,-1.0973,True,False,True,
2009-06-12,1041.0,-241.0,-1.0632,True,False,True,
2009-06-15,1040.0,-227.0,-1.0034,True,False,True,
2009-06-16,1048.0,-197.0,-0.8837,True,False,True,
2009-06-17,1073.0,-159.0,-0.7349,True,False,True,
2009-06-18,1074.0,-139.0,-0.6548,True,False,True,
2009-06-19,1075.0,-140.0,-0.6546,True,False,True,
2009-06-22,1093.0,-116.0,-0.5598,True,False,True,
2009-06-23,1103.0,-84.0,-0.4351,True,False,True,
2009-06-24,1101.0,-73.0,-0.3904,True,False,True,
2009-06-25,1109.0,-67.0,-0.3645,True,False,True,
2009-06-26,1109.0,-61.0,-0.3386,True,False,True,
2009-06-29,1105.0,-31.0,-0.2222,True,False,True,
2009-06-30,1055.0,-64.0,-0.344,True,False,True,
2009-07-01,1050.0,-67.0,-0.3522,True,False,True,
2009-07-02,1052.0,-49.0,-0.2813,True,False,True,
2009-07-03,1052.0,-18.0,-0.1619,True,False,True,
2009-07-06,1061.0,1.0,-0.0885,True,False,True,
2009-07-07,1063.0,4.0,-0.0763,True,False,True,
2009-07-08,1084.0,42.0,0.068,True,False,True,
2009-07-09,1079.0,36.0,0.0452,True,False,True,
2009-07-10,1089.0,48.0,0.0903,True,False,True,
2009-07-13,1092.0,52.0,0.1054,True,False,True,
2009-07-14,1076.0,28.0,0.0144,True,False,True,
2009-07-15,1052.0,-21.0,-0.1709,True,False,True,
2009-07-16,1057.0,-17.0,-0.1549,True,False,True,
2009-07-17,1041.0,-34.0,-0.2182,True,False,True,
2009-07-20,1037.0,-56.0,-0.3002,True,False,True,
2009-07-21,1029.0,-74.0,-0.367,True,False,True,
2009-07-22,1018.0,-83.0,-0.3994,True,False,True,
2009-07-23,988.0,-121.0,-0.541,True,False,True,
2009-07-24,980.0,-129.0,-0.5686,True,False,True,
2009-07-27,966.0,-139.0,-0.6037,True,False,True,
2009-07-28,956.0,-99.0,-0.4506,True,False,True,
2009-07-29,944.0,-106.0,-0.4751,True,False,True,
2009-07-30,933.0,-119.0,-0.5217,True,False,True,
2009-07-31,922.0,-130.0,-0.5604,True,False,True,
2009-08-03,899.0,-162.0,-0.6774,True,False,True,
2009-08-04,888.0,-175.0,-0.7222,True,False,True,
2009-08-05,877.0,-207.0,-0.8374,True,False,True,
2009-08-06,873.0,-206.0,-0.8285,True,False,True,
2009-08-07,857.0,-232.0,-0.9204,True,False,True,
2009-08-10,858.0,-234.0,-0.9221,True,False,True,
2009-08-11,864.0,-212.0,-0.8346,True,False,True,
2009-08-12,878.0,-174.0,-0.6883,True,False,True,
2009-08-13,891.0,-166.0,-0.6549,True,False,True,
2009-08-14,894.0,-147.0,-0.5811,True,False,True,
2009-08-17,917.0,-120.0,-0.478,True,False,True,
2009-08-18,919.0,-110.0,-0.4385,True,False,True,
2009-08-19,925.0,-93.0,-0.373,True,False,True,
2009-08-20,927.0,-61.0,-0.2522,True,False,True,
2009-08-21,913.0,-67.0,-0.2729,True,False,True,
2009-08-24,914.0,-52.0,-0.2155,True,False,True,
2009-08-25,912.0,-44.0,-0.1845,True,False,True,
2009-08-26,911.0,-33.0,-0.1423,True,False,True,
2009-08-27,907.0,-26.0,-0.1152,True,False,True,
2009-08-28,904.0,-18.0,-0.0843,True,False,True,
2009-08-31,912.0,13.0,0.0317,True,False,True,
2009-09-01,918.0,30.0,0.0959,True,False,True,
2009-09-02,923.0,46.0,0.1564,True,False,True,
2009-09-03,919.0,46.0,0.1578,True,False,True,
2009-09-04,909.0,52.0,0.1818,True,False,True,
2009-09-07,910.0,52.0,0.1824,True,False,True,
2009-09-08,903.0,39.0,0.1346,True,False,True,
2009-09-09,898.0,20.0,0.0649,True,False,True,
2009-09-10,893.0,2.0,-0.0004,True,False,True,
2009-09-11,878.0,-16.0,-0.0651,True,False,True,
2009-09-14,857.0,-60.0,-0.2263,True,False,True,
2009-09-15,835.0,-84.0,-0.3118,True,False,True,
2009-09-16,809.0,-116.0,-0.427,True,False,True,
2009-09-17,809.0,-118.0,-0.4294,True,False,True,
2009-09-18,798.0,-115.0,-0.4125,True,False,True,
2009-09-21,800.0,-114.0,-0.403,True,False,True,
2009-09-22,793.0,-119.0,-0.4157,True,False,True,
2009-09-23,788.0,-123.0,-0.4247,True,False,True,
2009-09-24,787.0,-120.0,-0.4068,True,False,True,
2009-09-25,789.0,-115.0,-0.3808,True,False,True,
2009-09-28,795.0,-117.0,-0.3819,True,False,True,
2009-09-29,791.0,-127.0,-0.4149,True,False,True,
2009-09-30,793.0,-130.0,-0.4205,True,False,True,
2009-10-01,811.0,-108.0,-0.3244,True,False,True,
2009-10-02,820.0,-89.0,-0.2388,True,False,True,
2009-10-05,815.0,-95.0,-0.2553,True,False,True,
2009-10-06,805.0,-98.0,-0.2598,True,False,True,
2009-10-07,811.0,-87.0,-0.2037,True,False,True,
2009-10-08,800.0,-93.0,-0.2211,True,False,True,
2009-10-09,787.0,-91.0,-0.203,True,False,True,
2009-10-12,788.0,-69.0,-0.0925,True,False,True,
2009-10-13,793.0,-42.0,0.0448,True,False,True,
2009-10-14,776.0,-33.0,0.1001,True,False,True,
2009-10-15,769.0,-40.0,0.0779,True,False,True,
2009-10-16,769.0,-29.0,0.1407,True,False,True,
2009-10-19,767.0,-33.0,0.1307,True,False,True,
2009-10-20,766.0,-27.0,0.1684,True,False,True,
2009-10-21,758.0,-30.0,0.161,True,False,True,
2009-10-22,752.0,-35.0,0.1425,True,False,True,
2009-10-23,745.0,-44.0,0.103,False,False,False,
2009-10-26,735.0,-60.0,0.0252,False,False,False,
2009-10-27,747.0,-44.0,0.1092,False,False,False,
2009-10-28,759.0,-34.0,0.165,True,False,True,
2009-10-29,756.0,-55.0,0.0628,True,False,True,
2009-10-30,766.0,-54.0,0.0718,True,False,True,
2009-10-31,760.0,-55.0,0.0704,True,False,True,
2009-11-02,760.0,-45.0,0.1264,True,False,True,
2009-11-03,761.0,-50.0,0.1064,True,False,True,
2009-11-04,755.0,-45.0,0.1391,True,False,True,
2009-11-05,756.0,-31.0,0.2207,True,False,True,
2009-11-06,760.0,-28.0,0.2458,True,False,True,
2009-11-09,757.0,-36.0,0.2124,True,False,True,
2009-11-10,752.0,-24.0,0.286,True,False,True,
2009-11-11,752.0,-17.0,0.3351,True,False,True,
2009-11-12,754.0,-15.0,0.3591,True,False,True,
2009-11-13,752.0,-15.0,0.3716,True,False,True,
2009-11-16,755.0,-11.0,0.4067,True,False,True,
2009-11-17,755.0,-3.0,0.4676,True,False,True,
2009-11-18,751.0,-1.0,0.4961,True,False,True,
2009-11-19,755.0,10.0,0.5791,True,False,True,
2009-11-20,754.0,19.0,0.653,True,False,True,
2009-11-23,752.0,5.0,0.5909,True,False,True,
2009-11-24,756.0,-3.0,0.5635,True,False,True,
2009-11-25,757.0,1.0,0.6078,True,False,True,
2009-11-26,757.0,-9.0,0.5627,True,False,True,
2009-11-27,764.0,4.0,0.6681,True,False,True,
2009-11-30,765.0,5.0,0.6983,True,False,True,
2009-12-01,758.0,-3.0,0.6687,True,False,True,
2009-12-02,749.0,-6.0,0.6647,False,False,False,
2009-12-03,740.0,-16.0,0.6036,False,False,False,
2009-12-04,724.0,-36.0,0.4686,False,False,False,
2009-12-07,726.0,-31.0,0.507,False,False,False,
2009-12-08,731.0,-21.0,0.5792,False,False,False,
2009-12-09,726.0,-26.0,0.5453,False,False,False,
2009-12-10,718.0,-36.0,0.4765,False,False,False,
2009-12-11,709.0,-43.0,0.428,False,False,False,
2009-12-14,697.0,-58.0,0.3224,False,False,False,
2009-12-15,686.0,-69.0,0.2423,False,False,False,
2009-12-16,682.0,-69.0,0.2387,False,False,False,
2009-12-17,691.0,-64.0,0.2691,False,False,False,
2009-12-18,684.0,-70.0,0.221,False,False,False,
2009-12-21,672.0,-80.0,0.1424,False,False,False,
2009-12-22,665.0,-91.0,0.055,False,False,False,
2009-12-23,660.0,-97.0,0.0032,False,False,False,
2009-12-24,654.0,-103.0,-0.0496,False,False,False,
2009-12-28,650.0,-114.0,-0.1414,False,False,False,
2009-12-29,649.0,-116.0,-0.1684,False,False,False,
2009-12-30,650.0,-108.0,-0.1219,False,False,False,
2009-12-31,639.0,-110.0,-0.1498,False,False,False,
2010-01-04,634.0,-106.0,-0.1303,False,False,False,
2010-01-05,630.0,-94.0,-0.0451,False,False,False,
2010-01-06,617.0,-109.0,-0.1752,False,False,False,
2010-01-07,603.0,-128.0,-0.339,False,False,False,
2010-01-08,602.0,-124.0,-0.3145,False,False,False,
2010-01-11,599.0,-119.0,-0.2813,False,False,False,
2010-01-12,607.0,-102.0,-0.1473,False,False,False,
2010-01-13,603.0,-94.0,-0.0862,False,False,False,
2010-01-14,604.0,-82.0,0.0099,False,False,False,
2010-01-15,610.0,-72.0,0.0898,False,False,False,
2010-01-18,610.0,-81.0,0.0117,False,False,False,
2010-01-19,611.0,-73.0,0.0773,False,False,False,
2010-01-20,616.0,-56.0,0.2209,False,False,False,
2010-01-21,624.0,-41.0,0.3479,False,False,False,
2010-01-22,636.0,-24.0,0.4895,False,False,False,
2010-01-25,642.0,-12.0,0.5886,False,False,False,
2010-01-26,644.0,-6.0,0.6366,False,False,False,
2010-01-27,641.0,-8.0,0.6168,False,False,False,
2010-01-28,641.0,-9.0,0.6057,False,False,False,
2010-01-29,646.0,7.0,0.7359,False,False,False,
2010-01-31,654.0,20.0,0.8411,False,False,False,
2010-02-01,654.0,24.0,0.8705,False,False,False,
2010-02-02,654.0,37.0,0.9734,False,False,False,
2010-02-03,646.0,43.0,1.0193,False,True,True,
2010-02-04,659.0,57.0,1.1313,False,True,True,
2010-02-05,681.0,82.0,1.3309,False,True,True,
2010-02-08,685.0,78.0,1.2921,False,True,True,
2010-02-09,688.0,85.0,1.3439,False,True,True,
2010-02-10,693.0,89.0,1.3761,False,True,True,
2010-02-11,698.0,88.0,1.3686,False,True,True,
2010-02-12,703.0,93.0,1.41,False,True,True,
2010-02-15,701.0,90.0,1.3876,False,True,True,
2010-02-16,702.0,86.0,1.3558,False,True,True,
2010-02-17,680.0,56.0,1.1173,False,True,True,
2010-02-18,665.0,29.0,0.907,False,False,False,
2010-02-19,656.0,14.0,0.7971,False,False,False,
2010-02-22,650.0,6.0,0.749,False,False,False,
2010-02-23,660.0,19.0,0.8836,False,False,False,
2010-02-24,658.0,17.0,0.8917,False,False,False,
2010-02-25,665.0,19.0,0.9331,False,False,False,
2010-02-26,666.0,12.0,0.8883,False,False,False,
2010-02-28,671.0,17.0,0.9531,False,False,False,
2010-03-01,666.0,12.0,0.9249,False,False,False,
2010-03-02,658.0,12.0,0.9342,False,False,False,
2010-03-03,654.0,-5.0,0.7816,False,False,False,
2010-03-04,649.0,-32.0,0.5376,False,False,False,
2010-03-05,637.0,-48.0,0.3924,False,False,False,
2010-03-08,627.0,-61.0,0.2745,False,False,False,
2010-03-09,623.0,-70.0,0.1919,False,False,False,
2010-03-10,616.0,-82.0,0.0798,False,False,False,
2010-03-11,615.0,-88.0,0.0251,False,False,False,
2010-03-12,611.0,-90.0,0.0079,False,False,False,
2010-03-15,612.0,-90.0,0.009,False,False,False,
2010-03-16,616.0,-64.0,0.2616,False,False,False,
2010-03-17,611.0,-54.0,0.3571,False,False,False,
2010-03-18,602.0,-54.0,0.3547,False,False,False,
2010-03-19,598.0,-52.0,0.3697,False,False,False,
2010-03-22,602.0,-58.0,0.3059,False,False,False,
2010-03-23,600.0,-58.0,0.3,False,False,False,
2010-03-24,585.0,-80.0,0.078,False,False,False,
2010-03-25,578.0,-88.0,-0.0055,False,False,False,
2010-03-26,580.0,-91.0,-0.04,False,False,False,
2010-03-29,579.0,-87.0,-0.0042,False,False,False,
2010-03-30,577.0,-81.0,0.0517,False,False,False,
2010-03-31,584.0,-70.0,0.1572,False,False,False,
2010-04-01,582.0,-67.0,0.1808,False,False,False,
2010-04-05,565.0,-72.0,0.1235,False,False,False,
2010-04-06,565.0,-62.0,0.2181,False,False,False,
2010-04-07,572.0,-51.0,0.3244,False,False,False,
2010-04-08,570.0,-46.0,0.3698,False,False,False,
2010-04-09,568.0,-47.0,0.354,False,False,False,
2010-04-12,568.0,-43.0,0.3894,False,False,False,
2010-04-13,566.0,-46.0,0.3535,False,False,False,
2010-04-14,557.0,-59.0,0.2136,False,False,False,
2010-04-15,552.0,-59.0,0.2069,False,False,False,
2010-04-16,557.0,-45.0,0.346,False,False,False,
2010-04-19,559.0,-39.0,0.4034,False,False,False,
2010-04-20,554.0,-48.0,0.2984,False,False,False,
2010-04-21,555.0,-45.0,0.324,False,False,False,
2010-04-22,550.0,-35.0,0.4297,False,False,False,
2010-04-23,544.0,-34.0,0.4361,False,False,False,
2010-04-26,542.0,-38.0,0.3835,False,False,False,
2010-04-27,555.0,-24.0,0.548,False,False,False,
2010-04-28,551.0,-26.0,0.5189,False,False,False,
2010-04-29,554.0,-30.0,0.4631,False,False,False,
2010-04-30,561.0,-21.0,0.5715,False,False,False,
2010-05-03,557.0,-8.0,0.7321,False,False,False,
2010-05-04,568.0,3.0,0.8688,False,False,False,
2010-05-05,591.0,19.0,1.0746,False,True,True,
2010-05-06,626.0,56.0,1.5622,False,True,True,
2010-05-07,647.0,79.0,1.8696,False,True,True,
2010-05-10,625.0,57.0,1.5745,False,True,True,
2010-05-11,634.0,68.0,1.726,False,True,True,
2010-05-12,618.0,61.0,1.6311,False,True,True,
2010-05-13,614.0,62.0,1.6451,False,True,True,
2010-05-14,633.0,76.0,1.8263,False,True,True,
2010-05-17,636.0,77.0,1.8229,False,True,True,
2010-05-18,646.0,92.0,2.0116,False,True,True,
2010-05-19,659.0,104.0,2.1562,False,True,True,
2010-05-20,692.0,142.0,2.6466,False,True,True,
2010-05-21,702.0,158.0,2.8144,False,True,True,
2010-05-24,697.0,155.0,2.7248,False,True,True,
2010-05-25,724.0,169.0,2.8672,False,True,True,
2010-05-26,707.0,156.0,2.6603,False,True,True,
2010-05-27,688.0,134.0,2.3505,False,True,True,
2010-05-28,690.0,129.0,2.275,False,True,True,
2010-05-31,698.0,141.0,2.4233,False,True,True,
2010-06-01,704.0,136.0,2.3448,False,True,True,
2010-06-02,704.0,113.0,2.0269,False,True,True,
2010-06-03,693.0,67.0,1.3985,False,True,True,
2010-06-04,714.0,67.0,1.3888,False,True,True,
2010-06-07,718.0,93.0,1.7269,False,True,True,
2010-06-08,727.0,93.0,1.7114,False,True,True,
2010-06-09,726.0,108.0,1.8939,False,True,True,
2010-06-10,719.0,105.0,1.8327,False,True,True,
2010-06-11,727.0,94.0,1.6678,False,True,True,
2010-06-14,716.0,80.0,1.4673,False,True,True,
2010-06-15,703.0,57.0,1.1522,False,True,True,
2010-06-16,697.0,38.0,0.8949,False,False,False,
2010-06-17,691.0,-1.0,0.3746,False,False,False,
2010-06-18,682.0,-20.0,0.1203,False,False,False,
2010-06-21,668.0,-29.0,-0.0001,False,False,False,
2010-06-22,675.0,-49.0,-0.2638,False,False,False,
2010-06-23,682.0,-25.0,0.056,False,False,False,
2010-06-24,689.0,1.0,0.4012,False,False,False,
2010-06-25,690.0,0.0,0.3907,False,False,False,
2010-06-28,693.0,-5.0,0.3268,False,False,False,
2010-06-29,706.0,2.0,0.4231,False,False,False,
2010-06-30,713.0,9.0,0.5197,False,False,False,
2010-07-01,717.0,24.0,0.7203,False,False,False,
2010-07-02,713.0,-1.0,0.3852,False,False,False,
2010-07-05,713.0,-5.0,0.3311,False,False,False,
2010-07-06,714.0,-13.0,0.2232,False,False,False,
2010-07-07,710.0,-16.0,0.1811,False,False,False,
2010-07-08,698.0,-21.0,0.1116,False,False,False,
2010-07-09,688.0,-39.0,-0.1314,False,False,False,
2010-07-12,685.0,-31.0,-0.0293,False,False,False,
2010-07-13,670.0,-33.0,-0.0614,False,False,False,
2010-07-14,668.0,-29.0,-0.0135,False,False,False,
2010-07-15,673.0,-18.0,0.1311,False,False,False,
2010-07-16,677.0,-5.0,0.3025,False,False,False,
2010-07-19,677.0,9.0,0.4869,False,False,False,
2010-07-20,679.0,4.0,0.4131,False,False,False,
2010-07-21,675.0,-7.0,0.2562,False,False,False,
2010-07-22,667.0,-22.0,0.0418,False,False,False,
2010-07-23,659.0,-31.0,-0.0939,False,False,False,
2010-07-26,654.0,-39.0,-0.2185,False,False,False,
2010-07-27,643.0,-63.0,-0.5797,False,False,False,
2010-07-28,647.0,-66.0,-0.6444,False,False,False,
2010-07-29,648.0,-69.0,-0.7075,False,False,False,
2010-07-30,657.0,-56.0,-0.5251,False,False,False,
2010-07-31,659.0,-54.0,-0.5062,False,False,False,
2010-08-02,654.0,-60.0,-0.6071,False,False,False,
2010-08-03,655.0,-55.0,-0.5364,False,False,False,
2010-08-04,649.0,-49.0,-0.4491,False,False,False,
2010-08-05,651.0,-37.0,-0.2674,False,False,False,
2010-08-06,657.0,-28.0,-0.1299,False,False,False,
2010-08-09,654.0,-16.0,0.0534,False,False,False,
2010-08-10,660.0,-8.0,0.1752,False,False,False,
2010-08-11,678.0,5.0,0.3744,False,False,False,
2010-08-12,683.0,6.0,0.3875,False,False,False,
2010-08-13,687.0,10.0,0.4473,False,False,False,
2010-08-16,691.0,12.0,0.4763,False,False,False,
2010-08-17,682.0,7.0,0.3991,False,False,False,
2010-08-18,678.0,11.0,0.4627,False,False,False,
2010-08-19,682.0,23.0,0.6516,False,False,False,
2010-08-20,680.0,26.0,0.7003,False,False,False,
2010-08-23,682.0,39.0,0.9045,False,False,False,
2010-08-24,693.0,46.0,1.0145,False,True,True,
2010-08-25,692.0,44.0,0.9826,False,False,False,
2010-08-26,693.0,36.0,0.8562,False,False,False,
2010-08-27,681.0,22.0,0.6363,False,False,False,
2010-08-30,689.0,35.0,0.8346,False,False,False,
2010-08-31,692.0,37.0,0.8591,False,False,False,
2010-09-01,680.0,31.0,0.7594,False,False,False,
2010-09-02,672.0,21.0,0.5977,False,False,False,
2010-09-03,662.0,5.0,0.3416,False,False,False,
2010-09-06,662.0,8.0,0.3828,False,False,False,
2010-09-07,668.0,8.0,0.3769,False,False,False,
2010-09-08,659.0,-19.0,-0.0575,False,False,False,
2010-09-09,647.0,-36.0,-0.3357,False,False,False,
2010-09-10,637.0,-50.0,-0.5673,False,False,False,
2010-09-13,636.0,-55.0,-0.6545,False,False,False,
2010-09-14,636.0,-46.0,-0.5161,False,False,False,
2010-09-15,631.0,-47.0,-0.5408,False,False,False,
2010-09-16,625.0,-57.0,-0.7135,False,False,False,
2010-09-17,624.0,-56.0,-0.7032,False,False,False,
2010-09-20,625.0,-57.0,-0.7233,False,False,False,
2010-09-21,632.0,-61.0,-0.7936,False,False,False,
2010-09-22,635.0,-57.0,-0.7321,False,False,False,
2010-09-23,637.0,-56.0,-0.7189,False,False,False,
2010-09-24,632.0,-49.0,-0.6069,False,False,False,
2010-09-27,636.0,-53.0,-0.678,False,False,False,
2010-09-28,636.0,-56.0,-0.7297,False,False,False,
2010-09-29,629.0,-51.0,-0.645,False,False,False,
2010-09-30,626.0,-46.0,-0.56,False,False,False,
2010-10-01,622.0,-40.0,-0.4594,False,False,False,
2010-10-04,623.0,-39.0,-0.4419,False,False,False,
2010-10-05,618.0,-50.0,-0.6248,False,False,False,
2010-10-06,615.0,-44.0,-0.5229,False,False,False,
2010-10-07,613.0,-34.0,-0.3552,False,False,False,
2010-10-08,612.0,-25.0,-0.2052,False,False,False,
2010-10-11,611.0,-25.0,-0.2066,False,False,False,
2010-10-12,608.0,-28.0,-0.2592,False,False,False,
2010-10-13,602.0,-29.0,-0.2771,False,False,False,
2010-10-14,597.0,-28.0,-0.2608,False,False,False,
2010-10-15,595.0,-29.0,-0.2795,False,False,False,
2010-10-18,602.0,-23.0,-0.181,False,False,False,
2010-10-19,604.0,-28.0,-0.2671,False,False,False,
2010-10-20,606.0,-29.0,-0.2851,False,False,False,
2010-10-21,600.0,-37.0,-0.4208,False,False,False,
2010-10-22,596.0,-36.0,-0.4047,False,False,False,
2010-10-25,590.0,-46.0,-0.5719,False,False,False,
2010-10-26,579.0,-57.0,-0.7545,False,False,False,
2010-10-27,573.0,-56.0,-0.7357,False,False,False,
2010-10-28,577.0,-49.0,-0.616,False,False,False,
2010-10-29,582.0,-40.0,-0.4631,False,False,False,
2010-10-31,593.0,-30.0,-0.2941,False,False,False,
2010-11-01,596.0,-22.0,-0.1593,False,False,False,
2010-11-02,594.0,-21.0,-0.1419,False,False,False,
2010-11-03,592.0,-21.0,-0.1407,False,False,False,
2010-11-04,589.0,-23.0,-0.1728,False,False,False,
2010-11-05,579.0,-32.0,-0.3211,False,False,False,
2010-11-08,576.0,-32.0,-0.3178,False,False,False,
2010-11-09,564.0,-38.0,-0.4157,False,False,False,
2010-11-10,575.0,-22.0,-0.1457,False,False,False,
2010-11-11,575.0,-20.0,-0.1108,False,False,False,
2010-11-12,575.0,-27.0,-0.2271,False,False,False,
2010-11-15,567.0,-37.0,-0.3922,False,False,False,
2010-11-16,589.0,-17.0,-0.055,False,False,False,
2010-11-17,589.0,-11.0,0.0463,False,False,False,
2010-11-18,580.0,-16.0,-0.037,False,False,False,
2010-11-19,581.0,-9.0,0.0801,False,False,False,
2010-11-22,590.0,11.0,0.4128,False,False,False,
2010-11-23,604.0,31.0,0.7439,False,False,False,
2010-11-24,593.0,16.0,0.4895,False,False,False,
2010-11-25,593.0,11.0,0.4031,False,False,False,
2010-11-26,594.0,1.0,0.233,False,False,False,
2010-11-29,603.0,7.0,0.3304,False,False,False,
2010-11-30,622.0,28.0,0.6771,False,False,False,
2010-12-01,602.0,10.0,0.3704,False,False,False,
2010-12-02,593.0,4.0,0.2652,False,False,False,
2010-12-03,592.0,13.0,0.412,False,False,False,
2010-12-06,595.0,19.0,0.5079,False,False,False,
2010-12-07,569.0,5.0,0.2666,False,False,False,
2010-12-08,562.0,-13.0,-0.0433,False,False,False,
2010-12-09,560.0,-15.0,-0.0832,False,False,False,
2010-12-10,554.0,-21.0,-0.192,False,False,False,
2010-12-13,558.0,-9.0,0.0066,False,False,False,
2010-12-14,542.0,-47.0,-0.6576,False,False,False,
2010-12-15,540.0,-49.0,-0.6999,False,False,False,
2010-12-16,545.0,-35.0,-0.4636,False,False,False,
2010-12-17,554.0,-27.0,-0.3306,False,False,False,
2010-12-20,552.0,-38.0,-0.5307,False,False,False,
2010-12-21,550.0,-54.0,-0.8222,False,False,False,
2010-12-22,545.0,-48.0,-0.7269,False,False,False,
2010-12-23,537.0,-56.0,-0.8818,False,False,False,
2010-12-24,537.0,-57.0,-0.9103,False,False,False,
2010-12-27,540.0,-63.0,-1.0263,False,False,False,
2010-12-28,528.0,-94.0,-1.5927,False,False,False,
2010-12-29,540.0,-62.0,-1.0112,False,False,False,
2010-12-30,532.0,-61.0,-0.9946,False,False,False,
2010-12-31,541.0,-51.0,-0.8155,False,False,False,
2011-01-03,532.0,-63.0,-1.0375,False,False,False,
2011-01-04,527.0,-42.0,-0.6531,False,False,False,
2011-01-05,511.0,-51.0,-0.8174,False,False,False,
2011-01-06,513.0,-47.0,-0.7416,False,False,False,
2011-01-07,523.0,-31.0,-0.4461,False,False,False,
2011-01-10,528.0,-30.0,-0.4259,False,False,False,
2011-01-11,522.0,-20.0,-0.2414,False,False,False,
2011-01-12,517.0,-23.0,-0.2954,False,False,False,
2011-01-13,518.0,-27.0,-0.3663,False,False,False,
2011-01-14,512.0,-42.0,-0.6367,False,False,False,
2011-01-17,512.0,-40.0,-0.5954,False,False,False,
2011-01-18,510.0,-40.0,-0.5902,False,False,False,
2011-01-19,511.0,-34.0,-0.4751,False,False,False,
2011-01-20,503.0,-34.0,-0.4696,False,False,False,
2011-01-21,505.0,-32.0,-0.4266,False,False,False,
2011-01-24,503.0,-37.0,-0.5131,False,False,False,
2011-01-25,506.0,-22.0,-0.2276,False,False,False,
2011-01-26,498.0,-42.0,-0.5959,False,False,False,
2011-01-27,499.0,-33.0,-0.4201,False,False,False,
2011-01-28,503.0,-38.0,-0.5087,False,False,False,
2011-01-31,508.0,-24.0,-0.2344,False,False,False,
2011-02-01,499.0,-28.0,-0.3048,False,False,False,
2011-02-02,489.0,-22.0,-0.1832,False,False,False,
2011-02-03,483.0,-30.0,-0.3345,False,False,False,
2011-02-04,468.0,-55.0,-0.8151,False,False,False,
2011-02-07,464.0,-64.0,-0.983,False,False,False,
2011-02-08,453.0,-69.0,-1.0717,False,False,False,
2011-02-09,460.0,-57.0,-0.8329,False,False,False,
2011-02-10,455.0,-63.0,-0.9419,False,False,False,
2011-02-11,459.0,-53.0,-0.7429,False,False,False,
2011-02-14,458.0,-54.0,-0.7565,False,False,False,
2011-02-15,457.0,-53.0,-0.7318,False,False,False,
2011-02-16,454.0,-57.0,-0.8032,False,False,False,
2011-02-17,456.0,-47.0,-0.6065,False,False,False,
2011-02-18,453.0,-52.0,-0.7009,False,False,False,
2011-02-21,452.0,-51.0,-0.6813,False,False,False,
2011-02-22,466.0,-40.0,-0.4714,False,False,False,
2011-02-23,466.0,-32.0,-0.3205,False,False,False,
2011-02-24,473.0,-26.0,-0.2095,False,False,False,
2011-02-25,472.0,-31.0,-0.312,False,False,False,
2011-02-28,478.0,-30.0,-0.2984,False,False,False,
2011-03-01,476.0,-23.0,-0.1675,False,False,False,
2011-03-02,472.0,-17.0,-0.0534,False,False,False,
2011-03-03,460.0,-23.0,-0.1741,False,False,False,
2011-03-04,469.0,1.0,0.2947,False,False,False,
2011-03-07,469.0,5.0,0.3694,False,False,False,
2011-03-08,464.0,11.0,0.483,False,False,False,
2011-03-09,471.0,11.0,0.4781,False,False,False,
2011-03-10,485.0,30.0,0.847,False,False,False,
2011-03-11,488.0,29.0,0.8205,False,False,False,
2011-03-14,493.0,35.0,0.9328,False,False,False,
2011-03-15,509.0,52.0,1.2626,False,True,True,
2011-03-16,516.0,62.0,1.4505,False,True,True,
2011-03-17,510.0,54.0,1.2803,False,True,True,
2011-03-18,502.0,49.0,1.1712,False,True,True,
2011-03-21,493.0,41.0,1.0037,False,True,True,
2011-03-22,491.0,25.0,0.6781,False,False,False,
2011-03-23,491.0,25.0,0.6724,False,False,False,
2011-03-24,484.0,11.0,0.3881,False,False,False,
2011-03-25,479.0,7.0,0.304,False,False,False,
2011-03-28,476.0,-2.0,0.1204,False,False,False,
2011-03-29,473.0,-3.0,0.097,False,False,False,
2011-03-30,476.0,4.0,0.2331,False,False,False,
2011-03-31,477.0,17.0,0.4895,False,False,False,
2011-04-01,472.0,3.0,0.2036,False,False,False,
2011-04-04,472.0,3.0,0.2004,False,False,False,
2011-04-05,465.0,1.0,0.1563,False,False,False,
2011-04-06,457.0,-14.0,-0.1498,False,False,False,
2011-04-07,456.0,-29.0,-0.4541,False,False,False,
2011-04-08,453.0,-35.0,-0.5756,False,False,False,
2011-04-11,453.0,-40.0,-0.6766,False,False,False,
2011-04-12,463.0,-46.0,-0.7955,False,False,False,
2011-04-13,465.0,-51.0,-0.8935,False,False,False,
2011-04-14,460.0,-50.0,-0.8708,False,False,False,
2011-04-15,468.0,-34.0,-0.5466,False,False,False,
2011-04-18,474.0,-19.0,-0.243,False,False,False,
2011-04-19,475.0,-16.0,-0.181,False,False,False,
2011-04-20,466.0,-25.0,-0.3591,False,False,False,
2011-04-21,465.0,-19.0,-0.2328,False,False,False,
2011-04-25,469.0,-10.0,-0.0437,False,False,False,
2011-04-26,471.0,-5.0,0.0633,False,False,False,
2011-04-27,467.0,-6.0,0.0491,False,False,False,
2011-04-28,473.0,-3.0,0.1164,False,False,False,
2011-04-29,471.0,-6.0,0.0604,False,False,False,
2011-04-30,476.0,4.0,0.2751,False,False,False,
2011-05-02,474.0,2.0,0.2411,False,False,False,
2011-05-03,476.0,11.0,0.4404,False,False,False,
2011-05-04,476.0,19.0,0.6236,False,False,False,
2011-05-05,480.0,24.0,0.7559,False,False,False,
2011-05-06,481.0,28.0,0.8772,False,False,False,
2011-05-09,482.0,29.0,0.9356,False,False,False,
2011-05-10,476.0,13.0,0.6023,False,False,False,
2011-05-11,479.0,14.0,0.6606,False,False,False,
2011-05-12,477.0,17.0,0.7654,False,False,False,
2011-05-13,480.0,12.0,0.6677,False,False,False,
2011-05-16,479.0,5.0,0.5168,False,False,False,
2011-05-17,482.0,7.0,0.6036,False,False,False,
2011-05-18,479.0,13.0,0.7999,False,False,False,
2011-05-19,480.0,15.0,0.8707,False,False,False,
2011-05-20,482.0,13.0,0.8277,False,False,False,
2011-05-23,487.0,16.0,0.9404,False,False,False,
2011-05-24,489.0,22.0,1.1463,False,True,True,
2011-05-25,492.0,19.0,1.0952,False,True,True,
2011-05-26,501.0,30.0,1.4788,False,True,True,
2011-05-27,501.0,25.0,1.3585,False,True,True,
2011-05-30,501.0,27.0,1.4524,False,True,True,
2011-05-31,509.0,33.0,1.6628,False,True,True,
2011-06-01,515.0,39.0,1.86,False,True,True,
2011-06-02,515.0,35.0,1.7143,False,True,True,
2011-06-03,524.0,43.0,1.9533,False,True,True,
2011-06-06,525.0,43.0,1.93,False,True,True,
2011-06-07,528.0,52.0,2.1912,False,True,True,
2011-06-08,538.0,59.0,2.3779,False,True,True,
2011-06-09,538.0,61.0,2.4068,False,True,True,
2011-06-10,543.0,63.0,2.4335,False,True,True,
2011-06-13,547.0,68.0,2.5464,False,True,True,
2011-06-14,537.0,55.0,2.1241,False,True,True,
2011-06-15,552.0,73.0,2.628,False,True,True,
2011-06-16,565.0,85.0,2.9361,False,True,True,
2011-06-17,564.0,82.0,2.7941,False,True,True,
2011-06-20,567.0,80.0,2.687,False,True,True,
2011-06-21,565.0,76.0,2.5294,False,True,True,
2011-06-22,562.0,70.0,2.3247,False,True,True,
2011-06-23,575.0,74.0,2.3981,False,True,True,
2011-06-24,580.0,79.0,2.4943,False,True,True,
2011-06-27,578.0,77.0,2.4011,False,True,True,
2011-06-28,565.0,56.0,1.8135,False,True,True,
2011-06-29,553.0,38.0,1.3191,False,True,True,
2011-06-30,542.0,27.0,1.0179,False,True,True,
2011-07-01,534.0,10.0,0.5619,False,False,False,
2011-07-04,534.0,9.0,0.5352,False,False,False,
2011-07-05,537.0,9.0,0.5345,False,False,False,
2011-07-06,541.0,3.0,0.3732,False,False,False,
2011-07-07,527.0,-11.0,-0.0015,False,False,False,
2011-07-08,539.0,-4.0,0.1826,False,False,False,
2011-07-11,556.0,9.0,0.5249,False,False,False,
2011-07-12,560.0,23.0,0.8919,False,False,False,
2011-07-13,557.0,5.0,0.404,False,False,False,
2011-07-14,549.0,-16.0,-0.1672,False,False,False,
2011-07-15,551.0,-13.0,-0.091,False,False,False,
2011-07-18,554.0,-13.0,-0.0957,False,False,False,
2011-07-19,554.0,-11.0,-0.0468,False,False,False,
2011-07-20,546.0,-16.0,-0.188,False,False,False,
2011-07-21,536.0,-39.0,-0.8195,False,False,False,
2011-07-22,535.0,-45.0,-0.9823,False,False,False,
2011-07-25,533.0,-45.0,-0.9791,False,False,False,
2011-07-26,535.0,-30.0,-0.5671,False,False,False,
2011-07-27,532.0,-21.0,-0.3197,False,False,False,
2011-07-28,537.0,-5.0,0.1185,False,False,False,
2011-07-29,551.0,17.0,0.7181,False,False,False,
2011-07-31,558.0,24.0,0.9068,False,False,False,
2011-08-01,563.0,26.0,0.9587,False,False,False,
2011-08-02,580.0,39.0,1.3055,False,True,True,
2011-08-03,587.0,60.0,1.8588,False,True,True,
2011-08-04,616.0,77.0,2.291,False,True,True,
2011-08-05,624.0,68.0,2.0323,False,True,True,
2011-08-08,684.0,124.0,3.4383,False,True,True,
2011-08-09,719.0,162.0,4.2682,False,True,True,
2011-08-10,730.0,181.0,4.5478,False,True,True,
2011-08-11,739.0,188.0,4.5164,False,True,True,
2011-08-12,730.0,176.0,4.0839,False,True,True,
2011-08-15,710.0,156.0,3.5382,False,True,True,
2011-08-16,711.0,165.0,3.6311,False,True,True,
2011-08-17,708.0,172.0,3.6701,False,True,True,
2011-08-18,723.0,188.0,3.87,False,True,True,
2011-08-19,730.0,197.0,3.9111,False,True,True,
2011-08-22,732.0,197.0,3.7836,False,True,True,
2011-08-23,746.0,214.0,3.9608,False,True,True,
2011-08-24,745.0,208.0,3.7267,False,True,True,
2011-08-25,743.0,192.0,3.3495,False,True,True,
2011-08-26,750.0,192.0,3.2659,True,True,True,
2011-08-29,739.0,176.0,2.93,False,True,True,
2011-08-30,739.0,159.0,2.5973,False,True,True,
2011-08-31,730.0,143.0,2.2968,False,True,True,
2011-09-01,726.0,110.0,1.7341,False,True,True,
2011-09-02,733.0,109.0,1.7003,False,True,True,
2011-09-05,734.0,50.0,0.7278,False,False,False,
2011-09-06,754.0,35.0,0.4766,True,False,True,
2011-09-07,741.0,11.0,0.0781,False,False,False,
2011-09-08,742.0,3.0,-0.0576,False,False,False,
2011-09-09,751.0,21.0,0.2351,True,False,True,
2011-09-12,764.0,54.0,0.7739,True,False,True,
2011-09-13,762.0,51.0,0.7181,True,False,True,
2011-09-14,755.0,47.0,0.6461,True,False,True,
2011-09-15,749.0,26.0,0.2938,False,False,False,
2011-09-16,746.0,16.0,0.1244,False,False,False,
2011-09-19,761.0,29.0,0.3362,True,False,True,
2011-09-20,759.0,13.0,0.0661,True,False,True,
2011-09-21,761.0,16.0,0.1123,True,False,True,
2011-09-22,795.0,52.0,0.7074,True,False,True,
2011-09-23,801.0,51.0,0.6855,True,False,True,
2011-09-26,800.0,61.0,0.8461,True,False,True,
2011-09-27,792.0,53.0,0.7072,True,False,True,
2011-09-28,803.0,73.0,1.0325,True,True,True,
2011-09-29,816.0,90.0,1.3044,True,True,True,
2011-09-30,841.0,108.0,1.5877,True,True,True,
2011-10-03,872.0,138.0,2.057,True,True,True,
2011-10-04,910.0,156.0,2.3172,True,True,True,
2011-10-05,898.0,157.0,2.2989,True,True,True,
2011-10-06,872.0,130.0,1.8438,True,True,True,
2011-10-07,855.0,104.0,1.415,True,True,True,
2011-10-10,856.0,92.0,1.2136,True,True,True,
2011-10-11,834.0,72.0,0.8876,True,False,True,
2011-10-12,807.0,52.0,0.5627,True,False,True,
2011-10-13,805.0,56.0,0.6209,True,False,True,
2011-10-14,789.0,43.0,0.408,True,False,True,
2011-10-17,788.0,27.0,0.148,True,False,True,
2011-10-18,787.0,28.0,0.161,True,False,True,
2011-10-19,770.0,9.0,-0.1463,True,False,True,
2011-10-20,764.0,-31.0,-0.7884,True,False,True,
2011-10-21,746.0,-55.0,-1.1699,False,False,False,
2011-10-24,731.0,-69.0,-1.3885,False,False,False,
2011-10-25,729.0,-63.0,-1.2879,False,False,False,
2011-10-26,720.0,-83.0,-1.5987,False,False,False,
2011-10-27,683.0,-133.0,-2.3622,False,False,False,
2011-10-28,685.0,-156.0,-2.6784,False,False,False,
2011-10-31,707.0,-165.0,-2.7687,False,False,False,
2011-11-01,742.0,-168.0,-2.767,False,False,False,
2011-11-02,735.0,-163.0,-2.6463,False,False,False,
2011-11-03,725.0,-147.0,-2.3737,False,False,False,
2011-11-04,726.0,-129.0,-2.0847,False,False,False,
2011-11-07,729.0,-127.0,-2.0322,False,False,False,
2011-11-08,723.0,-111.0,-1.7821,False,False,False,
2011-11-09,748.0,-59.0,-1.0271,False,False,False,
2011-11-10,746.0,-59.0,-1.0207,False,False,False,
2011-11-11,746.0,-43.0,-0.7875,False,False,False,
2011-11-14,744.0,-44.0,-0.7983,False,False,False,
2011-11-15,749.0,-38.0,-0.7093,False,False,False,
2011-11-16,754.0,-16.0,-0.3927,True,False,True,
2011-11-17,762.0,-2.0,-0.1922,True,False,True,
2011-11-18,761.0,15.0,0.0498,True,False,True,
2011-11-21,779.0,48.0,0.5184,True,False,True,
2011-11-22,790.0,61.0,0.7008,True,False,True,
2011-11-23,803.0,83.0,1.0078,True,True,True,
2011-11-24,803.0,120.0,1.5198,True,True,True,
2011-11-25,800.0,115.0,1.4362,True,True,True,
2011-11-28,795.0,88.0,1.0475,True,True,True,
2011-11-29,795.0,53.0,0.551,True,False,True,
2011-11-30,779.0,44.0,0.4197,True,False,True,
2011-12-01,769.0,44.0,0.415,True,False,True,
2011-12-02,765.0,39.0,0.3406,True,False,True,
2011-12-05,756.0,27.0,0.1683,True,False,True,
2011-12-06,750.0,27.0,0.1648,True,False,True,
2011-12-07,754.0,6.0,-0.1358,True,False,True,
2011-12-08,756.0,10.0,-0.0825,True,False,True,
2011-12-09,753.0,7.0,-0.1289,True,False,True,
2011-12-12,760.0,16.0,-0.005,True,False,True,
2011-12-13,760.0,11.0,-0.0807,True,False,True,
2011-12-14,763.0,9.0,-0.1157,True,False,True,
2011-12-15,762.0,0.0,-0.249,True,False,True,
2011-12-16,765.0,4.0,-0.1957,True,False,True,
2011-12-19,765.0,-14.0,-0.4582,True,False,True,
2011-12-20,754.0,-36.0,-0.7789,True,False,True,
2011-12-21,749.0,-54.0,-1.0381,False,False,False,
2011-12-22,745.0,-58.0,-1.0951,False,False,False,
2011-12-23,737.0,-63.0,-1.1653,False,False,False,
2011-12-27,737.0,-58.0,-1.09,False,False,False,
2011-12-28,740.0,-55.0,-1.044,False,False,False,
2011-12-29,736.0,-43.0,-0.869,False,False,False,
2011-12-30,738.0,-31.0,-0.6956,False,False,False,
2011-12-31,723.0,-42.0,-0.8525,False,False,False,
2012-01-03,706.0,-50.0,-0.9667,False,False,False,
2012-01-04,700.0,-50.0,-0.9656,False,False,False,
2012-01-05,700.0,-54.0,-1.0215,False,False,False,
2012-01-06,700.0,-56.0,-1.0478,False,False,False,
2012-01-09,699.0,-54.0,-1.017,False,False,False,
2012-01-10,692.0,-68.0,-1.2131,False,False,False,
2012-01-11,698.0,-62.0,-1.1244,False,False,False,
2012-01-12,693.0,-70.0,-1.2329,False,False,False,
2012-01-13,702.0,-60.0,-1.0884,False,False,False,
2012-01-16,698.0,-67.0,-1.1839,False,False,False,
2012-01-17,699.0,-66.0,-1.1663,False,False,False,
2012-01-18,693.0,-61.0,-1.0915,False,False,False,
2012-01-19,677.0,-72.0,-1.2418,False,False,False,
2012-01-20,669.0,-76.0,-1.2917,False,False,False,
2012-01-23,662.0,-75.0,-1.272,False,False,False,
2012-01-24,662.0,-75.0,-1.2693,False,False,False,
2012-01-25,663.0,-77.0,-1.2955,False,False,False,
2012-01-26,658.0,-78.0,-1.3082,False,False,False,
2012-01-27,657.0,-81.0,-1.3468,False,False,False,
2012-01-30,665.0,-58.0,-1.0256,False,False,False,
2012-01-31,661.0,-45.0,-0.8445,False,False,False,
2012-02-01,654.0,-46.0,-0.8592,False,False,False,
2012-02-02,655.0,-45.0,-0.846,False,False,False,
2012-02-03,642.0,-58.0,-1.0281,False,False,False,
2012-02-06,644.0,-55.0,-0.9852,False,False,False,
2012-02-07,636.0,-56.0,-0.9987,False,False,False,
2012-02-08,629.0,-69.0,-1.1785,False,False,False,
2012-02-09,626.0,-67.0,-1.1474,False,False,False,
2012-02-10,635.0,-67.0,-1.1434,False,False,False,
2012-02-13,627.0,-71.0,-1.1941,False,False,False,
2012-02-14,627.0,-72.0,-1.2032,False,False,False,
2012-02-15,627.0,-66.0,-1.116,False,False,False,
2012-02-16,626.0,-51.0,-0.9056,False,False,False,
2012-02-17,620.0,-49.0,-0.8751,False,False,False,
2012-02-20,620.0,-42.0,-0.7768,False,False,False,
2012-02-21,614.0,-48.0,-0.8558,False,False,False,
2012-02-22,615.0,-48.0,-0.8517,False,False,False,
2012-02-23,611.0,-47.0,-0.8336,False,False,False,
2012-02-24,601.0,-56.0,-0.952,False,False,False,
2012-02-27,605.0,-60.0,-1.0002,False,False,False,
2012-02-28,601.0,-60.0,-0.9934,False,False,False,
2012-02-29,598.0,-56.0,-0.9323,False,False,False,
2012-03-01,594.0,-61.0,-0.9931,False,False,False,
2012-03-02,597.0,-45.0,-0.7689,False,False,False,
2012-03-05,601.0,-43.0,-0.736,False,False,False,
2012-03-06,625.0,-11.0,-0.2966,False,False,False,
2012-03-07,618.0,-11.0,-0.2938,False,False,False,
2012-03-08,611.0,-15.0,-0.3462,False,False,False,
2012-03-09,609.0,-26.0,-0.4932,False,False,False,
2012-03-12,606.0,-21.0,-0.4232,False,False,False,
2012-03-13,597.0,-30.0,-0.5435,False,False,False,
2012-03-14,583.0,-44.0,-0.7312,False,False,False,
2012-03-15,587.0,-39.0,-0.6607,False,False,False,
2012-03-16,586.0,-34.0,-0.5903,False,False,False,
2012-03-19,579.0,-41.0,-0.6816,False,False,False,
2012-03-20,580.0,-34.0,-0.5842,False,False,False,
2012-03-21,585.0,-30.0,-0.5279,False,False,False,
2012-03-22,591.0,-20.0,-0.3911,False,False,False,
2012-03-23,593.0,-8.0,-0.2288,False,False,False,
2012-03-26,591.0,-14.0,-0.311,False,False,False,
2012-03-27,593.0,-8.0,-0.2312,False,False,False,
2012-03-28,593.0,-5.0,-0.1926,False,False,False,
2012-03-29,602.0,8.0,-0.019,False,False,False,
2012-03-30,595.0,-2.0,-0.1578,False,False,False,
2012-03-31,599.0,-2.0,-0.1606,False,False,False,
2012-04-02,599.0,-26.0,-0.4882,False,False,False,
2012-04-03,591.0,-27.0,-0.5013,False,False,False,
2012-04-04,599.0,-12.0,-0.2971,False,False,False,
2012-04-05,605.0,-4.0,-0.1893,False,False,False,
2012-04-09,624.0,18.0,0.1087,False,False,False,
2012-04-10,632.0,35.0,0.3381,False,False,False,
2012-04-11,630.0,47.0,0.4988,False,False,False,
2012-04-12,624.0,37.0,0.3601,False,False,False,
2012-04-13,626.0,40.0,0.3985,False,False,False,
2012-04-16,623.0,44.0,0.4502,False,False,False,
2012-04-17,616.0,36.0,0.3394,False,False,False,
2012-04-18,616.0,31.0,0.2697,False,False,False,
2012-04-19,617.0,26.0,0.2008,False,False,False,
2012-04-20,614.0,21.0,0.1326,False,False,False,
2012-04-23,620.0,29.0,0.2413,False,False,False,
2012-04-24,614.0,21.0,0.1327,False,False,False,
2012-04-25,605.0,12.0,0.0111,False,False,False,
2012-04-26,606.0,4.0,-0.0974,False,False,False,
2012-04-27,602.0,7.0,-0.0562,False,False,False,
2012-04-30,604.0,5.0,-0.0827,False,False,False,
2012-05-01,596.0,-3.0,-0.1909,False,False,False,
2012-05-02,596.0,5.0,-0.0819,False,False,False,
2012-05-03,592.0,-7.0,-0.2446,False,False,False,
2012-05-04,594.0,-11.0,-0.2977,False,False,False,
2012-05-07,595.0,-29.0,-0.54,False,False,False,
2012-05-08,600.0,-32.0,-0.578,False,False,False,
2012-05-09,604.0,-26.0,-0.494,False,False,False,
2012-05-10,600.0,-24.0,-0.4641,False,False,False,
2012-05-11,602.0,-24.0,-0.4616,False,False,False,
2012-05-14,611.0,-12.0,-0.2964,False,False,False,
2012-05-15,615.0,-1.0,-0.1456,False,False,False,
2012-05-16,622.0,6.0,-0.0494,False,False,False,
2012-05-17,644.0,27.0,0.2361,False,False,False,
2012-05-18,652.0,38.0,0.3856,False,False,False,
2012-05-21,663.0,43.0,0.453,False,False,False,
2012-05-22,655.0,41.0,0.426,False,False,False,
2012-05-23,666.0,61.0,0.6963,False,False,False,
2012-05-24,662.0,56.0,0.6281,False,False,False,
2012-05-25,663.0,61.0,0.6958,False,False,False,
2012-05-28,663.0,59.0,0.6688,False,False,False,
2012-05-29,659.0,63.0,0.7231,False,False,False,
2012-05-30,671.0,75.0,0.8853,False,False,False,
2012-05-31,696.0,104.0,1.2729,False,True,True,
2012-06-01,716.0,122.0,1.5092,False,True,True,
2012-06-04,717.0,122.0,1.5035,False,True,True,
2012-06-05,723.0,123.0,1.5106,False,True,True,
2012-06-06,706.0,102.0,1.226,False,True,True,
2012-06-07,695.0,95.0,1.1301,False,True,True,
2012-06-08,695.0,93.0,1.1008,False,True,True,
2012-06-11,690.0,79.0,0.913,False,False,False,
2012-06-12,690.0,75.0,0.8599,False,False,False,
2012-06-13,691.0,69.0,0.7804,False,False,False,
2012-06-14,685.0,41.0,0.4067,False,False,False,
2012-06-15,684.0,32.0,0.2866,False,False,False,
2012-06-18,681.0,18.0,0.0997,False,False,False,
2012-06-19,665.0,10.0,-0.0074,False,False,False,
2012-06-20,654.0,-12.0,-0.3008,False,False,False,
2012-06-21,652.0,-10.0,-0.273,False,False,False,
2012-06-22,652.0,-11.0,-0.2856,False,False,False,
2012-06-25,660.0,-3.0,-0.179,False,False,False,
2012-06-26,657.0,-2.0,-0.1657,False,False,False,
2012-06-27,652.0,-19.0,-0.3916,False,False,False,
2012-06-28,652.0,-44.0,-0.7218,False,False,False,
2012-06-29,636.0,-80.0,-1.195,False,False,False,
2012-06-30,644.0,-73.0,-1.0963,False,False,False,
2012-07-02,645.0,-78.0,-1.1565,False,False,False,
2012-07-03,639.0,-67.0,-1.0059,False,False,False,
2012-07-04,638.0,-57.0,-0.8698,False,False,False,
2012-07-05,640.0,-55.0,-0.8403,False,False,False,
2012-07-06,644.0,-46.0,-0.7209,False,False,False,
2012-07-09,644.0,-46.0,-0.7209,False,False,False,
2012-07-10,640.0,-51.0,-0.7864,False,False,False,
2012-07-11,637.0,-48.0,-0.7454,False,False,False,
2012-07-12,641.0,-43.0,-0.6779,False,False,False,
2012-07-13,641.0,-40.0,-0.636,False,False,False,
2012-07-16,639.0,-26.0,-0.4491,False,False,False,
2012-07-17,636.0,-18.0,-0.3416,False,False,False,
2012-07-18,633.0,-19.0,-0.3523,False,False,False,
2012-07-19,625.0,-27.0,-0.4542,False,False,False,
2012-07-20,628.0,-32.0,-0.5154,False,False,False,
2012-07-23,638.0,-19.0,-0.3397,False,False,False,
2012-07-24,640.0,-12.0,-0.2434,False,False,False,
2012-07-25,640.0,-12.0,-0.2374,False,False,False,
2012-07-26,635.0,-1.0,-0.0836,False,False,False,
2012-07-27,622.0,-22.0,-0.3578,False,False,False,
2012-07-30,620.0,-25.0,-0.3917,False,False,False,
2012-07-31,616.0,-23.0,-0.3574,False,False,False,
2012-08-01,610.0,-28.0,-0.4202,False,False,False,
2012-08-02,613.0,-27.0,-0.3996,False,False,False,
2012-08-03,601.0,-43.0,-0.6201,False,False,False,
2012-08-06,600.0,-44.0,-0.6298,False,False,False,
2012-08-07,591.0,-49.0,-0.6988,False,False,False,
2012-08-08,589.0,-48.0,-0.6809,False,False,False,
2012-08-09,591.0,-50.0,-0.7094,False,False,False,
2012-08-10,598.0,-43.0,-0.5997,False,False,False,
2012-08-13,596.0,-43.0,-0.596,False,False,False,
2012-08-14,592.0,-44.0,-0.6086,False,False,False,
2012-08-15,588.0,-45.0,-0.621,False,False,False,
2012-08-16,589.0,-36.0,-0.4673,False,False,False,
2012-08-17,589.0,-39.0,-0.5115,False,False,False,
2012-08-20,586.0,-52.0,-0.7251,False,False,False,
2012-08-21,583.0,-57.0,-0.8044,False,False,False,
2012-08-22,588.0,-52.0,-0.7127,False,False,False,
2012-08-23,589.0,-46.0,-0.6047,False,False,False,
2012-08-24,587.0,-35.0,-0.413,False,False,False,
2012-08-27,587.0,-33.0,-0.3762,False,False,False,
2012-08-28,588.0,-28.0,-0.2873,False,False,False,
2012-08-29,584.0,-26.0,-0.2482,False,False,False,
2012-08-30,586.0,-27.0,-0.2606,False,False,False,
2012-08-31,598.0,-3.0,0.1564,False,False,False,
2012-09-03,598.0,-2.0,0.1757,False,False,False,
2012-09-04,594.0,3.0,0.263,False,False,False,
2012-09-05,591.0,2.0,0.2478,False,False,False,
2012-09-06,580.0,-11.0,0.0247,False,False,False,
2012-09-07,574.0,-24.0,-0.1975,False,False,False,
2012-09-10,568.0,-28.0,-0.2618,False,False,False,
2012-09-11,564.0,-28.0,-0.257,False,False,False,
2012-09-12,551.0,-37.0,-0.4079,False,False,False,
2012-09-13,550.0,-39.0,-0.4374,False,False,False,
2012-09-14,530.0,-59.0,-0.7805,False,False,False,
2012-09-17,532.0,-54.0,-0.6868,False,False,False,
2012-09-18,533.0,-50.0,-0.6105,False,False,False,
2012-09-19,534.0,-54.0,-0.6777,False,False,False,
2012-09-20,538.0,-51.0,-0.6204,False,False,False,
2012-09-21,542.0,-45.0,-0.5055,False,False,False,
2012-09-24,550.0,-37.0,-0.3482,False,False,False,
2012-09-25,556.0,-32.0,-0.2452,False,False,False,
2012-09-26,580.0,-4.0,0.3048,False,False,False,
2012-09-27,573.0,-13.0,0.1371,False,False,False,
2012-09-28,572.0,-26.0,-0.1119,False,False,False,
2012-09-30,574.0,-24.0,-0.0666,False,False,False,
2012-10-01,571.0,-23.0,-0.0418,False,False,False,
2012-10-02,572.0,-19.0,0.0411,False,False,False,
2012-10-03,568.0,-12.0,0.1835,False,False,False,
2012-10-04,562.0,-12.0,0.1853,False,False,False,
2012-10-05,555.0,-13.0,0.164,False,False,False,
2012-10-08,554.0,-10.0,0.2203,False,False,False,
2012-10-09,556.0,5.0,0.5138,False,False,False,
2012-10-10,561.0,11.0,0.628,False,False,False,
2012-10-11,557.0,27.0,0.9398,False,False,False,
2012-10-12,556.0,24.0,0.875,False,False,False,
2012-10-15,548.0,15.0,0.6899,False,False,False,
2012-10-16,540.0,6.0,0.5007,False,False,False,
2012-10-17,527.0,-11.0,0.1366,False,False,False,
2012-10-18,524.0,-18.0,-0.0247,False,False,False,
2012-10-19,531.0,-19.0,-0.0582,False,False,False,
2012-10-22,528.0,-28.0,-0.2683,False,False,False,
2012-10-23,541.0,-39.0,-0.5273,False,False,False,
2012-10-24,539.0,-34.0,-0.4253,False,False,False,
2012-10-25,533.0,-39.0,-0.5415,False,False,False,
2012-10-26,541.0,-33.0,-0.4079,False,False,False,
2012-10-29,546.0,-25.0,-0.2272,False,False,False,
2012-10-31,563.0,-9.0,0.1349,False,False,False,
2012-11-01,557.0,-11.0,0.0868,False,False,False,
2012-11-02,554.0,-8.0,0.1546,False,False,False,
2012-11-05,557.0,2.0,0.3828,False,False,False,
2012-11-06,549.0,-5.0,0.2248,False,False,False,
2012-11-07,563.0,7.0,0.5048,False,False,False,
2012-11-08,567.0,6.0,0.4896,False,False,False,
2012-11-09,577.0,20.0,0.826,False,False,False,
2012-11-12,577.0,21.0,0.8747,False,False,False,
2012-11-13,582.0,34.0,1.211,False,True,True,
2012-11-14,584.0,44.0,1.4689,False,True,True,
2012-11-15,594.0,67.0,2.0223,False,True,True,
2012-11-16,598.0,74.0,2.1779,False,True,True,
2012-11-19,585.0,54.0,1.6913,False,True,True,
2012-11-20,579.0,51.0,1.6151,False,True,True,
2012-11-21,572.0,31.0,1.1328,False,True,True,
2012-11-22,572.0,33.0,1.1796,False,True,True,
2012-11-23,571.0,38.0,1.2931,False,True,True,
2012-11-26,568.0,27.0,1.0263,False,True,True,
2012-11-27,565.0,19.0,0.8329,False,False,False,
2012-11-28,566.0,3.0,0.4516,False,False,False,
2012-11-29,558.0,1.0,0.4049,False,False,False,
2012-11-30,565.0,11.0,0.6442,False,False,False,
2012-12-03,560.0,3.0,0.4522,False,False,False,
2012-12-04,558.0,9.0,0.5953,False,False,False,
2012-12-05,551.0,-12.0,0.0922,False,False,False,
2012-12-06,548.0,-19.0,-0.0771,False,False,False,
2012-12-07,542.0,-35.0,-0.4629,False,False,False,
2012-12-10,541.0,-36.0,-0.4897,False,False,False,
2012-12-11,535.0,-47.0,-0.7566,False,False,False,
2012-12-12,529.0,-55.0,-0.9497,False,False,False,
2012-12-13,527.0,-67.0,-1.2358,False,False,False,
2012-12-14,528.0,-70.0,-1.3021,False,False,False,
2012-12-17,531.0,-54.0,-0.9149,False,False,False,
2012-12-18,519.0,-60.0,-1.0554,False,False,False,
2012-12-19,519.0,-53.0,-0.8875,False,False,False,
2012-12-20,519.0,-53.0,-0.887,False,False,False,
2012-12-21,526.0,-45.0,-0.6971,False,False,False,
2012-12-24,524.0,-44.0,-0.675,False,False,False,
2012-12-26,524.0,-41.0,-0.605,False,False,False,
2012-12-27,528.0,-38.0,-0.5373,False,False,False,
2012-12-28,530.0,-28.0,-0.3011,False,False,False,
2012-12-31,534.0,-31.0,-0.3782,False,False,False,
2013-01-02,516.0,-44.0,-0.6947,False,False,False,
2013-01-03,506.0,-52.0,-0.891,False,False,False,
2013-01-04,504.0,-47.0,-0.7731,False,False,False,
2013-01-07,502.0,-46.0,-0.7513,False,False,False,
2013-01-08,502.0,-40.0,-0.6105,False,False,False,
2013-01-09,499.0,-42.0,-0.6649,False,False,False,
2013-01-10,494.0,-41.0,-0.646,False,False,False,
2013-01-11,493.0,-36.0,-0.5291,False,False,False,
2013-01-14,491.0,-36.0,-0.5353,False,False,False,
2013-01-15,496.0,-32.0,-0.4429,False,False,False,
2013-01-16,495.0,-36.0,-0.5495,False,False,False,
2013-01-17,488.0,-31.0,-0.4281,False,False,False,
2013-01-18,489.0,-30.0,-0.4049,False,False,False,
2013-01-21,488.0,-31.0,-0.4319,False,False,False,
2013-01-22,488.0,-38.0,-0.6084,False,False,False,
2013-01-23,485.0,-39.0,-0.6365,False,False,False,
2013-01-24,482.0,-42.0,-0.714,False,False,False,
2013-01-25,473.0,-55.0,-1.0414,False,False,False,
2013-01-28,472.0,-58.0,-1.1195,False,False,False,
2013-01-29,478.0,-56.0,-1.0716,False,False,False,
2013-01-30,484.0,-32.0,-0.471,False,False,False,
2013-01-31,495.0,-11.0,0.0549,False,False,False,
2013-02-01,494.0,-10.0,0.0744,False,False,False,
2013-02-04,501.0,-1.0,0.2987,False,False,False,
2013-02-05,501.0,-1.0,0.2941,False,False,False,
2013-02-06,504.0,5.0,0.4433,False,False,False,
2013-02-07,508.0,14.0,0.6692,False,False,False,
2013-02-08,508.0,15.0,0.689,False,False,False,
2013-02-11,506.0,15.0,0.6831,False,False,False,
2013-02-12,504.0,8.0,0.4977,False,False,False,
2013-02-13,497.0,2.0,0.3379,False,False,False,
2013-02-14,497.0,9.0,0.5132,False,False,False,
2013-02-15,496.0,7.0,0.4557,False,False,False,
2013-02-18,495.0,7.0,0.4503,False,False,False,
2013-02-19,492.0,4.0,0.3666,False,False,False,
2013-02-20,492.0,7.0,0.4402,False,False,False,
2013-02-21,499.0,17.0,0.6961,False,False,False,
2013-02-22,497.0,24.0,0.8744,False,False,False,
2013-02-25,497.0,25.0,0.8954,False,False,False,
2013-02-26,502.0,24.0,0.864,False,False,False,
2013-02-27,498.0,14.0,0.599,False,False,False,
2013-02-28,498.0,3.0,0.3098,False,False,False,
2013-03-01,500.0,6.0,0.3844,False,False,False,
2013-03-04,498.0,-3.0,0.1458,False,False,False,
2013-03-05,492.0,-9.0,-0.014,False,False,False,
2013-03-06,488.0,-16.0,-0.199,False,False,False,
2013-03-07,481.0,-27.0,-0.4888,False,False,False,
2013-03-08,476.0,-32.0,-0.6201,False,False,False,
2013-03-11,475.0,-31.0,-0.5937,False,False,False,
2013-03-12,476.0,-28.0,-0.5141,False,False,False,
2013-03-13,475.0,-22.0,-0.3555,False,False,False,
2013-03-14,471.0,-26.0,-0.4588,False,False,False,
2013-03-15,472.0,-24.0,-0.4046,False,False,False,
2013-03-18,477.0,-18.0,-0.2463,False,False,False,
2013-03-19,478.0,-14.0,-0.1394,False,False,False,
2013-03-20,476.0,-16.0,-0.1903,False,False,False,
2013-03-21,476.0,-23.0,-0.3712,False,False,False,
2013-03-22,478.0,-19.0,-0.2674,False,False,False,
2013-03-25,475.0,-22.0,-0.3465,False,False,False,
2013-03-26,478.0,-24.0,-0.3974,False,False,False,
2013-03-27,481.0,-17.0,-0.2129,False,False,False,
2013-03-28,480.0,-18.0,-0.2356,False,False,False,
2013-03-31,486.0,-14.0,-0.1261,False,False,False,
2013-04-01,487.0,-11.0,-0.0414,False,False,False,
2013-04-02,484.0,-8.0,0.0425,False,False,False,
2013-04-03,487.0,-1.0,0.2327,False,False,False,
2013-04-04,489.0,8.0,0.4771,False,False,False,
2013-04-05,495.0,19.0,0.7733,False,False,False,
2013-04-08,490.0,15.0,0.6692,False,False,False,
2013-04-09,487.0,11.0,0.5646,False,False,False,
2013-04-10,478.0,3.0,0.3529,False,False,False,
2013-04-11,473.0,2.0,0.3296,False,False,False,
2013-04-12,475.0,3.0,0.3588,False,False,False,
2013-04-15,479.0,2.0,0.3332,False,False,False,
2013-04-16,478.0,0.0,0.2799,False,False,False,
2013-04-17,480.0,4.0,0.3878,False,False,False,
2013-04-18,480.0,4.0,0.3879,False,False,False,
2013-04-19,478.0,0.0,0.28,False,False,False,
2013-04-22,475.0,0.0,0.2806,False,False,False,
2013-04-23,471.0,-7.0,0.0923,False,False,False,
2013-04-24,466.0,-15.0,-0.1224,False,False,False,
2013-04-25,461.0,-19.0,-0.2311,False,False,False,
2013-04-26,460.0,-26.0,-0.4203,False,False,False,
2013-04-29,453.0,-34.0,-0.6344,False,False,False,
2013-04-30,455.0,-29.0,-0.4993,False,False,False,
2013-05-01,450.0,-37.0,-0.7125,False,False,False,
2013-05-02,445.0,-44.0,-0.8958,False,False,False,
2013-05-03,433.0,-62.0,-1.3673,False,False,False,
2013-05-06,430.0,-60.0,-1.3029,False,False,False,
2013-05-07,424.0,-63.0,-1.371,False,False,False,
2013-05-08,424.0,-54.0,-1.1229,False,False,False,
2013-05-09,423.0,-50.0,-1.0088,False,False,False,
2013-05-10,423.0,-52.0,-1.0542,False,False,False,
2013-05-13,435.0,-44.0,-0.8345,False,False,False,
2013-05-14,435.0,-43.0,-0.8015,False,False,False,
2013-05-15,436.0,-44.0,-0.8229,False,False,False,
2013-05-16,442.0,-38.0,-0.6535,False,False,False,
2013-05-17,437.0,-41.0,-0.7303,False,False,False,
2013-05-20,434.0,-41.0,-0.7258,False,False,False,
2013-05-21,435.0,-36.0,-0.583,False,False,False,
2013-05-22,427.0,-39.0,-0.6711,False,False,False,
2013-05-23,442.0,-19.0,-0.0667,False,False,False,
2013-05-24,445.0,-15.0,0.075,False,False,False,
2013-05-27,444.0,-9.0,0.2877,False,False,False,
2013-05-28,435.0,-20.0,-0.0584,False,False,False,
2013-05-29,455.0,5.0,0.8152,False,False,False,
2013-05-30,454.0,9.0,0.9837,False,False,False,
2013-05-31,462.0,29.0,1.7237,False,True,True,
2013-06-03,476.0,46.0,2.3579,False,True,True,
2013-06-04,479.0,55.0,2.6685,False,True,True,
2013-06-05,503.0,79.0,3.4639,False,True,True,
2013-06-06,508.0,85.0,3.5836,False,True,True,
2013-06-07,489.0,66.0,2.876,False,True,True,
2013-06-10,486.0,51.0,2.331,False,True,True,
2013-06-11,508.0,73.0,3.0058,False,True,True,
2013-06-12,502.0,66.0,2.7231,False,True,True,
2013-06-13,511.0,69.0,2.7693,False,True,True,
2013-06-14,504.0,67.0,2.6592,False,True,True,
2013-06-17,497.0,63.0,2.4908,False,True,True,
2013-06-18,496.0,61.0,2.3909,False,True,True,
2013-06-19,485.0,58.0,2.2752,False,True,True,
2013-06-20,512.0,70.0,2.6085,False,True,True,
2013-06-21,509.0,64.0,2.3974,False,True,True,
2013-06-24,534.0,90.0,3.1252,False,True,True,
2013-06-25,534.0,99.0,3.3134,False,True,True,
2013-06-26,529.0,74.0,2.5353,False,True,True,
2013-06-27,523.0,69.0,2.3539,False,True,True,
2013-06-28,516.0,54.0,1.8983,False,True,True,
2013-06-30,521.0,45.0,1.6238,False,True,True,
2013-07-01,517.0,38.0,1.4105,False,True,True,
2013-07-02,515.0,12.0,0.66,False,False,False,
2013-07-03,515.0,7.0,0.5117,False,False,False,
2013-07-04,515.0,26.0,1.0491,False,True,True,
2013-07-05,504.0,18.0,0.8148,False,False,False,
2013-07-08,511.0,3.0,0.3832,False,False,False,
2013-07-09,504.0,2.0,0.3514,False,False,False,
2013-07-10,498.0,-13.0,-0.08,False,False,False,
2013-07-11,490.0,-14.0,-0.1092,False,False,False,
2013-07-12,480.0,-17.0,-0.1945,False,False,False,
2013-07-15,477.0,-19.0,-0.2509,False,False,False,
2013-07-16,472.0,-13.0,-0.0778,False,False,False,
2013-07-17,468.0,-44.0,-0.9613,False,False,False,
2013-07-18,457.0,-52.0,-1.184,False,False,False,
2013-07-19,456.0,-78.0,-1.9056,False,False,False,
2013-07-22,453.0,-81.0,-1.9701,False,False,False,
2013-07-23,450.0,-79.0,-1.8951,False,False,False,
2013-07-24,455.0,-68.0,-1.5798,False,False,False,
2013-07-25,465.0,-51.0,-1.1053,False,False,False,
2013-07-26,471.0,-50.0,-1.0772,False,False,False,
2013-07-29,469.0,-48.0,-1.0217,False,False,False,
2013-07-30,466.0,-49.0,-1.0497,False,False,False,
2013-07-31,471.0,-44.0,-0.9105,False,False,False,
2013-08-01,463.0,-52.0,-1.1307,False,False,False,
2013-08-02,474.0,-30.0,-0.522,False,False,False,
2013-08-05,474.0,-37.0,-0.718,False,False,False,
2013-08-06,476.0,-28.0,-0.4687,False,False,False,
2013-08-07,481.0,-17.0,-0.1652,False,False,False,
2013-08-08,480.0,-10.0,0.0253,False,False,False,
2013-08-09,480.0,0.0,0.2993,False,False,False,
2013-08-12,478.0,1.0,0.3222,False,False,False,
2013-08-13,472.0,0.0,0.2895,False,False,False,
2013-08-14,469.0,1.0,0.3139,False,False,False,
2013-08-15,474.0,17.0,0.7587,False,False,False,
2013-08-16,470.0,14.0,0.6693,False,False,False,
2013-08-19,471.0,18.0,0.7764,False,False,False,
2013-08-20,480.0,30.0,1.1053,False,True,True,
2013-08-21,477.0,22.0,0.8767,False,False,False,
2013-08-22,473.0,8.0,0.483,False,False,False,
2013-08-23,475.0,4.0,0.3708,False,False,False,
2013-08-26,475.0,6.0,0.4263,False,False,False,
2013-08-27,482.0,16.0,0.7027,False,False,False,
2013-08-28,477.0,6.0,0.4196,False,False,False,
2013-08-29,476.0,13.0,0.6108,False,False,False,
2013-09-02,478.0,4.0,0.3555,False,False,False,
2013-09-03,469.0,-5.0,0.1002,False,False,False,
2013-09-04,464.0,-12.0,-0.0991,False,False,False,
2013-09-05,459.0,-22.0,-0.3853,False,False,False,
2013-09-06,463.0,-17.0,-0.2494,False,False,False,
2013-09-09,466.0,-14.0,-0.1691,False,False,False,
2013-09-10,460.0,-18.0,-0.2874,False,False,False,
2013-09-11,463.0,-9.0,-0.0364,False,False,False,
2013-09-12,461.0,-8.0,-0.0121,False,False,False,
2013-09-13,460.0,-14.0,-0.1865,False,False,False,
2013-09-16,454.0,-16.0,-0.2457,False,False,False,
2013-09-17,459.0,-12.0,-0.1303,False,False,False,
2013-09-18,467.0,-13.0,-0.1589,False,False,False,
2013-09-19,451.0,-26.0,-0.5312,False,False,False,
2013-09-20,454.0,-19.0,-0.3314,False,False,False,
2013-09-23,460.0,-15.0,-0.2178,False,False,False,
2013-09-24,465.0,-10.0,-0.0755,False,False,False,
2013-09-25,470.0,-12.0,-0.1329,False,False,False,
2013-09-26,469.0,-8.0,-0.0187,False,False,False,
2013-09-27,475.0,-1.0,0.1806,False,False,False,
2013-09-30,483.0,5.0,0.3508,False,False,False,
2013-10-01,478.0,9.0,0.4649,False,False,False,
2013-10-02,478.0,14.0,0.6077,False,False,False,
2013-10-03,475.0,16.0,0.6669,False,False,False,
2013-10-04,470.0,7.0,0.4113,False,False,False,
2013-10-07,469.0,3.0,0.298,False,False,False,
2013-10-08,468.0,8.0,0.4414,False,False,False,
2013-10-09,467.0,4.0,0.3247,False,False,False,
2013-10-10,461.0,0.0,0.2078,False,False,False,
2013-10-11,462.0,2.0,0.2629,False,False,False,
2013-10-14,460.0,6.0,0.3741,False,False,False,
2013-10-15,454.0,-5.0,0.0542,False,False,False,
2013-10-16,455.0,-12.0,-0.1501,False,False,False,
2013-10-17,453.0,2.0,0.2492,False,False,False,
2013-10-18,446.0,-8.0,-0.0424,False,False,False,
2013-10-21,441.0,-19.0,-0.3612,False,False,False,
2013-10-22,444.0,-21.0,-0.4175,False,False,False,
2013-10-23,444.0,-26.0,-0.5599,False,False,False,
2013-10-24,440.0,-29.0,-0.6436,False,False,False,
2013-10-25,442.0,-33.0,-0.7543,False,False,False,
2013-10-28,444.0,-39.0,-0.9219,False,False,False,
2013-10-29,445.0,-33.0,-0.744,False,False,False,
2013-10-30,443.0,-35.0,-0.7961,False,False,False,
2013-10-31,436.0,-39.0,-0.9039,False,False,False,
2013-11-01,431.0,-39.0,-0.8968,False,False,False,
2013-11-04,433.0,-36.0,-0.804,False,False,False,
2013-11-05,433.0,-35.0,-0.7688,False,False,False,
2013-11-06,435.0,-32.0,-0.6767,False,False,False,
2013-11-07,434.0,-27.0,-0.5253,False,False,False,
2013-11-08,438.0,-24.0,-0.4308,False,False,False,
2013-11-11,438.0,-22.0,-0.3652,False,False,False,
2013-11-12,435.0,-19.0,-0.2706,False,False,False,
2013-11-13,442.0,-13.0,-0.0861,False,False,False,
2013-11-14,441.0,-12.0,-0.0503,False,False,False,
2013-11-15,438.0,-8.0,0.0745,False,False,False,
2013-11-18,435.0,-6.0,0.1381,False,False,False,
2013-11-19,431.0,-13.0,-0.0717,False,False,False,
2013-11-20,429.0,-15.0,-0.1303,False,False,False,
2013-11-21,432.0,-8.0,0.0839,False,False,False,
2013-11-22,430.0,-12.0,-0.0355,False,False,False,
2013-11-25,427.0,-17.0,-0.1839,False,False,False,
2013-11-26,427.0,-18.0,-0.2135,False,False,False,
2013-11-27,424.0,-19.0,-0.2438,False,False,False,
2013-11-28,424.0,-12.0,-0.0344,False,False,False,
2013-11-29,423.0,-8.0,0.0837,False,False,False,
2013-11-30,427.0,-6.0,0.1398,False,False,False,
2013-12-02,419.0,-14.0,-0.1091,False,False,False,
2013-12-03,422.0,-13.0,-0.0856,False,False,False,
2013-12-04,419.0,-15.0,-0.1549,False,False,False,
2013-12-05,416.0,-22.0,-0.3768,False,False,False,
2013-12-06,413.0,-25.0,-0.4764,False,False,False,
2013-12-09,411.0,-24.0,-0.4502,False,False,False,
2013-12-10,415.0,-27.0,-0.5491,False,False,False,
2013-12-11,411.0,-30.0,-0.6462,False,False,False,
2013-12-12,411.0,-27.0,-0.5549,False,False,False,
2013-12-13,412.0,-23.0,-0.4319,False,False,False,
2013-12-16,409.0,-22.0,-0.4029,False,False,False,
2013-12-17,415.0,-14.0,-0.1519,False,False,False,
2013-12-18,414.0,-18.0,-0.2803,False,False,False,
2013-12-19,407.0,-23.0,-0.442,False,False,False,
2013-12-20,404.0,-23.0,-0.4471,False,False,False,
2013-12-23,400.0,-27.0,-0.5782,False,False,False,
2013-12-24,396.0,-28.0,-0.6137,False,False,False,
2013-12-26,396.0,-28.0,-0.6159,False,False,False,
2013-12-27,396.0,-27.0,-0.5868,False,False,False,
2013-12-30,397.0,-30.0,-0.6851,False,False,False,
2013-12-31,400.0,-19.0,-0.3349,False,False,False,
2014-01-02,400.0,-22.0,-0.4335,False,False,False,
2014-01-03,398.0,-21.0,-0.4031,False,False,False,
2014-01-06,396.0,-20.0,-0.3734,False,False,False,
2014-01-07,392.0,-21.0,-0.4072,False,False,False,
2014-01-08,387.0,-24.0,-0.505,False,False,False,
2014-01-09,388.0,-27.0,-0.6025,False,False,False,
2014-01-10,395.0,-16.0,-0.2507,False,False,False,
2014-01-13,397.0,-14.0,-0.1896,False,False,False,
2014-01-14,392.0,-20.0,-0.3876,False,False,False,
2014-01-15,387.0,-22.0,-0.4587,False,False,False,
2014-01-16,388.0,-27.0,-0.6286,False,False,False,
2014-01-17,388.0,-26.0,-0.6023,False,False,False,
2014-01-20,388.0,-19.0,-0.3742,False,False,False,
2014-01-21,386.0,-18.0,-0.3403,False,False,False,
2014-01-22,382.0,-18.0,-0.3392,False,False,False,
2014-01-23,392.0,-4.0,0.122,False,False,False,
2014-01-24,408.0,12.0,0.6464,False,False,False,
2014-01-27,409.0,13.0,0.6778,False,False,False,
2014-01-28,408.0,11.0,0.6127,False,False,False,
2014-01-29,415.0,15.0,0.7442,False,False,False,
2014-01-30,412.0,12.0,0.6461,False,False,False,
2014-01-31,421.0,23.0,1.0044,False,True,True,
2014-02-03,428.0,32.0,1.2919,False,True,True,
2014-02-04,431.0,39.0,1.5111,False,True,True,
2014-02-05,428.0,41.0,1.5649,False,True,True,
2014-02-06,421.0,33.0,1.298,False,True,True,
2014-02-07,420.0,25.0,1.0345,False,True,True,
2014-02-10,416.0,19.0,0.8383,False,False,False,
2014-02-11,408.0,16.0,0.7417,False,False,False,
2014-02-12,401.0,14.0,0.6792,False,False,False,
2014-02-13,407.0,19.0,0.8421,False,False,False,
2014-02-14,403.0,15.0,0.7147,False,False,False,
2014-02-17,403.0,15.0,0.7145,False,False,False,
2014-02-18,401.0,15.0,0.7124,False,False,False,
2014-02-19,395.0,13.0,0.6465,False,False,False,
2014-02-20,392.0,0.0,0.2259,False,False,False,
2014-02-21,390.0,-18.0,-0.3545,False,False,False,
2014-02-24,385.0,-24.0,-0.5471,False,False,False,
2014-02-25,384.0,-24.0,-0.5476,False,False,False,
2014-02-26,384.0,-31.0,-0.7739,False,False,False,
2014-02-27,383.0,-29.0,-0.7097,False,False,False,
2014-02-28,381.0,-40.0,-1.0621,False,False,False,
2014-03-03,387.0,-41.0,-1.0899,False,False,False,
2014-03-04,379.0,-52.0,-1.4359,False,False,False,
2014-03-05,378.0,-50.0,-1.3641,False,False,False,
2014-03-06,378.0,-43.0,-1.1343,False,False,False,
2014-03-07,379.0,-41.0,-1.0647,False,False,False,
2014-03-10,382.0,-34.0,-0.8384,False,False,False,
2014-03-11,382.0,-26.0,-0.5834,False,False,False,
2014-03-12,387.0,-14.0,-0.2025,False,False,False,
2014-03-13,392.0,-15.0,-0.2352,False,False,False,
2014-03-14,396.0,-7.0,0.0172,False,False,False,
2014-03-17,390.0,-13.0,-0.1744,False,False,False,
2014-03-18,387.0,-14.0,-0.2067,False,False,False,
2014-03-19,374.0,-21.0,-0.4286,False,False,False,
2014-03-20,379.0,-13.0,-0.1737,False,False,False,
2014-03-21,376.0,-14.0,-0.2048,False,False,False,
2014-03-24,375.0,-10.0,-0.0763,False,False,False,
2014-03-25,373.0,-11.0,-0.1058,False,False,False,
2014-03-26,375.0,-9.0,-0.0386,False,False,False,
2014-03-27,377.0,-6.0,0.0598,False,False,False,
2014-03-28,373.0,-8.0,-0.0016,False,False,False,
2014-03-31,377.0,-10.0,-0.0639,False,False,False,
2014-04-01,373.0,-6.0,0.0649,False,False,False,
2014-04-02,366.0,-12.0,-0.125,False,False,False,
2014-04-03,364.0,-14.0,-0.1869,False,False,False,
2014-04-04,368.0,-11.0,-0.0896,False,False,False,
2014-04-07,372.0,-10.0,-0.0559,False,False,False,
2014-04-08,373.0,-9.0,-0.0222,False,False,False,
2014-04-09,374.0,-13.0,-0.1486,False,False,False,
2014-04-10,377.0,-15.0,-0.2107,False,False,False,
2014-04-11,382.0,-14.0,-0.1778,False,False,False,
2014-04-14,376.0,-14.0,-0.1779,False,False,False,
2014-04-15,375.0,-12.0,-0.1148,False,False,False,
2014-04-16,373.0,-1.0,0.2342,False,False,False,
2014-04-17,368.0,-11.0,-0.0891,False,False,False,
2014-04-21,367.0,-9.0,-0.0275,False,False,False,
2014-04-22,365.0,-10.0,-0.0632,False,False,False,
2014-04-23,368.0,-5.0,0.0929,False,False,False,
2014-04-24,366.0,-9.0,-0.0431,False,False,False,
2014-04-25,369.0,-8.0,-0.0175,False,False,False,
2014-04-28,368.0,-5.0,0.0734,False,False,False,
2014-04-29,366.0,-11.0,-0.1299,False,False,False,
2014-04-30,371.0,-2.0,0.1614,False,False,False,
2014-05-01,375.0,9.0,0.5199,False,False,False,
2014-05-02,373.0,9.0,0.5142,False,False,False,
2014-05-05,374.0,6.0,0.4088,False,False,False,
2014-05-06,372.0,0.0,0.203,False,False,False,
2014-05-07,374.0,1.0,0.2318,False,False,False,
2014-05-08,375.0,1.0,0.2268,False,False,False,
2014-05-09,374.0,-3.0,0.0872,False,False,False,
2014-05-12,370.0,-12.0,-0.2207,False,False,False,
2014-05-13,370.0,-6.0,-0.022,False,False,False,
2014-05-14,373.0,-2.0,0.1116,False,False,False,
2014-05-15,378.0,5.0,0.3467,False,False,False,
2014-05-16,377.0,9.0,0.4799,False,False,False,
2014-05-19,376.0,9.0,0.476,False,False,False,
2014-05-20,377.0,12.0,0.5767,False,False,False,
2014-05-21,377.0,9.0,0.4749,False,False,False,
2014-05-22,378.0,12.0,0.5801,False,False,False,
2014-05-23,378.0,9.0,0.4858,False,False,False,
2014-05-26,378.0,10.0,0.5303,False,False,False,
2014-05-27,376.0,10.0,0.5488,False,False,False,
2014-05-28,380.0,9.0,0.5349,False,False,False,
2014-05-29,378.0,3.0,0.3337,False,False,False,
2014-05-30,375.0,2.0,0.3071,False,False,False,
2014-05-31,367.0,-7.0,-0.0103,False,False,False,
2014-06-02,361.0,-11.0,-0.1499,False,False,False,
2014-06-03,359.0,-15.0,-0.293,False,False,False,
2014-06-04,359.0,-16.0,-0.324,False,False,False,
2014-06-05,359.0,-15.0,-0.2771,False,False,False,
2014-06-06,353.0,-17.0,-0.3492,False,False,False,
2014-06-09,350.0,-20.0,-0.4637,False,False,False,
2014-06-10,346.0,-27.0,-0.748,False,False,False,
2014-06-11,346.0,-32.0,-0.956,False,False,False,
2014-06-12,350.0,-27.0,-0.7512,False,False,False,
2014-06-13,347.0,-29.0,-0.8552,False,False,False,
2014-06-16,343.0,-34.0,-1.0956,False,False,False,
2014-06-17,339.0,-38.0,-1.2975,False,False,False,
2014-06-18,341.0,-37.0,-1.2529,False,False,False,
2014-06-19,339.0,-39.0,-1.3513,False,False,False,
2014-06-20,336.0,-42.0,-1.4971,False,False,False,
2014-06-23,335.0,-41.0,-1.4346,False,False,False,
2014-06-24,337.0,-43.0,-1.5209,False,False,False,
2014-06-25,343.0,-35.0,-1.1137,False,False,False,
2014-06-26,347.0,-28.0,-0.755,False,False,False,
2014-06-27,348.0,-19.0,-0.2962,False,False,False,
2014-06-30,353.0,-8.0,0.2624,False,False,False,
2014-07-01,350.0,-9.0,0.2109,False,False,False,
2014-07-02,346.0,-13.0,0.0082,False,False,False,
2014-07-03,344.0,-15.0,-0.0934,False,False,False,
2014-07-04,344.0,-9.0,0.2084,False,False,False,
2014-07-07,344.0,-6.0,0.3588,False,False,False,
2014-07-08,348.0,2.0,0.7573,False,False,False,
2014-07-09,351.0,5.0,0.904,False,False,False,
2014-07-10,362.0,12.0,1.2683,False,False,False,
2014-07-11,361.0,14.0,1.3837,False,False,False,
2014-07-14,357.0,14.0,1.3948,False,False,False,
2014-07-15,360.0,21.0,1.7802,False,False,False,
2014-07-16,363.0,22.0,1.825,False,False,False,
2014-07-17,374.0,35.0,2.5182,False,False,False,
2014-07-18,378.0,42.0,2.8619,False,False,False,
2014-07-21,380.0,45.0,2.979,False,False,False,
2014-07-22,379.0,42.0,2.7733,False,False,False,
2014-07-23,377.0,34.0,2.3235,False,False,False,
2014-07-24,372.0,25.0,1.82,False,False,False,
2014-07-25,375.0,27.0,1.9082,False,False,False,
2014-07-28,374.0,21.0,1.5727,False,False,False,
2014-07-29,380.0,30.0,2.0263,False,False,False,
2014-07-30,379.0,33.0,2.1556,False,False,False,
2014-07-31,404.0,60.0,3.4716,False,True,True,
2014-08-01,425.0,81.0,4.3554,False,True,True,
2014-08-04,424.0,80.0,4.142,False,True,True,
2014-08-05,417.0,69.0,3.5179,False,True,True,
2014-08-06,421.0,70.0,3.476,False,True,True,
2014-08-07,420.0,58.0,2.8812,False,True,True,
2014-08-08,420.0,59.0,2.8767,False,True,True,
2014-08-11,412.0,55.0,2.6716,False,True,True,
2014-08-12,407.0,47.0,2.3014,False,True,True,
2014-08-13,403.0,40.0,1.9793,False,True,True,
2014-08-14,397.0,23.0,1.2434,False,False,False,
2014-08-15,397.0,19.0,1.0683,False,False,False,
2014-08-18,389.0,9.0,0.643,False,False,False,
2014-08-19,385.0,6.0,0.5148,False,False,False,
2014-08-20,379.0,2.0,0.3461,False,False,False,
2014-08-21,381.0,9.0,0.6444,False,False,False,
2014-08-22,379.0,4.0,0.4289,False,False,False,
2014-08-25,377.0,3.0,0.3835,False,False,False,
2014-08-26,378.0,-2.0,0.1666,False,False,False,
2014-08-27,381.0,2.0,0.3345,False,False,False,
2014-08-28,382.0,-22.0,-0.6907,False,False,False,
2014-08-29,380.0,-45.0,-1.6613,False,False,False,
2014-08-31,384.0,-40.0,-1.4374,False,False,False,
2014-09-01,384.0,-33.0,-1.1337,False,False,False,
2014-09-02,380.0,-41.0,-1.4613,False,False,False,
2014-09-03,383.0,-37.0,-1.2856,False,False,False,
2014-09-04,385.0,-35.0,-1.1945,False,False,False,
2014-09-05,393.0,-19.0,-0.5236,False,False,False,
2014-09-08,392.0,-15.0,-0.3585,False,False,False,
2014-09-09,393.0,-10.0,-0.1507,False,False,False,
2014-09-10,401.0,4.0,0.4328,False,False,False,
2014-09-11,405.0,8.0,0.597,False,False,False,
2014-09-12,403.0,14.0,0.8428,False,False,False,
2014-09-15,406.0,21.0,1.1279,False,True,True,
2014-09-16,410.0,31.0,1.5326,False,True,True,
2014-09-17,405.0,24.0,1.2355,False,True,True,
2014-09-18,398.0,19.0,1.0255,False,False,False,
2014-09-19,397.0,20.0,1.0648,False,False,False,
2014-09-22,402.0,24.0,1.2271,False,True,True,
2014-09-23,413.0,32.0,1.5464,False,True,True,
2014-09-24,418.0,36.0,1.696,False,True,True,
2014-09-25,433.0,53.0,2.358,False,True,True,
2014-09-26,440.0,56.0,2.442,False,True,True,
2014-09-29,451.0,67.0,2.8248,False,True,True,
2014-09-30,440.0,60.0,2.5088,False,True,True,
2014-10-01,445.0,62.0,2.5451,False,True,True,
2014-10-02,442.0,57.0,2.3187,False,True,True,
2014-10-03,429.0,36.0,1.5087,False,True,True,
2014-10-06,426.0,34.0,1.4228,False,True,True,
2014-10-07,437.0,44.0,1.7797,False,True,True,
2014-10-08,448.0,47.0,1.87,False,True,True,
2014-10-09,452.0,47.0,1.8488,False,True,True,
2014-10-10,466.0,63.0,2.4014,False,True,True,
2014-10-13,466.0,60.0,2.2597,False,True,True,
2014-10-14,483.0,73.0,2.6825,False,True,True,
2014-10-15,508.0,103.0,3.6476,False,True,True,
2014-10-16,498.0,100.0,3.448,False,True,True,
2014-10-17,468.0,71.0,2.4203,False,True,True,
2014-10-20,468.0,66.0,2.2222,False,True,True,
2014-10-21,450.0,37.0,1.2369,False,True,True,
2014-10-22,444.0,26.0,0.8597,False,False,False,
2014-10-23,438.0,5.0,0.1469,False,False,False,
2014-10-24,438.0,-2.0,-0.094,False,False,False,
2014-10-27,441.0,-10.0,-0.3679,False,False,False,
2014-10-28,439.0,-1.0,-0.0657,False,False,False,
2014-10-29,432.0,-13.0,-0.4751,False,False,False,
2014-10-30,435.0,-7.0,-0.2728,False,False,False,
2014-10-31,430.0,1.0,-0.0024,False,False,False,
2014-11-03,429.0,3.0,0.0637,False,False,False,
2014-11-04,435.0,-2.0,-0.1075,False,False,False,
2014-11-05,432.0,-16.0,-0.5828,False,False,False,
2014-11-06,430.0,-22.0,-0.7853,False,False,False,
2014-11-07,436.0,-30.0,-1.0537,False,False,False,
2014-11-10,432.0,-34.0,-1.183,False,False,False,
2014-11-11,432.0,-51.0,-1.7437,False,False,False,
2014-11-12,433.0,-75.0,-2.5139,False,False,False,
2014-11-13,437.0,-61.0,-2.027,False,False,False,
2014-11-14,443.0,-25.0,-0.8365,False,False,False,
2014-11-17,446.0,-22.0,-0.7356,False,False,False,
2014-11-18,453.0,3.0,0.0877,False,False,False,
2014-11-19,457.0,13.0,0.4151,False,False,False,
2014-11-20,461.0,23.0,0.7396,False,False,False,
2014-11-21,454.0,16.0,0.505,False,False,False,
2014-11-24,454.0,13.0,0.4025,False,False,False,
2014-11-25,454.0,15.0,0.464,False,False,False,
2014-11-26,456.0,24.0,0.7547,False,False,False,
2014-11-27,456.0,21.0,0.6502,False,False,False,
2014-11-28,464.0,34.0,1.0708,False,True,True,
2014-11-30,467.0,38.0,1.1931,False,True,True,
2014-12-01,482.0,47.0,1.4764,False,True,True,
2014-12-02,482.0,50.0,1.5601,False,True,True,
2014-12-03,481.0,51.0,1.5775,False,True,True,
2014-12-04,483.0,47.0,1.4339,False,True,True,
2014-12-05,477.0,45.0,1.3569,False,True,True,
2014-12-08,487.0,55.0,1.6645,False,True,True,
2014-12-09,506.0,73.0,2.2151,False,True,True,
2014-12-10,521.0,84.0,2.5256,False,True,True,
2014-12-11,525.0,82.0,2.4246,False,True,True,
2014-12-12,547.0,101.0,2.9581,False,True,True,
2014-12-15,552.0,99.0,2.8396,False,True,True,
2014-12-16,571.0,114.0,3.2181,False,True,True,
2014-12-17,548.0,87.0,2.374,False,True,True,
2014-12-18,515.0,61.0,1.5893,False,True,True,
2014-12-19,509.0,55.0,1.3999,False,True,True,
2014-12-22,503.0,49.0,1.2134,False,True,True,
2014-12-23,494.0,38.0,0.8835,False,False,False,
2014-12-24,493.0,37.0,0.8473,False,False,False,
2014-12-26,493.0,29.0,0.6068,False,False,False,
2014-12-29,496.0,29.0,0.6017,False,False,False,
2014-12-30,498.0,16.0,0.2161,False,False,False,
2014-12-31,504.0,22.0,0.3882,False,False,False,
2015-01-02,508.0,27.0,0.5304,False,False,False,
2015-01-05,521.0,38.0,0.8479,False,False,False,
2015-01-06,537.0,60.0,1.484,False,True,True,
2015-01-07,531.0,44.0,1.0047,False,True,True,
2015-01-08,517.0,11.0,0.0299,False,False,False,
2015-01-09,520.0,-1.0,-0.3261,False,False,False,
2015-01-12,527.0,2.0,-0.2384,False,False,False,
2015-01-13,528.0,-19.0,-0.8534,False,False,False,
2015-01-14,539.0,-13.0,-0.6729,False,False,False,
2015-01-15,542.0,-29.0,-1.1365,False,False,False,
2015-01-19,539.0,-9.0,-0.5459,False,False,False,
2015-01-20,539.0,24.0,0.4213,False,False,False,
2015-01-21,536.0,27.0,0.5088,False,False,False,
2015-01-22,527.0,24.0,0.4219,False,False,False,
2015-01-23,530.0,36.0,0.7748,False,False,False,
2015-01-26,526.0,33.0,0.6881,False,False,False,
2015-01-27,529.0,36.0,0.7757,False,False,False,
2015-01-28,531.0,35.0,0.7447,False,False,False,
2015-01-29,528.0,30.0,0.5963,False,False,False,
2015-01-30,537.0,33.0,0.6817,False,False,False,
2015-01-31,526.0,18.0,0.2415,False,False,False,
2015-02-02,526.0,5.0,-0.138,False,False,False,
2015-02-03,511.0,-26.0,-1.0398,False,False,False,
2015-02-04,505.0,-26.0,-1.0329,False,False,False,
2015-02-05,499.0,-18.0,-0.7946,False,False,False,
2015-02-06,478.0,-42.0,-1.4815,False,False,False,
2015-02-09,480.0,-47.0,-1.613,False,False,False,
2015-02-10,475.0,-53.0,-1.7732,False,False,False,
2015-02-11,476.0,-63.0,-2.0425,False,False,False,
2015-02-12,474.0,-68.0,-2.1635,False,False,False,
2015-02-13,471.0,-68.0,-2.1447,False,False,False,
2015-02-16,469.0,-70.0,-2.1802,False,False,False,
2015-02-17,457.0,-79.0,-2.4076,False,False,False,
2015-02-18,462.0,-65.0,-2.0082,False,False,False,
2015-02-19,458.0,-72.0,-2.1898,False,False,False,
2015-02-20,453.0,-73.0,-2.2043,False,False,False,
2015-02-23,456.0,-73.0,-2.1882,False,False,False,
2015-02-24,458.0,-73.0,-2.1716,False,False,False,
2015-02-25,454.0,-74.0,-2.1789,False,False,False,
2015-02-26,443.0,-94.0,-2.6733,False,False,False,
2015-02-27,443.0,-83.0,-2.3499,False,False,False,
2015-02-28,446.0,-80.0,-2.2431,False,False,False,
2015-03-02,438.0,-73.0,-2.038,False,False,False,
2015-03-03,438.0,-67.0,-1.8658,False,False,False,
2015-03-04,444.0,-55.0,-1.5482,False,False,False,
2015-03-05,446.0,-32.0,-0.9605,False,False,False,
2015-03-06,442.0,-38.0,-1.1084,False,False,False,
2015-03-09,451.0,-24.0,-0.7515,False,False,False,
2015-03-10,466.0,-10.0,-0.3963,False,False,False,
2015-03-11,461.0,-13.0,-0.4722,False,False,False,
2015-03-12,462.0,-9.0,-0.3707,False,False,False,
2015-03-13,468.0,-1.0,-0.1682,False,False,False,
2015-03-16,472.0,15.0,0.2354,False,False,False,
2015-03-17,479.0,17.0,0.2835,False,False,False,
2015-03-18,491.0,33.0,0.6851,False,False,False,
2015-03-19,479.0,26.0,0.5037,False,False,False,
2015-03-20,481.0,25.0,0.4745,False,False,False,
2015-03-23,482.0,24.0,0.4456,False,False,False,
2015-03-24,481.0,27.0,0.5179,False,False,False,
2015-03-25,476.0,33.0,0.6654,False,False,False,
2015-03-26,474.0,31.0,0.6101,False,False,False,
2015-03-27,476.0,30.0,0.5802,False,False,False,
2015-03-30,473.0,35.0,0.7017,False,False,False,
2015-03-31,482.0,44.0,0.9227,False,False,False,
2015-04-01,486.0,42.0,0.8658,False,False,False,
2015-04-02,482.0,36.0,0.7099,False,False,False,
2015-04-06,480.0,38.0,0.7549,False,False,False,
2015-04-07,472.0,21.0,0.3231,False,False,False,
2015-04-08,467.0,1.0,-0.1827,False,False,False,
2015-04-09,462.0,1.0,-0.1833,False,False,False,
2015-04-10,460.0,-2.0,-0.2598,False,False,False,
2015-04-13,460.0,-8.0,-0.4113,False,False,False,
2015-04-14,462.0,-10.0,-0.4612,False,False,False,
2015-04-15,458.0,-21.0,-0.7375,False,False,False,
2015-04-16,461.0,-30.0,-0.9601,False,False,False,
2015-04-17,466.0,-13.0,-0.5294,False,False,False,
2015-04-20,460.0,-21.0,-0.7271,False,False,False,
2015-04-21,457.0,-25.0,-0.8234,False,False,False,
2015-04-22,453.0,-28.0,-0.8946,False,False,False,
2015-04-23,455.0,-21.0,-0.7162,False,False,False,
2015-04-24,456.0,-18.0,-0.6387,False,False,False,
2015-04-27,455.0,-21.0,-0.7114,False,False,False,
2015-04-28,452.0,-21.0,-0.7101,False,False,False,
2015-04-29,453.0,-29.0,-0.9065,False,False,False,
2015-04-30,459.0,-27.0,-0.8529,False,False,False,
2015-05-01,453.0,-29.0,-0.898,False,False,False,
2015-05-04,451.0,-29.0,-0.8928,False,False,False,
2015-05-05,448.0,-24.0,-0.7644,False,False,False,
2015-05-06,450.0,-17.0,-0.5875,False,False,False,
2015-05-07,455.0,-7.0,-0.3378,False,False,False,
2015-05-08,453.0,-7.0,-0.3359,False,False,False,
2015-05-11,445.0,-15.0,-0.5315,False,False,False,
2015-05-12,456.0,-6.0,-0.3069,False,False,False,
2015-05-13,451.0,-7.0,-0.3299,False,False,False,
2015-05-14,452.0,-9.0,-0.3776,False,False,False,
2015-05-15,455.0,-11.0,-0.4256,False,False,False,
2015-05-18,449.0,-11.0,-0.4242,False,False,False,
2015-05-19,446.0,-11.0,-0.4237,False,False,False,
2015-05-20,449.0,-4.0,-0.2513,False,False,False,
2015-05-21,451.0,-4.0,-0.2525,False,False,False,
2015-05-22,447.0,-9.0,-0.3771,False,False,False,
2015-05-26,451.0,-4.0,-0.2544,False,False,False,
2015-05-27,448.0,-4.0,-0.2559,False,False,False,
2015-05-28,450.0,-3.0,-0.2329,False,False,False,
2015-05-29,452.0,-7.0,-0.3345,False,False,False,
2015-05-31,458.0,5.0,-0.0402,False,False,False,
2015-06-01,452.0,1.0,-0.1427,False,False,False,
2015-06-02,449.0,1.0,-0.1459,False,False,False,
2015-06-03,446.0,-4.0,-0.2741,False,False,False,
2015-06-04,456.0,1.0,-0.1534,False,False,False,
2015-06-05,456.0,3.0,-0.1075,False,False,False,
2015-06-08,461.0,16.0,0.2142,False,False,False,
2015-06-09,466.0,10.0,0.0581,False,False,False,
2015-06-10,460.0,9.0,0.0279,False,False,False,
2015-06-11,462.0,10.0,0.048,False,False,False,
2015-06-12,463.0,8.0,-0.0072,False,False,False,
2015-06-15,471.0,22.0,0.3452,False,False,False,
2015-06-16,477.0,31.0,0.57,False,False,False,
2015-06-17,476.0,27.0,0.4643,False,False,False,
2015-06-18,471.0,20.0,0.2827,False,False,False,
2015-06-19,473.0,26.0,0.4321,False,False,False,
2015-06-22,462.0,11.0,0.0463,False,False,False,
2015-06-23,462.0,14.0,0.1207,False,False,False,
2015-06-24,466.0,16.0,0.1697,False,False,False,
2015-06-25,467.0,15.0,0.1428,False,False,False,
2015-06-26,465.0,7.0,-0.0621,False,False,False,
2015-06-29,491.0,39.0,0.753,False,False,False,
2015-06-30,500.0,51.0,1.0537,False,True,True,
2015-07-01,488.0,42.0,0.8202,False,False,False,
2015-07-02,491.0,35.0,0.6401,False,False,False,
2015-07-03,491.0,35.0,0.6384,False,False,False,
2015-07-06,507.0,46.0,0.9163,False,False,False,
2015-07-07,513.0,47.0,0.9408,False,False,False,
2015-07-08,521.0,61.0,1.2925,False,True,True,
2015-07-09,511.0,49.0,0.9869,False,False,False,
2015-07-10,497.0,34.0,0.6068,False,False,False,
2015-07-13,493.0,22.0,0.303,False,False,False,
2015-07-14,494.0,17.0,0.1774,False,False,False,
2015-07-15,493.0,17.0,0.1778,False,False,False,
2015-07-16,491.0,20.0,0.2549,False,False,False,
2015-07-17,495.0,22.0,0.3069,False,False,False,
2015-07-20,496.0,34.0,0.6156,False,False,False,
2015-07-21,506.0,44.0,0.8781,False,False,False,
2015-07-22,516.0,50.0,1.0391,False,True,True,
2015-07-23,521.0,54.0,1.1457,False,True,True,
2015-07-24,532.0,67.0,1.4812,False,True,True,
2015-07-27,549.0,58.0,1.2495,False,True,True,
2015-07-28,544.0,44.0,0.8921,False,False,False,
2015-07-29,533.0,45.0,0.9199,False,False,False,
2015-07-30,526.0,35.0,0.6637,False,False,False,
2015-07-31,536.0,45.0,0.9212,False,False,False,
2015-08-03,545.0,38.0,0.7382,False,False,False,
2015-08-04,541.0,28.0,0.479,False,False,False,
2015-08-05,529.0,8.0,-0.0369,False,False,False,
2015-08-06,540.0,29.0,0.5023,False,False,False,
2015-08-07,552.0,55.0,1.1643,False,True,True,
2015-08-10,551.0,58.0,1.2327,False,True,True,
2015-08-11,567.0,73.0,1.6021,False,True,True,
2015-08-12,579.0,86.0,1.9113,False,True,True,
2015-08-13,566.0,75.0,1.6168,False,True,True,
2015-08-14,552.0,57.0,1.1548,False,True,True,
2015-08-17,558.0,62.0,1.2697,False,True,True,
2015-08-18,556.0,50.0,0.9613,False,False,False,
2015-08-19,568.0,52.0,1.0038,False,True,True,
2015-08-20,575.0,54.0,1.0459,False,True,True,
2015-08-21,586.0,54.0,1.0379,False,True,True,
2015-08-24,614.0,65.0,1.3048,False,True,True,
2015-08-25,590.0,46.0,0.8189,False,False,False,
2015-08-26,591.0,58.0,1.113,False,True,True,
2015-08-27,580.0,54.0,1.0043,False,True,True,
2015-08-28,572.0,36.0,0.5461,False,False,False,
2015-08-31,570.0,25.0,0.2667,False,False,False,
2015-09-01,578.0,37.0,0.5659,False,False,False,
2015-09-02,573.0,44.0,0.7385,False,False,False,
2015-09-03,570.0,30.0,0.3852,False,False,False,
2015-09-04,574.0,22.0,0.1848,False,False,False,
2015-09-07,574.0,23.0,0.2101,False,False,False,
2015-09-08,564.0,-3.0,-0.4418,False,False,False,
2015-09-09,559.0,-20.0,-0.8643,False,False,False,
2015-09-10,558.0,-8.0,-0.5593,False,False,False,
2015-09-11,562.0,10.0,-0.1053,False,False,False,
2015-09-14,562.0,4.0,-0.2529,False,False,False,
2015-09-15,554.0,-2.0,-0.3988,False,False,False,
2015-09-16,559.0,-9.0,-0.5694,False,False,False,
2015-09-17,571.0,-4.0,-0.4377,False,False,False,
2015-09-18,580.0,-6.0,-0.4828,False,False,False,
2015-09-21,577.0,-37.0,-1.2586,False,False,False,
2015-09-22,598.0,8.0,-0.1132,False,False,False,
2015-09-23,598.0,7.0,-0.1358,False,False,False,
2015-09-24,614.0,34.0,0.5508,False,False,False,
2015-09-25,615.0,43.0,0.7798,False,False,False,
2015-09-28,648.0,78.0,1.6601,False,True,True,
2015-09-29,660.0,82.0,1.7498,False,True,True,
2015-09-30,662.0,89.0,1.9158,False,True,True,
2015-10-01,667.0,97.0,2.1001,False,True,True,
2015-10-02,683.0,109.0,2.3795,False,True,True,
2015-10-05,662.0,88.0,1.8662,False,True,True,
2015-10-06,652.0,88.0,1.8719,False,True,True,
2015-10-07,632.0,73.0,1.4974,False,True,True,
2015-10-08,626.0,68.0,1.3723,False,True,True,
2015-10-09,613.0,51.0,0.9465,False,False,False,
2015-10-12,613.0,51.0,0.9425,False,False,False,
2015-10-13,624.0,70.0,1.4027,False,True,True,
2015-10-14,631.0,72.0,1.4393,False,True,True,
2015-10-15,626.0,55.0,1.0125,False,True,True,
2015-10-16,618.0,38.0,0.59,False,False,False,
2015-10-19,616.0,39.0,0.6096,False,False,False,
2015-10-20,606.0,8.0,-0.1548,False,False,False,
2015-10-21,607.0,9.0,-0.1309,False,False,False,
2015-10-22,610.0,-4.0,-0.4503,False,False,False,
2015-10-23,597.0,-18.0,-0.7926,False,False,False,
2015-10-26,600.0,-48.0,-1.5219,False,False,False,
2015-10-27,607.0,-53.0,-1.6352,False,False,False,
2015-10-28,597.0,-65.0,-1.915,False,False,False,
2015-10-29,589.0,-78.0,-2.2107,False,False,False,
2015-10-30,588.0,-95.0,-2.5937,False,False,False,
2015-10-31,590.0,-72.0,-2.0453,False,False,False,
2015-11-02,584.0,-68.0,-1.9465,False,False,False,
2015-11-03,577.0,-55.0,-1.6272,False,False,False,
2015-11-04,573.0,-53.0,-1.5711,False,False,False,
2015-11-05,580.0,-33.0,-1.0908,False,False,False,
2015-11-06,582.0,-31.0,-1.0371,False,False,False,
2015-11-09,594.0,-30.0,-1.0066,False,False,False,
2015-11-10,602.0,-29.0,-0.9769,False,False,False,
2015-11-11,602.0,-24.0,-0.8546,False,False,False,
2015-11-12,613.0,-5.0,-0.4062,False,False,False,
2015-11-13,624.0,8.0,-0.0995,False,False,False,
2015-11-16,628.0,22.0,0.2293,False,False,False,
2015-11-17,619.0,12.0,-0.0035,False,False,False,
2015-11-18,620.0,10.0,-0.048,False,False,False,
2015-11-19,628.0,31.0,0.4478,False,False,False,
2015-11-20,632.0,32.0,0.4736,False,False,False,
2015-11-23,635.0,28.0,0.382,False,False,False,
2015-11-24,641.0,44.0,0.76,False,False,False,
2015-11-25,637.0,48.0,0.854,False,False,False,
2015-11-26,637.0,49.0,0.8786,False,False,False,
2015-11-27,638.0,48.0,0.8597,False,False,False,
2015-11-30,640.0,56.0,1.0556,False,True,True,
2015-12-01,640.0,63.0,1.2269,False,True,True,
2015-12-02,634.0,61.0,1.1906,False,True,True,
2015-12-03,632.0,52.0,0.9861,False,False,False,
2015-12-04,637.0,55.0,1.0751,False,True,True,
2015-12-07,651.0,57.0,1.1317,False,True,True,
2015-12-08,665.0,63.0,1.2781,False,True,True,
2015-12-09,672.0,70.0,1.4455,False,True,True,
2015-12-10,671.0,58.0,1.1502,False,True,True,
2015-12-11,710.0,86.0,1.8189,False,True,True,
2015-12-14,733.0,105.0,2.2523,False,True,True,
2015-12-15,709.0,90.0,1.873,False,True,True,
2015-12-16,698.0,78.0,1.5743,False,True,True,
2015-12-17,701.0,73.0,1.444,False,True,True,
2015-12-18,720.0,88.0,1.7819,False,True,True,
2015-12-21,725.0,90.0,1.8115,False,True,True,
2015-12-22,715.0,74.0,1.4291,False,True,True,
2015-12-23,705.0,68.0,1.2874,False,True,True,
2015-12-24,705.0,68.0,1.2823,False,True,True,
2015-12-28,707.0,69.0,1.2958,False,True,True,
2015-12-29,696.0,56.0,0.9878,False,False,False,
2015-12-30,695.0,55.0,0.9582,False,False,False,
2015-12-31,695.0,61.0,1.088,False,True,True,
2016-01-04,710.0,78.0,1.4662,False,True,True,
2016-01-05,703.0,66.0,1.181,False,True,True,
2016-01-06,711.0,60.0,1.0354,False,True,True,
2016-01-07,724.0,59.0,1.0073,False,True,True,
2016-01-08,723.0,51.0,0.8212,False,False,False,
2016-01-11,731.0,60.0,1.0215,False,True,True,
2016-01-12,738.0,28.0,0.2929,False,False,False,
2016-01-13,750.0,17.0,0.0435,True,False,True,
2016-01-14,757.0,48.0,0.749,True,False,True,
2016-01-15,789.0,91.0,1.7146,True,True,True,
2016-01-18,790.0,89.0,1.6551,True,True,True,
2016-01-19,788.0,68.0,1.1756,True,True,True,
2016-01-20,827.0,102.0,1.9186,True,True,True,
2016-01-21,813.0,98.0,1.8093,True,True,True,
2016-01-22,787.0,82.0,1.4414,True,True,True,
2016-01-25,785.0,80.0,1.385,True,True,True,
2016-01-26,783.0,76.0,1.2857,True,True,True,
2016-01-27,778.0,82.0,1.4064,True,True,True,
2016-01-28,775.0,80.0,1.3519,True,True,True,
2016-01-29,774.0,79.0,1.3203,True,True,True,
2016-01-31,777.0,67.0,1.0487,True,True,True,
2016-02-01,779.0,76.0,1.2411,True,True,True,
2016-02-02,798.0,87.0,1.4774,True,True,True,
2016-02-03,803.0,79.0,1.2918,True,True,True,
2016-02-04,803.0,80.0,1.3091,True,True,True,
2016-02-05,810.0,79.0,1.2793,True,True,True,
2016-02-08,851.0,113.0,2.0369,True,True,True,
2016-02-09,862.0,112.0,2.0007,True,True,True,
2016-02-10,853.0,96.0,1.6285,True,True,True,
2016-02-11,887.0,98.0,1.6662,True,True,True,
2016-02-12,864.0,74.0,1.1102,True,True,True,
2016-02-15,859.0,71.0,1.0395,True,True,True,
2016-02-16,845.0,18.0,-0.2174,True,False,True,
2016-02-17,821.0,8.0,-0.4696,True,False,True,
2016-02-18,817.0,30.0,0.0514,True,False,True,
2016-02-19,823.0,38.0,0.2389,True,False,True,
2016-02-22,809.0,26.0,-0.0654,True,False,True,
2016-02-23,810.0,32.0,0.0778,True,False,True,
2016-02-24,817.0,42.0,0.3214,True,False,True,
2016-02-25,808.0,34.0,0.1151,True,False,True,
2016-02-26,780.0,3.0,-0.6682,True,False,True,
2016-02-29,775.0,-4.0,-0.8465,True,False,True,
2016-03-01,746.0,-52.0,-2.0409,False,False,False,
2016-03-02,731.0,-72.0,-2.5065,False,False,False,
2016-03-03,728.0,-75.0,-2.5393,False,False,False,
2016-03-04,708.0,-102.0,-3.1263,False,False,False,
2016-03-07,703.0,-148.0,-4.0714,False,False,False,
2016-03-08,714.0,-148.0,-3.9282,False,False,False,
2016-03-09,715.0,-138.0,-3.5925,False,False,False,
2016-03-10,704.0,-183.0,-4.3807,False,False,False,
2016-03-11,682.0,-182.0,-4.1873,False,False,False,
2016-03-14,674.0,-185.0,-4.087,False,False,False,
2016-03-15,684.0,-161.0,-3.5122,False,False,False,
2016-03-16,694.0,-127.0,-2.8058,False,False,False,
2016-03-17,682.0,-135.0,-2.8941,False,False,False,
2016-03-18,671.0,-152.0,-3.1317,False,False,False,
2016-03-21,665.0,-144.0,-2.923,False,False,False,
2016-03-22,669.0,-141.0,-2.8119,False,False,False,
2016-03-23,679.0,-138.0,-2.7071,False,False,False,
2016-03-24,693.0,-115.0,-2.2764,False,False,False,
2016-03-28,699.0,-81.0,-1.6803,False,False,False,
2016-03-29,714.0,-61.0,-1.3315,False,False,False,
2016-03-30,703.0,-43.0,-1.0219,False,False,False,
2016-03-31,705.0,-26.0,-0.7326,False,False,False,
2016-04-01,705.0,-23.0,-0.6807,False,False,False,
2016-04-04,703.0,-5.0,-0.3779,False,False,False,
2016-04-05,713.0,10.0,-0.1272,False,False,False,
2016-04-06,704.0,-10.0,-0.4659,False,False,False,
2016-04-07,711.0,-4.0,-0.3657,False,False,False,
2016-04-08,703.0,-1.0,-0.3168,False,False,False,
2016-04-11,700.0,18.0,0.0022,False,False,False,
2016-04-12,687.0,13.0,-0.0851,False,False,False,
2016-04-13,671.0,-13.0,-0.5271,False,False,False,
2016-04-14,660.0,-34.0,-0.8824,False,False,False,
2016-04-15,662.0,-20.0,-0.6448,False,False,False,
2016-04-18,662.0,-9.0,-0.4598,False,False,False,
2016-04-19,646.0,-19.0,-0.6305,False,False,False,
2016-04-20,631.0,-38.0,-0.9523,False,False,False,
2016-04-21,629.0,-50.0,-1.1532,False,False,False,
2016-04-22,629.0,-64.0,-1.384,False,False,False,
2016-04-25,632.0,-67.0,-1.4266,False,False,False,
2016-04-26,626.0,-88.0,-1.7647,False,False,False,
2016-04-27,625.0,-78.0,-1.5849,False,False,False,
2016-04-28,619.0,-86.0,-1.7047,False,False,False,
2016-04-29,624.0,-81.0,-1.6088,False,False,False,
2016-04-30,621.0,-82.0,-1.6125,False,False,False,
2016-05-02,616.0,-97.0,-1.8412,False,False,False,
2016-05-03,631.0,-73.0,-1.4399,False,False,False,
2016-05-04,639.0,-72.0,-1.4146,False,False,False,
2016-05-05,642.0,-61.0,-1.2298,False,False,False,
2016-05-06,648.0,-52.0,-1.079,False,False,False,
2016-05-09,653.0,-34.0,-0.786,False,False,False,
2016-05-10,646.0,-25.0,-0.6396,False,False,False,
2016-05-11,640.0,-20.0,-0.5579,False,False,False,
2016-05-12,636.0,-26.0,-0.6526,False,False,False,
2016-05-13,641.0,-21.0,-0.5707,False,False,False,
2016-05-16,630.0,-16.0,-0.4897,False,False,False,
2016-05-17,626.0,-5.0,-0.3122,False,False,False,
2016-05-18,616.0,-13.0,-0.4397,False,False,False,
2016-05-19,629.0,0.0,-0.2308,False,False,False,
2016-05-20,622.0,-10.0,-0.391,False,False,False,
2016-05-23,621.0,-5.0,-0.3103,False,False,False,
2016-05-24,613.0,-12.0,-0.4216,False,False,False,
2016-05-25,604.0,-15.0,-0.4676,False,False,False,
2016-05-26,608.0,-16.0,-0.4818,False,False,False,
2016-05-27,608.0,-13.0,-0.4321,False,False,False,
2016-05-30,608.0,-8.0,-0.3507,False,False,False,
2016-05-31,597.0,-34.0,-0.764,False,False,False,
2016-06-01,601.0,-38.0,-0.8231,False,False,False,
2016-06-02,600.0,-42.0,-0.8812,False,False,False,
2016-06-03,609.0,-39.0,-0.8281,False,False,False,
2016-06-06,600.0,-53.0,-1.0445,False,False,False,
2016-06-07,592.0,-54.0,-1.0531,False,False,False,
2016-06-08,582.0,-58.0,-1.1095,False,False,False,
2016-06-09,586.0,-50.0,-0.9769,False,False,False,
2016-06-10,598.0,-43.0,-0.8613,False,False,False,
2016-06-13,607.0,-23.0,-0.5428,False,False,False,
2016-06-14,619.0,-7.0,-0.2894,False,False,False,
2016-06-15,618.0,2.0,-0.1452,False,False,False,
2016-06-16,632.0,3.0,-0.1265,False,False,False,
2016-06-17,621.0,-1.0,-0.187,False,False,False,
2016-06-20,600.0,-21.0,-0.4994,False,False,False,
2016-06-21,600.0,-13.0,-0.37,False,False,False,
2016-06-22,596.0,-8.0,-0.2878,False,False,False,
2016-06-23,583.0,-25.0,-0.552,False,False,False,
2016-06-24,633.0,25.0,0.2408,False,False,False,
2016-06-27,657.0,49.0,0.6206,False,False,False,
2016-06-28,648.0,51.0,0.6508,False,False,False,
2016-06-29,626.0,25.0,0.2394,False,False,False,
2016-06-30,621.0,21.0,0.1759,False,False,False,
2016-07-01,612.0,3.0,-0.1079,False,False,False,
2016-07-04,612.0,12.0,0.035,False,False,False,
2016-07-05,616.0,24.0,0.2246,False,False,False,
2016-07-06,614.0,32.0,0.3513,False,False,False,
2016-07-07,602.0,16.0,0.1,False,False,False,
2016-07-08,588.0,-10.0,-0.3078,False,False,False,
2016-07-11,566.0,-41.0,-0.7925,False,False,False,
2016-07-12,546.0,-73.0,-1.2882,False,False,False,
2016-07-13,558.0,-60.0,-1.0742,False,False,False,
2016-07-14,544.0,-88.0,-1.5021,False,False,False,
2016-07-15,542.0,-79.0,-1.3488,False,False,False,
2016-07-18,544.0,-56.0,-0.981,False,False,False,
2016-07-19,545.0,-55.0,-0.9581,False,False,False,
2016-07-20,540.0,-56.0,-0.9665,False,False,False,
2016-07-21,541.0,-42.0,-0.7429,False,False,False,
2016-07-22,539.0,-94.0,-1.5406,False,False,False,
2016-07-25,539.0,-118.0,-1.8911,False,False,False,
2016-07-26,545.0,-103.0,-1.6431,False,False,False,
2016-07-27,551.0,-75.0,-1.2032,False,False,False,
2016-07-28,554.0,-67.0,-1.072,False,False,False,
2016-07-29,561.0,-51.0,-0.8199,False,False,False,
2016-07-31,569.0,-43.0,-0.6909,False,False,False,
2016-08-01,569.0,-47.0,-0.7463,False,False,False,
2016-08-02,573.0,-41.0,-0.6483,False,False,False,
2016-08-03,572.0,-30.0,-0.4743,False,False,False,
2016-08-04,565.0,-23.0,-0.3621,False,False,False,
2016-08-05,546.0,-20.0,-0.3117,False,False,False,
2016-08-08,542.0,-4.0,-0.061,False,False,False,
2016-08-09,536.0,-22.0,-0.3347,False,False,False,
2016-08-10,538.0,-6.0,-0.0837,False,False,False,
2016-08-11,531.0,-11.0,-0.1572,False,False,False,
2016-08-12,534.0,-10.0,-0.1379,False,False,False,
2016-08-15,523.0,-22.0,-0.3212,False,False,False,
2016-08-16,517.0,-23.0,-0.3339,False,False,False,
2016-08-17,519.0,-22.0,-0.3148,False,False,False,
2016-08-18,520.0,-19.0,-0.2644,False,False,False,
2016-08-19,515.0,-24.0,-0.3391,False,False,False,
2016-08-22,518.0,-27.0,-0.3829,False,False,False,
2016-08-23,514.0,-37.0,-0.535,False,False,False,
2016-08-24,513.0,-41.0,-0.5946,False,False,False,
2016-08-25,514.0,-47.0,-0.6858,False,False,False,
2016-08-26,504.0,-65.0,-0.9608,False,False,False,
2016-08-29,510.0,-59.0,-0.8621,False,False,False,
2016-08-30,507.0,-66.0,-0.9646,False,False,False,
2016-08-31,510.0,-62.0,-0.8975,False,False,False,
2016-09-01,512.0,-53.0,-0.7548,False,False,False,
2016-09-02,509.0,-37.0,-0.5054,False,False,False,
2016-09-05,509.0,-33.0,-0.4418,False,False,False,
2016-09-06,509.0,-27.0,-0.3499,False,False,False,
2016-09-07,507.0,-31.0,-0.4091,False,False,False,
2016-09-08,499.0,-32.0,-0.4221,False,False,False,
2016-09-09,510.0,-24.0,-0.2952,False,False,False,
2016-09-12,518.0,-5.0,0.001,False,False,False,
2016-09-13,524.0,7.0,0.1914,False,False,False,
2016-09-14,526.0,7.0,0.1967,False,False,False,
2016-09-15,526.0,6.0,0.1871,False,False,False,
2016-09-16,527.0,12.0,0.2876,False,False,False,
2016-09-19,525.0,7.0,0.2168,False,False,False,
2016-09-20,524.0,10.0,0.2703,False,False,False,
2016-09-21,522.0,9.0,0.2605,False,False,False,
2016-09-22,509.0,-5.0,0.0423,False,False,False,
2016-09-23,510.0,6.0,0.2229,False,False,False,
2016-09-26,516.0,6.0,0.2262,False,False,False,
2016-09-27,518.0,11.0,0.3096,False,False,False,
2016-09-28,514.0,4.0,0.2017,False,False,False,
2016-09-29,509.0,-3.0,0.0938,False,False,False,
2016-09-30,497.0,-12.0,-0.0478,False,False,False,
2016-10-03,493.0,-16.0,-0.1094,False,False,False,
2016-10-04,485.0,-24.0,-0.2357,False,False,False,
2016-10-05,478.0,-29.0,-0.3146,False,False,False,
2016-10-06,475.0,-24.0,-0.2311,False,False,False,
2016-10-07,476.0,-34.0,-0.3918,False,False,False,
2016-10-10,476.0,-42.0,-0.5202,False,False,False,
2016-10-11,475.0,-49.0,-0.6339,False,False,False,
2016-10-12,475.0,-51.0,-0.6666,False,False,False,
2016-10-13,482.0,-44.0,-0.5547,False,False,False,
2016-10-14,472.0,-55.0,-0.7363,False,False,False,
2016-10-17,476.0,-49.0,-0.6434,False,False,False,
2016-10-18,472.0,-52.0,-0.6945,False,False,False,
2016-10-19,466.0,-56.0,-0.7613,False,False,False,
2016-10-20,462.0,-47.0,-0.6146,False,False,False,
2016-10-21,462.0,-48.0,-0.6315,False,False,False,
2016-10-24,460.0,-56.0,-0.7604,False,False,False,
2016-10-25,460.0,-58.0,-0.7906,False,False,False,
2016-10-26,466.0,-48.0,-0.6255,False,False,False,
2016-10-27,469.0,-40.0,-0.4939,False,False,False,
2016-10-28,476.0,-21.0,-0.1835,False,False,False,
2016-10-31,491.0,-2.0,0.1269,False,False,False,
2016-11-01,505.0,20.0,0.4855,False,False,False,
2016-11-02,515.0,37.0,0.7619,False,False,False,
2016-11-03,515.0,40.0,0.8082,False,False,False,
2016-11-04,520.0,44.0,0.8701,False,False,False,
2016-11-07,501.0,25.0,0.5611,False,False,False,
2016-11-08,498.0,23.0,0.5293,False,False,False,
2016-11-09,494.0,19.0,0.4648,False,False,False,
2016-11-10,497.0,15.0,0.4019,False,False,False,
2016-11-11,497.0,25.0,0.5673,False,False,False,
2016-11-14,511.0,35.0,0.7322,False,False,False,
2016-11-15,494.0,22.0,0.5219,False,False,False,
2016-11-16,494.0,28.0,0.623,False,False,False,
2016-11-17,485.0,23.0,0.5448,False,False,False,
2016-11-18,484.0,22.0,0.5321,False,False,False,
2016-11-21,478.0,18.0,0.4692,False,False,False,
2016-11-22,470.0,10.0,0.3408,False,False,False,
2016-11-23,466.0,0.0,0.1796,False,False,False,
2016-11-24,466.0,-3.0,0.1346,False,False,False,
2016-11-25,464.0,-12.0,-0.0097,False,False,False,
2016-11-28,466.0,-25.0,-0.2217,False,False,False,
2016-11-29,469.0,-36.0,-0.3997,False,False,False,
2016-11-30,467.0,-48.0,-0.5955,False,False,False,
2016-12-01,462.0,-53.0,-0.6741,False,False,False,
2016-12-02,464.0,-56.0,-0.7188,False,False,False,
2016-12-05,458.0,-43.0,-0.4907,False,False,False,
2016-12-06,450.0,-48.0,-0.5704,False,False,False,
2016-12-07,442.0,-52.0,-0.6334,False,False,False,
2016-12-08,438.0,-59.0,-0.7485,False,False,False,
2016-12-09,428.0,-69.0,-0.9156,False,False,False,
2016-12-12,425.0,-86.0,-1.2036,False,False,False,
2016-12-13,420.0,-74.0,-0.9864,False,False,False,
2016-12-14,412.0,-82.0,-1.118,False,False,False,
2016-12-15,420.0,-65.0,-0.8129,False,False,False,
2016-12-16,421.0,-63.0,-0.7712,False,False,False,
2016-12-19,423.0,-55.0,-0.624,False,False,False,
2016-12-20,420.0,-50.0,-0.5294,False,False,False,
2016-12-21,419.0,-47.0,-0.4701,False,False,False,
2016-12-22,417.0,-49.0,-0.5,False,False,False,
2016-12-23,416.0,-48.0,-0.4764,False,False,False,
2016-12-27,411.0,-55.0,-0.5962,False,False,False,
2016-12-28,415.0,-54.0,-0.5728,False,False,False,
2016-12-29,418.0,-49.0,-0.4781,False,False,False,
2016-12-30,421.0,-41.0,-0.3281,False,False,False,
2016-12-31,422.0,-42.0,-0.3395,False,False,False,
2017-01-03,413.0,-45.0,-0.3878,False,False,False,
2017-01-04,402.0,-48.0,-0.4369,False,False,False,
2017-01-05,404.0,-38.0,-0.244,False,False,False,
2017-01-06,398.0,-40.0,-0.2741,False,False,False,
2017-01-09,402.0,-26.0,-0.0009,False,False,False,
2017-01-10,400.0,-25.0,0.0264,False,False,False,
2017-01-11,403.0,-17.0,0.1889,False,False,False,
2017-01-12,405.0,-7.0,0.3932,False,False,False,
2017-01-13,402.0,-18.0,0.1872,False,False,False,
2017-01-16,400.0,-21.0,0.137,False,False,False,
2017-01-17,406.0,-17.0,0.2249,False,False,False,
2017-01-18,401.0,-19.0,0.194,False,False,False,
2017-01-19,399.0,-20.0,0.1844,False,False,False,
2017-01-20,402.0,-15.0,0.2972,False,False,False,
2017-01-23,410.0,-6.0,0.495,False,False,False,
2017-01-24,402.0,-9.0,0.4442,False,False,False,
2017-01-25,393.0,-22.0,0.1849,False,False,False,
2017-01-26,393.0,-25.0,0.1347,False,False,False,
2017-01-27,393.0,-28.0,0.0811,False,False,False,
2017-01-30,396.0,-26.0,0.1388,False,False,False,
2017-01-31,400.0,-13.0,0.4454,False,False,False,
2017-02-01,395.0,-7.0,0.5959,False,False,False,
2017-02-02,393.0,-11.0,0.5073,False,False,False,
2017-02-03,386.0,-12.0,0.4866,False,False,False,
2017-02-06,391.0,-11.0,0.5155,False,False,False,
2017-02-07,393.0,-7.0,0.6157,False,False,False,
2017-02-08,398.0,-5.0,0.6673,False,False,False,
2017-02-09,393.0,-12.0,0.5094,False,False,False,
2017-02-10,390.0,-12.0,0.5175,False,False,False,
2017-02-13,386.0,-14.0,0.4768,False,False,False,
2017-02-14,380.0,-26.0,0.1942,False,False,False,
2017-02-15,377.0,-24.0,0.244,False,False,False,
2017-02-16,383.0,-16.0,0.4315,False,False,False,
2017-02-17,386.0,-16.0,0.4267,False,False,False,
2017-02-20,386.0,-24.0,0.2312,False,False,False,
2017-02-21,381.0,-21.0,0.2968,False,False,False,
2017-02-22,378.0,-15.0,0.435,False,False,False,
2017-02-23,377.0,-16.0,0.4041,False,False,False,
2017-02-24,384.0,-9.0,0.5727,False,False,False,
2017-02-27,375.0,-21.0,0.2624,False,False,False,
2017-02-28,374.0,-26.0,0.1206,False,False,False,
2017-03-01,357.0,-38.0,-0.2235,False,False,False,
2017-03-02,355.0,-38.0,-0.2435,False,False,False,
2017-03-03,360.0,-26.0,0.0878,False,False,False,
2017-03-06,366.0,-25.0,0.1061,False,False,False,
2017-03-07,373.0,-20.0,0.2445,False,False,False,
2017-03-08,379.0,-19.0,0.2663,False,False,False,
2017-03-09,388.0,-5.0,0.7008,False,False,False,
2017-03-10,389.0,-1.0,0.8305,False,False,False,
2017-03-13,394.0,8.0,1.1238,False,False,False,
2017-03-14,405.0,25.0,1.6733,False,True,True,
2017-03-15,402.0,25.0,1.6574,False,True,True,
2017-03-16,388.0,5.0,0.9902,False,False,False,
2017-03-17,391.0,5.0,0.9842,False,False,False,
2017-03-20,397.0,11.0,1.1738,False,False,False,
2017-03-21,404.0,23.0,1.5573,False,True,True,
2017-03-22,416.0,38.0,2.0318,False,True,True,
2017-03-23,411.0,34.0,1.8836,False,True,True,
2017-03-24,407.0,23.0,1.5197,False,True,True,
2017-03-27,412.0,37.0,1.9518,False,True,True,
2017-03-28,401.0,27.0,1.6287,False,True,True,
2017-03-29,394.0,37.0,1.9351,False,False,False,
2017-03-30,385.0,30.0,1.6982,False,False,False,
2017-03-31,392.0,32.0,1.7427,False,False,False,
2017-04-03,398.0,32.0,1.7259,False,False,False,
2017-04-04,398.0,25.0,1.4974,False,False,False,
2017-04-05,391.0,12.0,1.0875,False,False,False,
2017-04-06,393.0,5.0,0.8645,False,False,False,
2017-04-07,386.0,-3.0,0.6117,False,False,False,
2017-04-10,386.0,-8.0,0.4513,False,False,False,
2017-04-11,394.0,-11.0,0.3526,False,False,False,
2017-04-12,396.0,-6.0,0.5022,False,False,False,
2017-04-13,403.0,15.0,1.1541,False,True,True,
2017-04-17,400.0,9.0,0.9593,False,False,False,
2017-04-18,407.0,10.0,0.9848,False,False,False,
2017-04-19,401.0,-3.0,0.5642,False,False,False,
2017-04-20,398.0,-18.0,0.0734,False,False,False,
2017-04-21,397.0,-14.0,0.1969,False,False,False,
2017-04-24,386.0,-21.0,-0.0388,False,False,False,
2017-04-25,378.0,-34.0,-0.4713,False,False,False,
2017-04-26,376.0,-25.0,-0.1783,False,False,False,
2017-04-27,378.0,-16.0,0.117,False,False,False,
2017-04-28,375.0,-10.0,0.3134,False,False,False,
2017-04-30,381.0,-11.0,0.2791,False,False,False,
2017-05-01,378.0,-20.0,-0.0193,False,False,False,
2017-05-02,379.0,-19.0,0.0135,False,False,False,
2017-05-03,376.0,-15.0,0.1457,False,False,False,
2017-05-04,380.0,-13.0,0.2129,False,False,False,
2017-05-05,382.0,-4.0,0.5093,False,False,False,
2017-05-08,380.0,-6.0,0.4441,False,False,False,
2017-05-09,374.0,-20.0,-0.0177,False,False,False,
2017-05-10,372.0,-24.0,-0.1477,False,False,False,
2017-05-11,372.0,-31.0,-0.3768,False,False,False,
2017-05-12,377.0,-23.0,-0.111,False,False,False,
2017-05-15,372.0,-35.0,-0.5054,False,False,False,
2017-05-16,371.0,-30.0,-0.3378,False,False,False,
2017-05-17,384.0,-14.0,0.1924,False,False,False,
2017-05-18,385.0,-12.0,0.2557,False,False,False,
2017-05-19,378.0,-8.0,0.3843,False,False,False,
2017-05-22,372.0,-6.0,0.4461,False,False,False,
2017-05-23,367.0,-9.0,0.343,False,False,False,
2017-05-24,368.0,-10.0,0.3049,False,False,False,
2017-05-25,367.0,-8.0,0.3662,False,False,False,
2017-05-26,367.0,-14.0,0.161,False,False,False,
2017-05-29,367.0,-11.0,0.2566,False,False,False,
2017-05-30,368.0,-11.0,0.2527,False,False,False,
2017-05-31,374.0,-2.0,0.5514,False,False,False,
2017-06-01,369.0,-11.0,0.2503,False,False,False,
2017-06-02,369.0,-13.0,0.1854,False,False,False,
2017-06-05,368.0,-12.0,0.2212,False,False,False,
2017-06-06,372.0,-2.0,0.5572,False,False,False,
2017-06-07,373.0,1.0,0.6544,False,False,False,
2017-06-08,376.0,4.0,0.752,False,False,False,
2017-06-09,373.0,-4.0,0.4833,False,False,False,
2017-06-12,371.0,-1.0,0.5803,False,False,False,
2017-06-13,368.0,-3.0,0.5189,False,False,False,
2017-06-14,370.0,-14.0,0.1592,False,False,False,
2017-06-15,372.0,-13.0,0.204,False,False,False,
2017-06-16,376.0,-2.0,0.5878,False,False,False,
2017-06-19,370.0,-2.0,0.5928,False,False,False,
2017-06-20,377.0,10.0,1.0061,False,False,False,
2017-06-21,385.0,17.0,1.2464,False,False,False,
2017-06-22,387.0,20.0,1.3516,False,False,False,
2017-06-23,386.0,19.0,1.3224,False,False,False,
2017-06-26,383.0,16.0,1.2185,False,False,False,
2017-06-27,377.0,9.0,0.9716,False,False,False,
2017-06-28,377.0,3.0,0.758,False,False,False,
2017-06-29,376.0,7.0,0.8903,False,False,False,
2017-06-30,377.0,8.0,0.9179,False,False,False,
2017-07-03,372.0,4.0,0.774,False,False,False,
2017-07-04,372.0,0.0,0.6273,False,False,False,
2017-07-05,373.0,0.0,0.6212,False,False,False,
2017-07-06,378.0,2.0,0.6863,False,False,False,
2017-07-07,383.0,10.0,0.9649,False,False,False,
2017-07-10,383.0,12.0,1.0283,False,False,False,
2017-07-11,385.0,17.0,1.2068,False,False,False,
2017-07-12,381.0,11.0,0.9962,False,False,False,
2017-07-13,377.0,5.0,0.7725,False,False,False,
2017-07-14,373.0,-3.0,0.4623,False,False,False,
2017-07-17,369.0,-1.0,0.533,False,False,False,
2017-07-18,369.0,-8.0,0.2568,False,False,False,
2017-07-19,364.0,-21.0,-0.2515,False,False,False,
2017-07-20,361.0,-26.0,-0.4505,False,False,False,
2017-07-21,364.0,-22.0,-0.298,False,False,False,
2017-07-24,363.0,-20.0,-0.2215,False,False,False,
2017-07-25,355.0,-22.0,-0.2999,False,False,False,
2017-07-26,356.0,-21.0,-0.2606,False,False,False,
2017-07-27,355.0,-21.0,-0.2581,False,False,False,
2017-07-28,359.0,-18.0,-0.1414,False,False,False,
2017-07-31,361.0,-11.0,0.1332,False,False,False,
2017-08-01,360.0,-12.0,0.0942,False,False,False,
2017-08-02,359.0,-14.0,0.0166,False,False,False,
2017-08-03,363.0,-15.0,-0.0236,False,False,False,
2017-08-04,363.0,-20.0,-0.2197,False,False,False,
2017-08-07,364.0,-19.0,-0.1811,False,False,False,
2017-08-08,364.0,-21.0,-0.259,False,False,False,
2017-08-09,381.0,0.0,0.5589,False,False,False,
2017-08-10,392.0,15.0,1.1368,False,False,False,
2017-08-11,400.0,27.0,1.5898,False,True,True,
2017-08-14,389.0,20.0,1.3065,False,False,False,
2017-08-15,387.0,18.0,1.2192,False,False,False,
2017-08-16,388.0,24.0,1.4444,False,False,False,
2017-08-17,393.0,32.0,1.7431,False,False,False,
2017-08-18,398.0,34.0,1.8096,False,False,False,
2017-08-21,400.0,37.0,1.9121,False,True,True,
2017-08-22,393.0,38.0,1.9327,False,False,False,
2017-08-23,395.0,39.0,1.9489,False,False,False,
2017-08-24,391.0,36.0,1.8124,False,False,False,
2017-08-25,389.0,30.0,1.5654,False,False,False,
2017-08-28,388.0,27.0,1.4369,False,False,False,
2017-08-29,390.0,30.0,1.5373,False,False,False,
2017-08-30,386.0,27.0,1.4101,False,False,False,
2017-08-31,385.0,22.0,1.2121,False,False,False,
2017-09-01,382.0,19.0,1.0946,False,False,False,
2017-09-04,382.0,18.0,1.0535,False,False,False,
2017-09-05,391.0,27.0,1.3868,False,False,False,
2017-09-06,384.0,3.0,0.4826,False,False,False,
2017-09-07,388.0,-4.0,0.2199,False,False,False,
2017-09-08,392.0,-8.0,0.0715,False,False,False,
2017-09-11,385.0,-4.0,0.2251,False,False,False,
2017-09-12,381.0,-6.0,0.1494,False,False,False,
2017-09-13,378.0,-10.0,0.0003,False,False,False,
2017-09-14,374.0,-19.0,-0.3373,False,False,False,
2017-09-15,373.0,-25.0,-0.5599,False,False,False,
2017-09-18,368.0,-32.0,-0.8195,False,False,False,
2017-09-19,366.0,-27.0,-0.6259,False,False,False,
2017-09-20,360.0,-35.0,-0.9241,False,False,False,
2017-09-21,362.0,-29.0,-0.6945,False,False,False,
2017-09-22,364.0,-25.0,-0.5431,False,False,False,
2017-09-25,366.0,-22.0,-0.431,False,False,False,
2017-09-26,362.0,-28.0,-0.6571,False,False,False,
2017-09-27,357.0,-29.0,-0.6961,False,False,False,
2017-09-28,357.0,-28.0,-0.6616,False,False,False,
2017-09-29,354.0,-28.0,-0.667,False,False,False,
2017-09-30,356.0,-26.0,-0.5972,False,False,False,
2017-10-02,355.0,-36.0,-0.9817,False,False,False,
2017-10-03,355.0,-29.0,-0.7214,False,False,False,
2017-10-04,354.0,-34.0,-0.9183,False,False,False,
2017-10-05,352.0,-40.0,-1.1543,False,False,False,
2017-10-06,352.0,-33.0,-0.8916,False,False,False,
2017-10-09,351.0,-30.0,-0.7801,False,False,False,
2017-10-10,352.0,-26.0,-0.63,False,False,False,
2017-10-11,352.0,-22.0,-0.4819,False,False,False,
2017-10-12,356.0,-17.0,-0.2938,False,False,False,
2017-10-13,360.0,-8.0,0.0565,False,False,False,
2017-10-16,353.0,-13.0,-0.1471,False,False,False,
2017-10-17,350.0,-10.0,-0.0291,False,False,False,
2017-10-18,346.0,-16.0,-0.2664,False,False,False,
2017-10-19,348.0,-16.0,-0.2614,False,False,False,
2017-10-20,342.0,-24.0,-0.5754,False,False,False,
2017-10-23,340.0,-22.0,-0.4887,False,False,False,
2017-10-24,338.0,-19.0,-0.3602,False,False,False,
2017-10-25,342.0,-15.0,-0.1906,False,False,False,
2017-10-26,341.0,-13.0,-0.1029,False,False,False,
2017-10-27,344.0,-12.0,-0.0567,False,False,False,
2017-10-30,349.0,-6.0,0.1956,False,False,False,
2017-10-31,351.0,-4.0,0.2846,False,False,False,
2017-11-01,348.0,-6.0,0.2095,False,False,False,
2017-11-02,352.0,0.0,0.4667,False,False,False,
2017-11-03,352.0,0.0,0.4737,False,False,False,
2017-11-06,355.0,4.0,0.6484,False,False,False,
2017-11-07,357.0,5.0,0.6958,False,False,False,
2017-11-08,367.0,15.0,1.1231,False,False,False,
2017-11-09,379.0,23.0,1.4581,False,False,False,
2017-11-10,376.0,16.0,1.1552,False,False,False,
2017-11-13,377.0,24.0,1.4838,False,False,False,
2017-11-14,384.0,34.0,1.885,False,False,False,
2017-11-15,397.0,51.0,2.5533,False,False,False,
2017-11-16,379.0,31.0,1.7076,False,False,False,
2017-11-17,376.0,34.0,1.8147,False,False,False,
2017-11-20,370.0,30.0,1.6378,False,False,False,
2017-11-21,366.0,28.0,1.5455,False,False,False,
2017-11-22,370.0,28.0,1.5326,False,False,False,
2017-11-23,370.0,29.0,1.5617,False,False,False,
2017-11-24,367.0,23.0,1.3054,False,False,False,
2017-11-27,366.0,17.0,1.0512,False,False,False,
2017-11-28,367.0,16.0,1.0064,False,False,False,
2017-11-29,364.0,16.0,1.0095,False,False,False,
2017-11-30,361.0,9.0,0.705,False,False,False,
2017-12-01,363.0,11.0,0.7925,False,False,False,
2017-12-04,358.0,3.0,0.4291,False,False,False,
2017-12-05,357.0,0.0,0.2859,False,False,False,
2017-12-06,363.0,-4.0,0.0942,False,False,False,
2017-12-07,363.0,-16.0,-0.4712,False,False,False,
2017-12-08,363.0,-13.0,-0.3399,False,False,False,
2017-12-11,361.0,-16.0,-0.4909,False,False,False,
2017-12-12,358.0,-26.0,-0.9747,False,False,False,
2017-12-13,364.0,-33.0,-1.3226,False,False,False,
2017-12-14,363.0,-16.0,-0.5188,False,False,False,
2017-12-15,364.0,-12.0,-0.3348,False,False,False,
2017-12-18,364.0,-6.0,-0.0481,False,False,False,
2017-12-19,360.0,-6.0,-0.0555,False,False,False,
2017-12-20,358.0,-12.0,-0.3624,False,False,False,
2017-12-21,357.0,-13.0,-0.4231,False,False,False,
2017-12-22,356.0,-11.0,-0.3294,False,False,False,
2017-12-26,357.0,-9.0,-0.2358,False,False,False,
2017-12-27,359.0,-8.0,-0.1888,False,False,False,
2017-12-28,355.0,-9.0,-0.2437,False,False,False,
2017-12-29,358.0,-3.0,0.0611,False,False,False,
2017-12-31,363.0,0.0,0.2136,False,False,False,
2018-01-02,355.0,-3.0,0.0567,False,False,False,
2018-01-03,348.0,-9.0,-0.2543,False,False,False,
2018-01-04,340.0,-23.0,-0.9722,False,False,False,
2018-01-05,336.0,-27.0,-1.1742,False,False,False,
2018-01-08,335.0,-28.0,-1.2218,False,False,False,
2018-01-09,333.0,-28.0,-1.2163,False,False,False,
2018-01-10,342.0,-16.0,-0.6008,False,False,False,
2018-01-11,340.0,-24.0,-1.0043,False,False,False,
2018-01-12,337.0,-26.0,-1.1045,False,False,False,
2018-01-15,335.0,-29.0,-1.2553,False,False,False,
2018-01-16,334.0,-30.0,-1.3051,False,False,False,
2018-01-17,334.0,-26.0,-1.1017,False,False,False,
2018-01-18,335.0,-23.0,-0.9458,False,False,False,
2018-01-19,335.0,-22.0,-0.8906,False,False,False,
2018-01-22,332.0,-24.0,-0.9877,False,False,False,
2018-01-23,331.0,-26.0,-1.0838,False,False,False,
2018-01-24,328.0,-31.0,-1.3279,False,False,False,
2018-01-25,328.0,-27.0,-1.1198,False,False,False,
2018-01-26,323.0,-35.0,-1.5086,False,False,False,
2018-01-29,326.0,-37.0,-1.5958,False,False,False,
2018-01-30,333.0,-22.0,-0.8467,False,False,False,
2018-01-31,329.0,-19.0,-0.6963,False,False,False,
2018-02-01,329.0,-11.0,-0.3027,False,False,False,
2018-02-02,336.0,0.0,0.2403,False,False,False,
2018-02-05,348.0,13.0,0.8816,False,False,False,
2018-02-06,360.0,27.0,1.5635,False,False,False,
2018-02-07,346.0,4.0,0.4183,False,False,False,
2018-02-08,359.0,19.0,1.1537,False,False,False,
2018-02-09,382.0,45.0,2.4043,False,False,False,
2018-02-12,371.0,36.0,1.9394,False,False,False,
2018-02-13,378.0,44.0,2.2945,False,False,False,
2018-02-14,369.0,35.0,1.8401,False,False,False,
2018-02-15,357.0,22.0,1.2071,False,False,False,
2018-02-16,350.0,15.0,0.8653,False,False,False,
2018-02-19,350.0,18.0,1.0026,False,False,False,
2018-02-20,348.0,17.0,0.9467,False,False,False,
2018-02-21,346.0,18.0,0.9872,False,False,False,
2018-02-22,353.0,25.0,1.3142,False,False,False,
2018-02-23,358.0,35.0,1.7773,False,False,False,
2018-02-26,350.0,24.0,1.24,False,False,False,
2018-02-27,347.0,14.0,0.7579,False,False,False,
2018-02-28,347.0,18.0,0.9459,False,False,False,
2018-03-01,359.0,30.0,1.5156,False,False,False,
2018-03-02,365.0,29.0,1.4657,False,False,False,
2018-03-05,359.0,11.0,0.6072,False,False,False,
2018-03-06,353.0,-7.0,-0.2472,False,False,False,
2018-03-07,356.0,10.0,0.5621,False,False,False,
2018-03-08,356.0,-3.0,-0.0519,False,False,False,
2018-03-09,353.0,-29.0,-1.2854,False,False,False,
2018-03-12,355.0,-16.0,-0.6563,False,False,False,
2018-03-13,358.0,-20.0,-0.8421,False,False,False,
2018-03-14,362.0,-7.0,-0.2079,False,False,False,
2018-03-15,362.0,5.0,0.381,False,False,False,
2018-03-16,360.0,10.0,0.6345,False,False,False,
2018-03-19,365.0,15.0,0.8863,False,False,False,
2018-03-20,362.0,14.0,0.8443,False,False,False,
2018-03-21,360.0,14.0,0.8518,False,False,False,
2018-03-22,370.0,17.0,1.0046,False,False,False,
2018-03-23,374.0,16.0,0.9533,False,False,False,
2018-03-26,373.0,23.0,1.2945,False,False,False,
2018-03-27,375.0,28.0,1.5295,False,False,False,
2018-03-28,377.0,30.0,1.6127,False,False,False,
2018-03-29,379.0,20.0,1.1124,False,False,False,
2018-03-31,372.0,7.0,0.4717,False,False,False,
2018-04-02,377.0,18.0,1.0102,False,False,False,
2018-04-03,371.0,18.0,1.0071,False,False,False,
2018-04-04,371.0,15.0,0.8586,False,False,False,
2018-04-05,359.0,3.0,0.2702,False,False,False,
2018-04-06,364.0,11.0,0.6562,False,False,False,
2018-04-09,361.0,6.0,0.4077,False,False,False,
2018-04-10,352.0,-6.0,-0.1829,False,False,False,
2018-04-11,350.0,-12.0,-0.4835,False,False,False,
2018-04-12,342.0,-20.0,-0.8793,False,False,False,
2018-04-13,338.0,-22.0,-0.9757,False,False,False,
2018-04-16,333.0,-32.0,-1.4581,False,False,False,
2018-04-17,329.0,-33.0,-1.4966,False,False,False,
2018-04-18,324.0,-36.0,-1.6337,False,False,False,
2018-04-19,333.0,-37.0,-1.6717,False,False,False,
2018-04-20,333.0,-41.0,-1.8491,False,False,False,
2018-04-23,336.0,-37.0,-1.6438,False,False,False,
2018-04-24,341.0,-34.0,-1.4877,False,False,False,
2018-04-25,347.0,-30.0,-1.2881,False,False,False,
2018-04-26,343.0,-36.0,-1.5647,False,False,False,
2018-04-27,344.0,-28.0,-1.184,False,False,False,
2018-04-30,346.0,-31.0,-1.326,False,False,False,
2018-05-01,347.0,-24.0,-0.9943,False,False,False,
2018-05-02,345.0,-26.0,-1.093,False,False,False,
2018-05-03,350.0,-9.0,-0.2915,False,False,False,
2018-05-04,349.0,-15.0,-0.5768,False,False,False,
2018-05-07,346.0,-15.0,-0.576,False,False,False,
2018-05-08,346.0,-6.0,-0.1484,False,False,False,
2018-05-09,343.0,-7.0,-0.1957,False,False,False,
2018-05-10,341.0,-1.0,0.0882,False,False,False,
2018-05-11,340.0,2.0,0.2286,False,False,False,
2018-05-14,337.0,4.0,0.3215,False,False,False,
2018-05-15,336.0,7.0,0.4603,False,False,False,
2018-05-16,337.0,13.0,0.7407,False,False,False,
2018-05-17,336.0,3.0,0.2627,False,False,False,
2018-05-18,341.0,8.0,0.4983,False,False,False,
2018-05-21,340.0,4.0,0.3054,False,False,False,
2018-05-22,339.0,-2.0,0.0181,False,False,False,
2018-05-23,348.0,1.0,0.1584,False,False,False,
2018-05-24,349.0,6.0,0.3947,False,False,False,
2018-05-25,353.0,9.0,0.5356,False,False,False,
2018-05-28,353.0,7.0,0.4398,False,False,False,
2018-05-29,375.0,28.0,1.4261,False,False,False,
2018-05-30,364.0,19.0,0.9943,False,False,False,
2018-05-31,363.0,13.0,0.7072,False,False,False,
2018-06-01,355.0,6.0,0.3732,False,False,False,
2018-06-04,349.0,3.0,0.2287,False,False,False,
2018-06-05,350.0,4.0,0.2747,False,False,False,
2018-06-06,344.0,1.0,0.1325,False,False,False,
2018-06-07,344.0,3.0,0.2284,False,False,False,
2018-06-08,345.0,5.0,0.3256,False,False,False,
2018-06-11,339.0,2.0,0.1874,False,False,False,
2018-06-12,338.0,2.0,0.191,False,False,False,
2018-06-13,333.0,-4.0,-0.0904,False,False,False,
2018-06-14,331.0,-5.0,-0.1354,False,False,False,
2018-06-15,333.0,-8.0,-0.2761,False,False,False,
2018-06-18,334.0,-6.0,-0.1785,False,False,False,
2018-06-19,340.0,1.0,0.1561,False,False,False,
2018-06-20,334.0,-14.0,-0.5547,False,False,False,
2018-06-21,339.0,-10.0,-0.3623,False,False,False,
2018-06-22,339.0,-14.0,-0.5497,False,False,False,
2018-06-25,347.0,-6.0,-0.1676,False,False,False,
2018-06-26,348.0,-27.0,-1.1574,False,False,False,
2018-06-27,356.0,-8.0,-0.2517,False,False,False,
2018-06-28,364.0,1.0,0.1792,False,False,False,
2018-06-29,361.0,6.0,0.4184,False,False,False,
2018-06-30,371.0,22.0,1.1742,False,False,False,
2018-07-02,378.0,28.0,1.4473,False,False,False,
2018-07-03,377.0,33.0,1.6681,False,False,False,
2018-07-04,377.0,33.0,1.6516,False,False,False,
2018-07-05,374.0,29.0,1.4512,False,False,False,
2018-07-06,374.0,35.0,1.714,False,False,False,
2018-07-09,365.0,27.0,1.3306,False,False,False,
2018-07-10,359.0,26.0,1.2734,False,False,False,
2018-07-11,366.0,35.0,1.6735,False,False,False,
2018-07-12,361.0,28.0,1.3388,False,False,False,
2018-07-13,362.0,28.0,1.3274,False,False,False,
2018-07-16,359.0,19.0,0.9064,False,False,False,
2018-07-17,358.0,24.0,1.1275,False,False,False,
2018-07-18,356.0,17.0,0.8005,False,False,False,
2018-07-19,359.0,20.0,0.931,False,False,False,
2018-07-20,355.0,8.0,0.3775,False,False,False,
2018-07-23,350.0,2.0,0.0987,False,False,False,
2018-07-24,347.0,-9.0,-0.4084,False,False,False,
2018-07-25,348.0,-16.0,-0.7316,False,False,False,
2018-07-26,342.0,-19.0,-0.8648,False,False,False,
2018-07-27,342.0,-29.0,-1.3127,False,False,False,
2018-07-30,343.0,-35.0,-1.5733,False,False,False,
2018-07-31,346.0,-31.0,-1.3784,False,False,False,
2018-08-01,343.0,-34.0,-1.5012,False,False,False,
2018-08-02,343.0,-31.0,-1.3534,False,False,False,
2018-08-03,343.0,-31.0,-1.3433,False,False,False,
2018-08-06,343.0,-22.0,-0.9271,False,False,False,
2018-08-07,335.0,-24.0,-1.0116,False,False,False,
2018-08-08,337.0,-29.0,-1.2332,False,False,False,
2018-08-09,338.0,-23.0,-0.951,False,False,False,
2018-08-10,350.0,-12.0,-0.436,False,False,False,
2018-08-13,352.0,-7.0,-0.1974,False,False,False,
2018-08-14,348.0,-10.0,-0.3319,False,False,False,
2018-08-15,355.0,-1.0,0.0965,False,False,False,
2018-08-16,349.0,-10.0,-0.322,False,False,False,
2018-08-17,349.0,-6.0,-0.1279,False,False,False,
2018-08-20,352.0,2.0,0.2555,False,False,False,
2018-08-21,348.0,1.0,0.2116,False,False,False,
2018-08-22,348.0,0.0,0.1697,False,False,False,
2018-08-23,347.0,5.0,0.4086,False,False,False,
2018-08-24,346.0,4.0,0.3591,False,False,False,
2018-08-27,343.0,0.0,0.1663,False,False,False,
2018-08-28,340.0,-6.0,-0.1203,False,False,False,
2018-08-29,339.0,-4.0,-0.0251,False,False,False,
2018-08-30,344.0,1.0,0.212,False,False,False,
2018-08-31,349.0,6.0,0.4468,False,False,False,
2018-09-03,349.0,6.0,0.4417,False,False,False,
2018-09-04,346.0,11.0,0.6752,False,False,False,
2018-09-05,349.0,12.0,0.7171,False,False,False,
2018-09-06,352.0,14.0,0.8069,False,False,False,
2018-09-07,348.0,-2.0,0.0283,False,False,False,
2018-09-10,346.0,-6.0,-0.1698,False,False,False,
2018-09-11,340.0,-8.0,-0.2701,False,False,False,
2018-09-12,338.0,-17.0,-0.712,False,False,False,
2018-09-13,335.0,-14.0,-0.57,False,False,False,
2018-09-14,329.0,-20.0,-0.8666,False,False,False,
2018-09-17,329.0,-23.0,-1.0157,False,False,False,
2018-09-18,324.0,-24.0,-1.0656,False,False,False,
2018-09-19,324.0,-24.0,-1.0714,False,False,False,
2018-09-20,325.0,-22.0,-0.9758,False,False,False,
2018-09-21,325.0,-21.0,-0.932,False,False,False,
2018-09-24,328.0,-15.0,-0.6441,False,False,False,
2018-09-25,326.0,-14.0,-0.6005,False,False,False,
2018-09-26,327.0,-12.0,-0.5058,False,False,False,
2018-09-27,325.0,-19.0,-0.8595,False,False,False,
2018-09-28,324.0,-25.0,-1.1596,False,False,False,
2018-09-30,328.0,-21.0,-0.9573,False,False,False,
2018-10-01,322.0,-24.0,-1.1022,False,False,False,
2018-10-02,322.0,-27.0,-1.2464,False,False,False,
2018-10-03,316.0,-36.0,-1.6815,False,False,False,
2018-10-04,329.0,-19.0,-0.8364,False,False,False,
2018-10-05,332.0,-14.0,-0.5887,False,False,False,
2018-10-08,332.0,-8.0,-0.2946,False,False,False,
2018-10-09,341.0,3.0,0.2483,False,False,False,
2018-10-10,351.0,16.0,0.8893,False,False,False,
2018-10-11,358.0,29.0,1.5227,False,False,False,
2018-10-12,354.0,25.0,1.3129,False,False,False,
2018-10-15,349.0,25.0,1.3019,False,False,False,
2018-10-16,345.0,21.0,1.0966,False,False,False,
2018-10-17,345.0,20.0,1.0404,False,False,False,
2018-10-18,351.0,26.0,1.3246,False,False,False,
2018-10-19,351.0,23.0,1.1699,False,False,False,
2018-10-22,352.0,26.0,1.307,False,False,False,
2018-10-23,365.0,38.0,1.8716,False,False,False,
2018-10-24,368.0,43.0,2.0879,False,False,False,
2018-10-25,372.0,48.0,2.2992,False,False,False,
2018-10-26,385.0,57.0,2.6872,False,False,False,
2018-10-29,384.0,62.0,2.8681,False,False,False,
2018-10-30,389.0,67.0,3.041,False,False,False,
2018-10-31,381.0,65.0,2.9082,False,False,False,
2018-11-01,381.0,52.0,2.3238,False,False,False,
2018-11-02,372.0,40.0,1.7795,False,False,False,
2018-11-05,372.0,40.0,1.7753,False,False,False,
2018-11-06,368.0,27.0,1.1961,False,False,False,
2018-11-07,360.0,9.0,0.3962,False,False,False,
2018-11-08,357.0,-1.0,-0.0469,False,False,False,
2018-11-09,371.0,17.0,0.766,False,False,False,
2018-11-12,371.0,22.0,0.9917,False,False,False,
2018-11-13,389.0,44.0,1.9651,False,False,False,
2018-11-14,399.0,54.0,2.381,False,False,False,
2018-11-15,411.0,60.0,2.6055,False,True,True,
2018-11-16,418.0,67.0,2.8547,False,True,True,
2018-11-19,425.0,73.0,3.0454,False,True,True,
2018-11-20,433.0,68.0,2.7794,False,True,True,
2018-11-21,424.0,56.0,2.2481,False,True,True,
2018-11-22,425.0,53.0,2.0968,False,True,True,
2018-11-23,429.0,44.0,1.7116,False,True,True,
2018-11-26,426.0,42.0,1.6142,False,True,True,
2018-11-27,431.0,42.0,1.5984,False,True,True,
2018-11-28,425.0,44.0,1.6628,False,True,True,
2018-11-29,422.0,41.0,1.5297,False,True,True,
2018-11-30,429.0,57.0,2.1424,False,True,True,
2018-12-03,420.0,48.0,1.765,False,True,True,
2018-12-04,429.0,61.0,2.2464,False,True,True,
2018-12-05,429.0,69.0,2.5164,False,True,True,
2018-12-06,450.0,93.0,3.3534,False,True,True,
2018-12-07,450.0,79.0,2.7688,False,True,True,
2018-12-10,456.0,85.0,2.9288,False,True,True,
2018-12-11,448.0,59.0,1.9517,False,True,True,
2018-12-12,440.0,41.0,1.2857,False,True,True,
2018-12-13,439.0,28.0,0.8078,False,False,False,
2018-12-14,446.0,28.0,0.8025,False,False,False,
2018-12-17,458.0,33.0,0.9771,False,False,False,
2018-12-18,472.0,39.0,1.185,False,True,True,
2018-12-19,484.0,60.0,1.9195,False,True,True,
2018-12-20,511.0,86.0,2.7971,False,True,True,
2018-12-21,522.0,93.0,2.9819,False,True,True,
2018-12-24,535.0,109.0,3.4457,False,True,True,
2018-12-26,537.0,106.0,3.2635,False,True,True,
2018-12-27,538.0,113.0,3.4035,False,True,True,
2018-12-28,530.0,108.0,3.1649,False,True,True,
2018-12-31,533.0,104.0,2.9738,False,True,True,
2019-01-02,535.0,115.0,3.2431,False,True,True,
2019-01-03,544.0,115.0,3.1699,False,True,True,
2019-01-04,505.0,76.0,1.9575,False,True,True,
2019-01-07,483.0,33.0,0.6464,False,False,False,
2019-01-08,465.0,15.0,0.095,False,False,False,
2019-01-09,452.0,-4.0,-0.4871,False,False,False,
2019-01-10,454.0,6.0,-0.1863,False,False,False,
2019-01-11,455.0,15.0,0.0838,False,False,False,
2019-01-14,460.0,21.0,0.2629,False,False,False,
2019-01-15,455.0,9.0,-0.1124,False,False,False,
2019-01-16,444.0,-14.0,-0.8292,False,False,False,
2019-01-17,440.0,-32.0,-1.3843,False,False,False,
2019-01-18,427.0,-57.0,-2.1384,False,False,False,
2019-01-21,427.0,-84.0,-2.9122,False,False,False,
2019-01-22,441.0,-81.0,-2.769,False,False,False,
2019-01-23,439.0,-96.0,-3.1394,False,False,False,
2019-01-24,445.0,-92.0,-2.9569,False,False,False,
2019-01-25,434.0,-104.0,-3.2203,False,False,False,
2019-01-28,441.0,-89.0,-2.7447,False,False,False,
2019-01-29,440.0,-93.0,-2.8006,False,False,False,
2019-01-30,436.0,-99.0,-2.9026,False,False,False,
2019-01-31,437.0,-107.0,-3.0486,False,False,False,
2019-02-01,429.0,-76.0,-2.1992,False,False,False,
2019-02-04,425.0,-58.0,-1.7102,False,False,False,
2019-02-05,415.0,-50.0,-1.4888,False,False,False,
2019-02-06,413.0,-39.0,-1.1947,False,False,False,
2019-02-07,429.0,-25.0,-0.8276,False,False,False,
2019-02-08,432.0,-23.0,-0.771,False,False,False,
2019-02-11,428.0,-32.0,-0.9956,False,False,False,
2019-02-12,417.0,-38.0,-1.1409,False,False,False,
2019-02-13,412.0,-32.0,-0.9795,False,False,False,
2019-02-14,417.0,-23.0,-0.744,False,False,False,
2019-02-15,412.0,-15.0,-0.5354,False,False,False,
2019-02-18,412.0,-15.0,-0.5309,False,False,False,
2019-02-19,411.0,-30.0,-0.9085,False,False,False,
2019-02-20,408.0,-31.0,-0.9282,False,False,False,
2019-02-21,404.0,-41.0,-1.1774,False,False,False,
2019-02-22,405.0,-29.0,-0.8662,False,False,False,
2019-02-25,400.0,-41.0,-1.1648,False,False,False,
2019-02-26,401.0,-39.0,-1.1119,False,False,False,
2019-02-27,394.0,-42.0,-1.1827,False,False,False,
2019-02-28,392.0,-45.0,-1.2532,False,False,False,
2019-03-01,386.0,-43.0,-1.1958,False,False,False,
2019-03-04,390.0,-35.0,-0.9884,False,False,False,
2019-03-05,391.0,-24.0,-0.7079,False,False,False,
2019-03-06,398.0,-15.0,-0.4788,False,False,False,
2019-03-07,410.0,-19.0,-0.5756,False,False,False,
2019-03-08,418.0,-14.0,-0.4473,False,False,False,
2019-03-11,412.0,-16.0,-0.494,False,False,False,
2019-03-12,408.0,-9.0,-0.316,False,False,False,
2019-03-13,399.0,-13.0,-0.4128,False,False,False,
2019-03-14,395.0,-22.0,-0.6334,False,False,False,
2019-03-15,395.0,-17.0,-0.5036,False,False,False,
2019-03-18,395.0,-17.0,-0.4998,False,False,False,
2019-03-19,391.0,-20.0,-0.572,False,False,False,
2019-03-20,397.0,-11.0,-0.3436,False,False,False,
2019-03-21,392.0,-12.0,-0.3657,False,False,False,
2019-03-22,403.0,-2.0,-0.1133,False,False,False,
2019-03-25,413.0,13.0,0.2617,False,False,False,
2019-03-26,409.0,8.0,0.1367,False,False,False,
2019-03-27,409.0,15.0,0.3112,False,False,False,
2019-03-28,408.0,16.0,0.3341,False,False,False,
2019-03-29,399.0,13.0,0.2564,False,False,False,
2019-03-31,405.0,15.0,0.3032,False,False,False,
2019-04-01,394.0,3.0,-0.0002,False,False,False,
2019-04-02,395.0,-3.0,-0.1539,False,False,False,
2019-04-03,390.0,-20.0,-0.583,False,False,False,
2019-04-04,390.0,-28.0,-0.7857,False,False,False,
2019-04-05,386.0,-26.0,-0.7371,False,False,False,
2019-04-08,384.0,-24.0,-0.6895,False,False,False,
2019-04-09,386.0,-13.0,-0.415,False,False,False,
2019-04-10,386.0,-9.0,-0.3168,False,False,False,
2019-04-11,379.0,-16.0,-0.496,False,False,False,
2019-04-12,368.0,-27.0,-0.7763,False,False,False,
2019-04-15,368.0,-23.0,-0.6756,False,False,False,
2019-04-16,364.0,-33.0,-0.929,False,False,False,
2019-04-17,367.0,-25.0,-0.7259,False,False,False,
2019-04-18,373.0,-30.0,-0.8521,False,False,False,
2019-04-22,373.0,-40.0,-1.1001,False,False,False,
2019-04-23,372.0,-37.0,-1.0203,False,False,False,
2019-04-24,373.0,-36.0,-0.9914,False,False,False,
2019-04-25,375.0,-33.0,-0.9116,False,False,False,
2019-04-26,376.0,-23.0,-0.6577,False,False,False,
2019-04-29,373.0,-32.0,-0.8798,False,False,False,
2019-04-30,373.0,-21.0,-0.6006,False,False,False,
2019-05-01,371.0,-24.0,-0.6725,False,False,False,
2019-05-02,374.0,-16.0,-0.4693,False,False,False,
2019-05-03,372.0,-18.0,-0.5162,False,False,False,
2019-05-06,382.0,-4.0,-0.1645,False,False,False,
2019-05-07,389.0,5.0,0.0614,False,False,False,
2019-05-08,387.0,1.0,-0.0386,False,False,False,
2019-05-09,399.0,13.0,0.2607,False,False,False,
2019-05-10,401.0,22.0,0.484,False,False,False,
2019-05-13,420.0,52.0,1.2273,False,True,True,
2019-05-14,413.0,45.0,1.0466,False,True,True,
2019-05-15,417.0,53.0,1.2377,False,True,True,
2019-05-16,406.0,39.0,0.888,False,False,False,
2019-05-17,407.0,34.0,0.7617,False,False,False,
2019-05-20,406.0,33.0,0.7343,False,False,False,
2019-05-21,399.0,27.0,0.5831,False,False,False,
2019-05-22,403.0,30.0,0.6542,False,False,False,
2019-05-23,422.0,47.0,1.0682,False,True,True,
2019-05-24,416.0,40.0,0.8901,False,False,False,
2019-05-27,416.0,43.0,0.9584,False,False,False,
2019-05-28,419.0,46.0,1.0261,False,True,True,
2019-05-29,436.0,65.0,1.4799,False,True,True,
2019-05-30,433.0,59.0,1.3231,False,True,True,
2019-05-31,459.0,87.0,1.9808,False,True,True,
2019-06-03,470.0,88.0,1.9806,False,True,True,
2019-06-04,453.0,64.0,1.393,False,True,True,
2019-06-05,448.0,61.0,1.3106,False,True,True,
2019-06-06,442.0,43.0,0.8766,False,False,False,
2019-06-07,437.0,36.0,0.7051,False,False,False,
2019-06-10,423.0,3.0,-0.0805,False,False,False,
2019-06-11,420.0,7.0,0.0126,False,False,False,
2019-06-12,422.0,5.0,-0.036,False,False,False,
2019-06-13,424.0,18.0,0.2693,False,False,False,
2019-06-14,423.0,16.0,0.2195,False,False,False,
2019-06-17,423.0,17.0,0.2418,False,False,False,
2019-06-18,414.0,15.0,0.1933,False,False,False,
2019-06-19,416.0,13.0,0.1465,False,False,False,
2019-06-20,403.0,-19.0,-0.6112,False,False,False,
2019-06-21,395.0,-21.0,-0.6536,False,False,False,
2019-06-24,400.0,-16.0,-0.5301,False,False,False,
2019-06-25,409.0,-10.0,-0.3836,False,False,False,
2019-06-26,405.0,-31.0,-0.8772,False,False,False,
2019-06-27,409.0,-24.0,-0.7053,False,False,False,
2019-06-28,407.0,-52.0,-1.36,False,False,False,
2019-06-30,407.0,-63.0,-1.605,False,False,False,
2019-07-01,399.0,-54.0,-1.3802,False,False,False,
2019-07-02,404.0,-44.0,-1.1357,False,False,False,
2019-07-03,402.0,-40.0,-1.0342,False,False,False,
2019-07-04,402.0,-35.0,-0.9104,False,False,False,
2019-07-05,398.0,-25.0,-0.6717,False,False,False,
2019-07-08,400.0,-20.0,-0.5507,False,False,False,
2019-07-09,403.0,-19.0,-0.5246,False,False,False,
2019-07-10,401.0,-23.0,-0.6153,False,False,False,
2019-07-11,400.0,-23.0,-0.6137,False,False,False,
2019-07-12,402.0,-21.0,-0.5664,False,False,False,
2019-07-15,400.0,-14.0,-0.4034,False,False,False,
2019-07-16,396.0,-20.0,-0.5447,False,False,False,
2019-07-17,401.0,-2.0,-0.1273,False,False,False,
2019-07-18,411.0,16.0,0.2901,False,False,False,
2019-07-19,407.0,7.0,0.0754,False,False,False,
2019-07-22,406.0,-3.0,-0.1621,False,False,False,
2019-07-23,399.0,-6.0,-0.2352,False,False,False,
2019-07-24,398.0,-11.0,-0.3541,False,False,False,
2019-07-25,393.0,-14.0,-0.4259,False,False,False,
2019-07-26,389.0,-18.0,-0.5215,False,False,False,
2019-07-29,393.0,-6.0,-0.2404,False,False,False,
2019-07-30,397.0,-7.0,-0.2645,False,False,False,
2019-07-31,393.0,-9.0,-0.3114,False,False,False,
2019-08-01,410.0,8.0,0.0879,False,False,False,
2019-08-02,419.0,21.0,0.3925,False,False,False,
2019-08-05,453.0,53.0,1.1387,False,True,True,
2019-08-06,446.0,43.0,0.8975,False,False,False,
2019-08-07,452.0,51.0,1.0784,False,True,True,
2019-08-08,431.0,31.0,0.6063,False,False,False,
2019-08-09,431.0,29.0,0.5564,False,False,False,
2019-08-12,440.0,40.0,0.8096,False,False,False,
2019-08-13,425.0,29.0,0.5498,False,False,False,
2019-08-14,449.0,48.0,0.9874,False,False,False,
2019-08-15,452.0,41.0,0.8188,False,False,False,
2019-08-16,447.0,40.0,0.7906,False,False,False,
2019-08-19,436.0,30.0,0.5549,False,False,False,
2019-08-20,435.0,36.0,0.691,False,False,False,
2019-08-21,421.0,23.0,0.3873,False,False,False,
2019-08-22,416.0,23.0,0.3861,False,False,False,
2019-08-23,425.0,36.0,0.6851,False,False,False,
2019-08-26,422.0,29.0,0.5211,False,False,False,
2019-08-27,419.0,22.0,0.3565,False,False,False,
2019-08-28,417.0,24.0,0.4,False,False,False,
2019-08-29,408.0,-2.0,-0.2032,False,False,False,
2019-08-30,409.0,-10.0,-0.3894,False,False,False,
2019-08-31,413.0,-40.0,-1.0807,False,False,False,
2019-09-02,413.0,-33.0,-0.9166,False,False,False,
2019-09-03,423.0,-29.0,-0.8233,False,False,False,
2019-09-04,423.0,-8.0,-0.3396,False,False,False,
2019-09-05,407.0,-24.0,-0.7097,False,False,False,
2019-09-06,405.0,-35.0,-0.962,False,False,False,
2019-09-09,399.0,-26.0,-0.7533,False,False,False,
2019-09-10,390.0,-59.0,-1.5056,False,False,False,
2019-09-11,392.0,-60.0,-1.518,False,False,False,
2019-09-12,385.0,-62.0,-1.5523,False,False,False,
2019-09-13,383.0,-53.0,-1.34,False,False,False,
2019-09-16,380.0,-55.0,-1.3789,False,False,False,
2019-09-17,381.0,-40.0,-1.0355,False,False,False,
2019-09-18,382.0,-34.0,-0.8981,False,False,False,
2019-09-19,377.0,-48.0,-1.2108,False,False,False,
2019-09-20,381.0,-41.0,-1.0517,False,False,False,
2019-09-23,384.0,-35.0,-0.9139,False,False,False,
2019-09-24,390.0,-27.0,-0.7318,False,False,False,
2019-09-25,391.0,-17.0,-0.5054,False,False,False,
2019-09-26,395.0,-14.0,-0.4361,False,False,False,
2019-09-27,399.0,-14.0,-0.4333,False,False,False,
2019-09-30,402.0,-11.0,-0.3623,False,False,False,
2019-10-01,408.0,-15.0,-0.4488,False,False,False,
2019-10-02,428.0,5.0,0.0035,False,False,False,
2019-10-03,440.0,33.0,0.633,False,False,False,
2019-10-04,438.0,33.0,0.6315,False,False,False,
2019-10-07,431.0,32.0,0.6083,False,False,False,
2019-10-08,439.0,49.0,0.9869,False,False,False,
2019-10-09,432.0,40.0,0.7829,False,False,False,
2019-10-10,426.0,41.0,0.8049,False,False,False,
2019-10-11,410.0,27.0,0.4926,False,False,False,
2019-10-14,408.0,28.0,0.5175,False,False,False,
2019-10-15,401.0,20.0,0.3417,False,False,False,
2019-10-16,401.0,19.0,0.324,False,False,False,
2019-10-17,400.0,23.0,0.42,False,False,False,
2019-10-18,402.0,21.0,0.3798,False,False,False,
2019-10-21,398.0,14.0,0.2243,False,False,False,
2019-10-22,399.0,9.0,0.1131,False,False,False,
2019-10-23,398.0,7.0,0.0704,False,False,False,
2019-10-24,396.0,1.0,-0.0646,False,False,False,
2019-10-25,389.0,-10.0,-0.3149,False,False,False,
2019-10-28,385.0,-17.0,-0.4736,False,False,False,
2019-10-29,386.0,-22.0,-0.5842,False,False,False,
2019-10-30,396.0,-32.0,-0.8074,False,False,False,
2019-10-31,415.0,-25.0,-0.6417,False,False,False,
2019-11-01,409.0,-29.0,-0.7269,False,False,False,
2019-11-04,399.0,-32.0,-0.789,False,False,False,
2019-11-05,397.0,-42.0,-1.0112,False,False,False,
2019-11-06,402.0,-30.0,-0.7286,False,False,False,
2019-11-07,396.0,-30.0,-0.7223,False,False,False,
2019-11-08,400.0,-10.0,-0.2527,False,False,False,
2019-11-11,399.0,-9.0,-0.2244,False,False,False,
2019-11-12,400.0,-1.0,-0.0334,False,False,False,
2019-11-13,405.0,4.0,0.0873,False,False,False,
2019-11-14,408.0,8.0,0.1846,False,False,False,
2019-11-15,406.0,4.0,0.0945,False,False,False,
2019-11-18,409.0,11.0,0.2626,False,False,False,
2019-11-19,412.0,13.0,0.3149,False,False,False,
2019-11-20,418.0,20.0,0.4842,False,False,False,
2019-11-21,417.0,21.0,0.5136,False,False,False,
2019-11-22,413.0,24.0,0.5921,False,False,False,
2019-11-25,408.0,23.0,0.5803,False,False,False,
2019-11-26,405.0,19.0,0.4929,False,False,False,
2019-11-27,399.0,3.0,0.1128,False,False,False,
2019-11-29,401.0,-14.0,-0.2983,False,False,False,
2019-11-30,402.0,-7.0,-0.1215,False,False,False,
2019-12-02,403.0,4.0,0.1526,False,False,False,
2019-12-03,414.0,17.0,0.4753,False,False,False,
2019-12-04,402.0,0.0,0.0582,False,False,False,
2019-12-05,400.0,4.0,0.161,False,False,False,
2019-12-06,389.0,-11.0,-0.2052,False,False,False,
2019-12-09,388.0,-11.0,-0.1976,False,False,False,
2019-12-10,384.0,-16.0,-0.3163,False,False,False,
2019-12-11,383.0,-22.0,-0.4634,False,False,False,
2019-12-12,370.0,-38.0,-0.876,False,False,False,
2019-12-13,371.0,-35.0,-0.7961,False,False,False,
2019-12-16,362.0,-47.0,-1.1189,False,False,False,
2019-12-17,358.0,-54.0,-1.3116,False,False,False,
2019-12-18,351.0,-67.0,-1.6795,False,False,False,
2019-12-19,354.0,-63.0,-1.5772,False,False,False,
2019-12-20,353.0,-60.0,-1.4866,False,False,False,
2019-12-23,352.0,-56.0,-1.3598,False,False,False,
2019-12-24,353.0,-52.0,-1.2343,False,False,False,
2019-12-26,353.0,-46.0,-1.0546,False,False,False,
2019-12-27,356.0,-45.0,-1.0183,False,False,False,
2019-12-30,360.0,-42.0,-0.9252,False,False,False,
2019-12-31,360.0,-43.0,-0.9463,False,False,False,
2020-01-02,356.0,-58.0,-1.3638,False,False,False,
2020-01-03,361.0,-41.0,-0.8743,False,False,False,
2020-01-06,357.0,-43.0,-0.9292,False,False,False,
2020-01-07,354.0,-35.0,-0.7057,False,False,False,
2020-01-08,350.0,-38.0,-0.8026,False,False,False,
2020-01-09,349.0,-35.0,-0.7269,False,False,False,
2020-01-10,348.0,-35.0,-0.7424,False,False,False,
2020-01-13,348.0,-22.0,-0.3739,False,False,False,
2020-01-14,345.0,-26.0,-0.5094,False,False,False,
2020-01-15,344.0,-18.0,-0.2803,False,False,False,
2020-01-16,342.0,-16.0,-0.2317,False,False,False,
2020-01-17,339.0,-12.0,-0.1208,False,False,False,
2020-01-20,338.0,-16.0,-0.2626,False,False,False,
2020-01-21,347.0,-6.0,0.0487,False,False,False,
2020-01-22,349.0,-3.0,0.1392,False,False,False,
2020-01-23,358.0,5.0,0.3931,False,False,False,
2020-01-24,368.0,15.0,0.7126,False,False,False,
2020-01-27,403.0,47.0,1.7372,False,True,True,
2020-01-28,386.0,26.0,1.0482,False,False,False,
2020-01-29,383.0,23.0,0.9436,False,False,False,
2020-01-30,395.0,39.0,1.4485,False,False,False,
2020-01-31,403.0,42.0,1.5309,False,True,True,
2020-02-03,397.0,40.0,1.4532,False,False,False,
2020-02-04,385.0,31.0,1.1558,False,False,False,
2020-02-05,375.0,25.0,0.9572,False,False,False,
2020-02-06,370.0,21.0,0.8229,False,False,False,
2020-02-07,375.0,27.0,1.0066,False,False,False,
2020-02-10,375.0,27.0,0.9987,False,False,False,
2020-02-11,365.0,20.0,0.7689,False,False,False,
2020-02-12,359.0,15.0,0.6034,False,False,False,
2020-02-13,357.0,15.0,0.5976,False,False,False,
2020-02-14,356.0,17.0,0.6556,False,False,False,
2020-02-17,356.0,18.0,0.6816,False,False,False,
2020-02-18,361.0,14.0,0.5468,False,False,False,
2020-02-19,357.0,8.0,0.3481,False,False,False,
2020-02-20,362.0,4.0,0.2152,False,False,False,
2020-02-21,366.0,-2.0,0.0192,False,False,False,
2020-02-24,403.0,0.0,0.0816,False,False,False,
2020-02-25,418.0,32.0,1.1109,False,True,True,
2020-02-26,427.0,44.0,1.4855,False,True,True,
2020-02-27,462.0,67.0,2.1957,False,True,True,
2020-02-28,504.0,101.0,3.1997,False,True,True,
2020-02-29,506.0,109.0,3.3581,False,True,True,
2020-03-02,497.0,112.0,3.3575,False,True,True,
2020-03-03,484.0,109.0,3.1877,False,True,True,
2020-03-04,475.0,105.0,3.0024,False,True,True,
2020-03-05,505.0,130.0,3.6089,False,True,True,
2020-03-06,564.0,189.0,4.9754,False,True,True,
2020-03-09,668.0,303.0,7.1222,False,True,True,
2020-03-10,638.0,279.0,6.0336,False,True,True,
2020-03-11,661.0,304.0,6.0568,False,True,True,
2020-03-12,742.0,386.0,6.9164,False,True,True,
2020-03-13,731.0,375.0,6.1613,False,True,True,
2020-03-16,838.0,477.0,7.0273,True,True,True,
2020-03-17,841.0,484.0,6.4805,True,True,True,
2020-03-18,904.0,542.0,6.5886,True,True,True,
2020-03-19,982.0,616.0,6.7634,True,True,True,
2020-03-20,1009.0,606.0,6.1101,True,True,True,
2020-03-23,1087.0,669.0,6.2006,True,True,True,
2020-03-24,1055.0,628.0,5.433,True,True,True,
2020-03-25,1011.0,549.0,4.5079,True,True,True,
2020-03-26,929.0,425.0,3.3458,True,True,True,
2020-03-27,899.0,393.0,3.007,True,True,True,
2020-03-30,882.0,385.0,2.8794,True,True,True,
2020-03-31,877.0,393.0,2.8832,True,True,True,
2020-04-01,911.0,436.0,3.1502,True,True,True,
2020-04-02,917.0,412.0,2.8994,True,True,True,
2020-04-03,943.0,379.0,2.5973,True,True,True,
2020-04-06,926.0,258.0,1.6571,True,True,True,
2020-04-07,888.0,250.0,1.5809,True,True,True,
2020-04-08,881.0,220.0,1.3424,True,True,True,
2020-04-09,796.0,54.0,0.0886,True,False,True,
2020-04-13,770.0,39.0,-0.0267,True,False,True,
2020-04-14,735.0,-103.0,-1.0939,False,False,False,
2020-04-15,764.0,-77.0,-0.8958,True,False,True,
2020-04-16,758.0,-146.0,-1.4064,True,False,True,
2020-04-17,731.0,-251.0,-2.1674,False,False,False,
2020-04-20,752.0,-257.0,-2.1845,True,False,True,
2020-04-21,790.0,-297.0,-2.4421,True,False,True,
2020-04-22,785.0,-270.0,-2.2163,True,False,True,
2020-04-23,787.0,-224.0,-1.8653,True,False,True,
2020-04-24,803.0,-126.0,-1.1573,True,False,True,
2020-04-27,801.0,-98.0,-0.9526,True,False,True,
2020-04-28,802.0,-80.0,-0.8204,True,False,True,
2020-04-29,787.0,-90.0,-0.8861,True,False,True,
2020-04-30,763.0,-148.0,-1.2886,True,False,True,
2020-05-01,770.0,-147.0,-1.2718,True,False,True,
2020-05-04,779.0,-164.0,-1.3808,True,False,True,
2020-05-05,760.0,-166.0,-1.384,True,False,True,
2020-05-06,760.0,-128.0,-1.1105,True,False,True,
2020-05-07,760.0,-121.0,-1.0551,True,False,True,
2020-05-08,752.0,-44.0,-0.5159,True,False,True,
2020-05-11,751.0,-19.0,-0.3398,True,False,True,
2020-05-12,742.0,7.0,-0.1577,False,False,False,
2020-05-13,761.0,-3.0,-0.2261,True,False,True,
2020-05-14,777.0,19.0,-0.072,True,False,True,
2020-05-15,778.0,47.0,0.1235,True,False,True,
2020-05-18,741.0,-11.0,-0.2786,False,False,False,
2020-05-19,735.0,-55.0,-0.5811,False,False,False,
2020-05-20,716.0,-69.0,-0.6739,False,False,False,
2020-05-21,708.0,-79.0,-0.7388,False,False,False,
2020-05-22,706.0,-97.0,-0.8584,False,False,False,
2020-05-25,706.0,-95.0,-0.8396,False,False,False,
2020-05-26,675.0,-127.0,-1.0547,False,False,False,
2020-05-27,670.0,-117.0,-0.9803,False,False,False,
2020-05-28,660.0,-103.0,-0.8793,False,False,False,
2020-05-29,671.0,-99.0,-0.8477,False,False,False,
2020-05-31,654.0,-125.0,-1.0207,False,False,False,
2020-06-01,643.0,-117.0,-0.9603,False,False,False,
2020-06-02,618.0,-142.0,-1.1246,False,False,False,
2020-06-03,580.0,-180.0,-1.3741,False,False,False,
2020-06-04,583.0,-169.0,-1.2899,False,False,False,
2020-06-05,550.0,-201.0,-1.4959,False,False,False,
2020-06-08,551.0,-191.0,-1.4182,False,False,False,
2020-06-09,575.0,-186.0,-1.3749,False,False,False,
2020-06-10,592.0,-185.0,-1.3585,False,False,False,
2020-06-11,640.0,-138.0,-1.0393,False,False,False,
2020-06-12,628.0,-113.0,-0.8689,False,False,False,
2020-06-15,625.0,-110.0,-0.8465,False,False,False,
2020-06-16,578.0,-138.0,-1.0294,False,False,False,
2020-06-17,585.0,-123.0,-0.9266,False,False,False,
2020-06-18,601.0,-105.0,-0.8047,False,False,False,
2020-06-19,602.0,-104.0,-0.7956,False,False,False,
2020-06-22,603.0,-72.0,-0.5822,False,False,False,
2020-06-23,602.0,-68.0,-0.5543,False,False,False,
2020-06-24,623.0,-37.0,-0.3486,False,False,False,
2020-06-25,630.0,-41.0,-0.3744,False,False,False,
2020-06-26,641.0,-13.0,-0.1893,False,False,False,
2020-06-29,652.0,9.0,-0.0445,False,False,False,
2020-06-30,644.0,26.0,0.0668,False,False,False,
2020-07-01,633.0,53.0,0.2439,False,False,False,
2020-07-02,617.0,34.0,0.1166,False,False,False,
2020-07-03,617.0,67.0,0.3333,False,False,False,
2020-07-06,603.0,52.0,0.233,False,False,False,
2020-07-07,604.0,29.0,0.0802,False,False,False,
2020-07-08,606.0,14.0,-0.0196,False,False,False,
2020-07-09,614.0,-26.0,-0.2839,False,False,False,
2020-07-10,614.0,-14.0,-0.2043,False,False,False,
2020-07-13,601.0,-24.0,-0.2703,False,False,False,
2020-07-14,603.0,25.0,0.053,False,False,False,
2020-07-15,581.0,-4.0,-0.1391,False,False,False,
2020-07-16,576.0,-25.0,-0.2776,False,False,False,
2020-07-17,574.0,-28.0,-0.2969,False,False,False,
2020-07-20,554.0,-49.0,-0.4343,False,False,False,
2020-07-21,533.0,-69.0,-0.5639,False,False,False,
2020-07-22,528.0,-95.0,-0.7312,False,False,False,
2020-07-23,526.0,-104.0,-0.7859,False,False,False,
2020-07-24,529.0,-112.0,-0.8333,False,False,False,
2020-07-27,524.0,-128.0,-0.933,False,False,False,
2020-07-28,527.0,-117.0,-0.8556,False,False,False,
2020-07-29,515.0,-118.0,-0.8568,False,False,False,
2020-07-30,514.0,-103.0,-0.7541,False,False,False,
2020-07-31,516.0,-101.0,-0.7364,False,False,False,
2020-08-03,508.0,-95.0,-0.693,False,False,False,
2020-08-04,513.0,-91.0,-0.6629,False,False,False,
2020-08-05,504.0,-102.0,-0.7306,False,False,False,
2020-08-06,506.0,-108.0,-0.7652,False,False,False,
2020-08-07,506.0,-108.0,-0.761,False,False,False,
2020-08-10,509.0,-92.0,-0.6532,False,False,False,
2020-08-11,503.0,-100.0,-0.7011,False,False,False,
2020-08-12,510.0,-71.0,-0.5098,False,False,False,
2020-08-13,516.0,-60.0,-0.436,False,False,False,
2020-08-14,526.0,-48.0,-0.3561,False,False,False,
2020-08-17,529.0,-25.0,-0.2061,False,False,False,
2020-08-18,526.0,-7.0,-0.0893,False,False,False,
2020-08-19,525.0,-3.0,-0.0643,False,False,False,
2020-08-20,528.0,2.0,-0.0327,False,False,False,
2020-08-21,525.0,-4.0,-0.0723,False,False,False,
2020-08-24,517.0,-7.0,-0.0919,False,False,False,
2020-08-25,507.0,-20.0,-0.1764,False,False,False,
2020-08-26,502.0,-13.0,-0.1315,False,False,False,
2020-08-27,498.0,-16.0,-0.1513,False,False,False,
2020-08-28,500.0,-16.0,-0.1524,False,False,False,
2020-08-31,502.0,-6.0,-0.0889,False,False,False,
2020-09-01,497.0,-16.0,-0.1551,False,False,False,
2020-09-02,493.0,-11.0,-0.1237,False,False,False,
2020-09-03,504.0,-2.0,-0.0666,False,False,False,
2020-09-04,513.0,7.0,-0.0092,False,False,False,
2020-09-07,513.0,4.0,-0.0297,False,False,False,
2020-09-08,525.0,22.0,0.0857,False,False,False,
2020-09-09,516.0,6.0,-0.0197,False,False,False,
2020-09-10,516.0,0.0,-0.0597,False,False,False,
2020-09-11,521.0,-5.0,-0.0929,False,False,False,
2020-09-14,518.0,-11.0,-0.1321,False,False,False,
2020-09-15,514.0,-12.0,-0.1387,False,False,False,
2020-09-16,507.0,-18.0,-0.1777,False,False,False,
2020-09-17,514.0,-14.0,-0.1515,False,False,False,
2020-09-18,516.0,-9.0,-0.1191,False,False,False,
2020-09-21,542.0,25.0,0.1019,False,False,False,
2020-09-22,545.0,38.0,0.1865,False,False,False,
2020-09-23,547.0,45.0,0.2318,False,False,False,
2020-09-24,564.0,66.0,0.3676,False,False,False,
2020-09-25,564.0,64.0,0.3542,False,False,False,
2020-09-28,552.0,50.0,0.2627,False,False,False,
2020-09-29,550.0,53.0,0.2819,False,False,False,
2020-09-30,541.0,48.0,0.2488,False,False,False,
2020-10-01,536.0,32.0,0.1445,False,False,False,
2020-10-02,538.0,25.0,0.0988,False,False,False,
2020-10-05,518.0,5.0,-0.0311,False,False,False,
2020-10-06,506.0,-19.0,-0.1863,False,False,False,
2020-10-07,502.0,-14.0,-0.1528,False,False,False,
2020-10-08,497.0,-19.0,-0.1845,False,False,False,
2020-10-09,492.0,-29.0,-0.2486,False,False,False,
2020-10-12,492.0,-26.0,-0.2282,False,False,False,
2020-10-13,488.0,-26.0,-0.2275,False,False,False,
2020-10-14,489.0,-18.0,-0.1752,False,False,False,
2020-10-15,501.0,-13.0,-0.1427,False,False,False,
2020-10-16,494.0,-22.0,-0.2013,False,False,False,
2020-10-19,491.0,-51.0,-0.3895,False,False,False,
2020-10-20,490.0,-55.0,-0.4147,False,False,False,
2020-10-21,491.0,-56.0,-0.4204,False,False,False,
2020-10-22,488.0,-76.0,-0.5491,False,False,False,
2020-10-23,487.0,-77.0,-0.5544,False,False,False,
2020-10-26,503.0,-49.0,-0.3719,False,False,False,
2020-10-27,506.0,-44.0,-0.339,False,False,False,
2020-10-28,529.0,-12.0,-0.1311,False,False,False,
2020-10-29,525.0,-11.0,-0.1245,False,False,False,
2020-10-30,525.0,-13.0,-0.1372,False,False,False,
2020-10-31,532.0,14.0,0.0379,False,False,False,
2020-11-02,525.0,19.0,0.0701,False,False,False,
2020-11-03,507.0,5.0,-0.0209,False,False,False,
2020-11-04,479.0,-18.0,-0.1695,False,False,False,
2020-11-05,459.0,-33.0,-0.2657,False,False,False,
2020-11-06,467.0,-25.0,-0.2126,False,False,False,
2020-11-09,422.0,-66.0,-0.4764,False,False,False,
2020-11-10,437.0,-52.0,-0.3835,False,False,False,
2020-11-11,437.0,-64.0,-0.4589,False,False,False,
2020-11-12,462.0,-32.0,-0.25,False,False,False,
2020-11-13,463.0,-28.0,-0.2232,False,False,False,
2020-11-16,450.0,-40.0,-0.3004,False,False,False,
2020-11-17,448.0,-43.0,-0.3188,False,False,False,
2020-11-18,442.0,-46.0,-0.3369,False,False,False,
2020-11-19,448.0,-39.0,-0.29,False,False,False,
2020-11-20,449.0,-54.0,-0.3858,False,False,False,
2020-11-23,443.0,-63.0,-0.4422,False,False,False,
2020-11-24,431.0,-98.0,-0.6661,False,False,False,
2020-11-25,433.0,-92.0,-0.6247,False,False,False,
2020-11-26,433.0,-92.0,-0.6223,False,False,False,
2020-11-27,435.0,-97.0,-0.6521,False,False,False,
2020-11-30,433.0,-92.0,-0.6181,False,False,False,
2020-12-01,421.0,-86.0,-0.5778,False,False,False,
2020-12-02,417.0,-62.0,-0.4225,False,False,False,
2020-12-03,410.0,-49.0,-0.3389,False,False,False,
2020-12-04,403.0,-64.0,-0.4357,False,False,False,
2020-12-07,403.0,-19.0,-0.1467,False,False,False,
2020-12-08,403.0,-34.0,-0.2441,False,False,False,
2020-12-09,404.0,-33.0,-0.2383,False,False,False,
2020-12-10,408.0,-54.0,-0.3738,False,False,False,
2020-12-11,413.0,-50.0,-0.3478,False,False,False,
2020-12-14,407.0,-43.0,-0.3027,False,False,False,
2020-12-15,406.0,-42.0,-0.2963,False,False,False,
2020-12-16,406.0,-36.0,-0.2578,False,False,False,
2020-12-17,405.0,-43.0,-0.3034,False,False,False,
2020-12-18,403.0,-46.0,-0.3226,False,False,False,
2020-12-21,418.0,-25.0,-0.1875,False,False,False,
2020-12-22,412.0,-19.0,-0.1492,False,False,False,
2020-12-23,407.0,-26.0,-0.1947,False,False,False,
2020-12-24,405.0,-28.0,-0.2078,False,False,False,
2020-12-28,389.0,-46.0,-0.3237,False,False,False,
2020-12-29,385.0,-48.0,-0.3359,False,False,False,
2020-12-30,387.0,-34.0,-0.2453,False,False,False,
2020-12-31,386.0,-31.0,-0.2256,False,False,False,
2021-01-04,393.0,-17.0,-0.1352,False,False,False,
2021-01-05,392.0,-11.0,-0.0966,False,False,False,
2021-01-06,380.0,-23.0,-0.1738,False,False,False,
2021-01-07,378.0,-25.0,-0.1862,False,False,False,
2021-01-08,376.0,-28.0,-0.2049,False,False,False,
2021-01-11,382.0,-26.0,-0.1912,False,False,False,
2021-01-12,385.0,-28.0,-0.203,False,False,False,
2021-01-13,382.0,-25.0,-0.1818,False,False,False,
2021-01-14,373.0,-33.0,-0.2319,False,False,False,
2021-01-15,374.0,-32.0,-0.224,False,False,False,
2021-01-18,373.0,-32.0,-0.2222,False,False,False,
2021-01-19,371.0,-32.0,-0.2203,False,False,False,
2021-01-20,367.0,-51.0,-0.3405,False,False,False,
2021-01-21,365.0,-47.0,-0.3127,False,False,False,
2021-01-22,375.0,-32.0,-0.2145,False,False,False,
2021-01-25,375.0,-30.0,-0.2003,False,False,False,
2021-01-26,374.0,-15.0,-0.1025,False,False,False,
2021-01-27,385.0,0.0,-0.005,False,False,False,
2021-01-28,376.0,-11.0,-0.0752,False,False,False,
2021-01-29,379.0,-7.0,-0.0488,False,False,False,
2021-01-31,384.0,-9.0,-0.0611,False,False,False,
2021-02-01,383.0,-9.0,-0.0604,False,False,False,
2021-02-02,375.0,-5.0,-0.034,False,False,False,
2021-02-03,368.0,-10.0,-0.0657,False,False,False,
2021-02-04,364.0,-12.0,-0.0781,False,False,False,
2021-02-05,358.0,-24.0,-0.1548,False,False,False,
2021-02-08,354.0,-31.0,-0.1992,False,False,False,
2021-02-09,351.0,-31.0,-0.1983,False,False,False,
2021-02-10,351.0,-22.0,-0.1389,False,False,False,
2021-02-11,350.0,-24.0,-0.1501,False,False,False,
2021-02-12,348.0,-25.0,-0.1542,False,False,False,
2021-02-15,347.0,-24.0,-0.1447,False,False,False,
2021-02-16,341.0,-26.0,-0.1543,False,False,False,
2021-02-17,344.0,-21.0,-0.1187,False,False,False,
2021-02-18,346.0,-29.0,-0.1671,False,False,False,
2021-02-19,341.0,-34.0,-0.1961,False,False,False,
2021-02-22,344.0,-30.0,-0.1663,False,False,False,
2021-02-23,347.0,-38.0,-0.213,False,False,False,
2021-02-24,342.0,-34.0,-0.1797,False,False,False,
2021-02-25,342.0,-37.0,-0.1925,False,False,False,
2021-02-26,352.0,-32.0,-0.1519,False,False,False,
2021-02-28,357.0,-26.0,-0.1025,False,False,False,
2021-03-01,354.0,-21.0,-0.0588,False,False,False,
2021-03-02,353.0,-15.0,-0.0044,False,False,False,
2021-03-03,351.0,-13.0,0.0241,False,False,False,
2021-03-04,354.0,-4.0,0.108,False,False,False,
2021-03-05,360.0,6.0,0.2099,False,False,False,
2021-03-08,357.0,6.0,0.2402,False,False,False,
2021-03-09,362.0,11.0,0.3241,False,False,False,
2021-03-10,363.0,13.0,0.3895,False,False,False,
2021-03-11,352.0,4.0,0.3461,False,False,False,
2021-03-12,355.0,8.0,0.4206,False,False,False,
2021-03-15,355.0,14.0,0.5199,False,False,False,
2021-03-16,355.0,11.0,0.5254,False,False,False,
2021-03-17,365.0,19.0,0.6652,False,False,False,
2021-03-18,366.0,25.0,0.8088,False,False,False,
2021-03-19,367.0,23.0,0.8608,False,False,False,
2021-03-22,358.0,11.0,0.7679,False,False,False,
2021-03-23,357.0,15.0,0.874,False,False,False,
2021-03-24,351.0,9.0,0.8296,False,False,False,
2021-03-25,353.0,1.0,0.7419,False,False,False,
2021-03-26,348.0,-9.0,0.5841,False,False,False,
2021-03-29,343.0,-11.0,0.5561,False,False,False,
2021-03-30,344.0,-9.0,0.5838,False,False,False,
2021-03-31,336.0,-15.0,0.4801,False,False,False,
2021-04-01,333.0,-21.0,0.3743,False,False,False,
2021-04-05,325.0,-35.0,0.1293,False,False,False,
2021-04-06,325.0,-32.0,0.17,False,False,False,
2021-04-07,322.0,-40.0,0.0118,False,False,False,
2021-04-08,321.0,-42.0,-0.0431,False,False,False,
2021-04-09,324.0,-28.0,0.214,False,False,False,
2021-04-12,324.0,-31.0,0.1489,False,False,False,
2021-04-13,332.0,-23.0,0.3009,False,False,False,
2021-04-14,325.0,-30.0,0.1594,False,False,False,
2021-04-15,325.0,-40.0,-0.0417,False,False,False,
2021-04-16,322.0,-44.0,-0.1301,False,False,False,
2021-04-19,325.0,-42.0,-0.0995,False,False,False,
2021-04-20,335.0,-23.0,0.2754,False,False,False,
2021-04-21,334.0,-23.0,0.2676,False,False,False,
2021-04-22,334.0,-17.0,0.3853,False,False,False,
2021-04-23,329.0,-24.0,0.2329,False,False,False,
2021-04-26,326.0,-22.0,0.2729,False,False,False,
2021-04-27,324.0,-19.0,0.3358,False,False,False,
2021-04-28,326.0,-18.0,0.3593,False,False,False,
2021-04-29,324.0,-12.0,0.4862,False,False,False,
2021-04-30,328.0,-5.0,0.6364,False,False,False,
2021-05-03,327.0,2.0,0.7912,False,False,False,
2021-05-04,332.0,7.0,0.8944,False,False,False,
2021-05-05,329.0,7.0,0.8881,False,False,False,
2021-05-06,330.0,9.0,0.9231,False,False,False,
2021-05-07,327.0,3.0,0.7902,False,False,False,
2021-05-10,326.0,2.0,0.7626,False,False,False,
2021-05-11,336.0,4.0,0.7982,False,False,False,
2021-05-12,334.0,9.0,0.8982,False,False,False,
2021-05-13,337.0,12.0,0.9557,False,False,False,
2021-05-14,335.0,13.0,0.9698,False,False,False,
2021-05-17,335.0,10.0,0.8984,False,False,False,
2021-05-18,335.0,0.0,0.6774,False,False,False,
2021-05-19,340.0,6.0,0.8014,False,False,False,
2021-05-20,342.0,8.0,0.8408,False,False,False,
2021-05-21,337.0,8.0,0.8417,False,False,False,
2021-05-24,337.0,11.0,0.9097,False,False,False,
2021-05-25,334.0,10.0,0.8946,False,False,False,
2021-05-26,335.0,9.0,0.8774,False,False,False,
2021-05-27,330.0,6.0,0.8094,False,False,False,
2021-05-28,329.0,1.0,0.6871,False,False,False,
2021-05-31,334.0,7.0,0.8405,False,False,False,
2021-06-01,333.0,1.0,0.6777,False,False,False,
2021-06-02,331.0,2.0,0.699,False,False,False,
2021-06-03,328.0,-2.0,0.5881,False,False,False,
2021-06-04,328.0,1.0,0.6657,False,False,False,
2021-06-07,327.0,1.0,0.6603,False,False,False,
2021-06-08,326.0,-10.0,0.3463,False,False,False,
2021-06-09,322.0,-12.0,0.2843,False,False,False,
2021-06-10,323.0,-14.0,0.2223,False,False,False,
2021-06-11,321.0,-14.0,0.2198,False,False,False,
2021-06-14,317.0,-18.0,0.1036,False,False,False,
2021-06-15,317.0,-18.0,0.1041,False,False,False,
2021-06-16,312.0,-28.0,-0.1763,False,False,False,
2021-06-17,315.0,-27.0,-0.1423,False,False,False,
2021-06-18,318.0,-19.0,0.0954,False,False,False,
2021-06-21,314.0,-23.0,-0.0136,False,False,False,
2021-06-22,315.0,-19.0,0.1139,False,False,False,
2021-06-23,313.0,-22.0,0.0346,False,False,False,
2021-06-24,308.0,-22.0,0.0408,False,False,False,
2021-06-25,304.0,-25.0,-0.0441,False,False,False,
2021-06-28,305.0,-29.0,-0.1634,False,False,False,
2021-06-29,303.0,-30.0,-0.1914,False,False,False,
2021-06-30,304.0,-27.0,-0.1013,False,False,False,
2021-07-01,302.0,-26.0,-0.0657,False,False,False,
2021-07-02,304.0,-24.0,-0.0032,False,False,False,
2021-07-05,303.0,-24.0,-0.0033,False,False,False,
2021-07-06,305.0,-21.0,0.086,False,False,False,
2021-07-07,305.0,-17.0,0.2026,False,False,False,
2021-07-08,314.0,-9.0,0.4376,False,False,False,
2021-07-09,307.0,-14.0,0.2795,False,False,False,
2021-07-12,305.0,-12.0,0.3333,False,False,False,
2021-07-13,304.0,-13.0,0.2948,False,False,False,
2021-07-14,310.0,-2.0,0.6371,False,False,False,
2021-07-15,314.0,-1.0,0.6663,False,False,False,
2021-07-16,318.0,0.0,0.6968,False,False,False,
2021-07-19,344.0,30.0,1.691,False,False,False,
2021-07-20,338.0,23.0,1.4552,False,False,False,
2021-07-21,324.0,11.0,1.0459,False,False,False,
2021-07-22,324.0,16.0,1.2136,False,False,False,
2021-07-23,322.0,18.0,1.2833,False,False,False,
2021-07-26,321.0,16.0,1.2166,False,False,False,
2021-07-27,327.0,24.0,1.5073,False,False,False,
2021-07-28,326.0,22.0,1.4336,False,False,False,
2021-07-29,323.0,21.0,1.4,False,False,False,
2021-07-30,326.0,22.0,1.4292,False,False,False,
2021-07-31,332.0,29.0,1.6766,False,False,False,
2021-08-02,336.0,31.0,1.7339,False,False,False,
2021-08-03,342.0,37.0,1.9335,False,False,False,
2021-08-04,342.0,28.0,1.5886,False,False,False,
2021-08-05,337.0,30.0,1.6489,False,False,False,
2021-08-06,332.0,27.0,1.5297,False,False,False,
2021-08-09,334.0,30.0,1.6258,False,False,False,
2021-08-10,332.0,22.0,1.3275,False,False,False,
2021-08-11,337.0,23.0,1.3526,False,False,False,
2021-08-12,334.0,16.0,1.0942,False,False,False,
2021-08-13,336.0,-8.0,0.2324,False,False,False,
2021-08-16,338.0,0.0,0.5167,False,False,False,
2021-08-17,337.0,13.0,0.9782,False,False,False,
2021-08-18,335.0,11.0,0.9013,False,False,False,
2021-08-19,342.0,20.0,1.2148,False,False,False,
2021-08-20,337.0,16.0,1.0678,False,False,False,
2021-08-23,334.0,7.0,0.7479,False,False,False,
2021-08-24,326.0,0.0,0.4998,False,False,False,
2021-08-25,322.0,-1.0,0.4688,False,False,False,
2021-08-26,320.0,-6.0,0.2925,False,False,False,
2021-08-27,317.0,-15.0,-0.0266,False,False,False,
2021-08-30,316.0,-20.0,-0.2031,False,False,False,
2021-08-31,321.0,-21.0,-0.2374,False,False,False,
2021-09-01,319.0,-23.0,-0.3072,False,False,False,
2021-09-02,316.0,-21.0,-0.2353,False,False,False,
2021-09-03,314.0,-18.0,-0.1276,False,False,False,
2021-09-06,313.0,-21.0,-0.233,False,False,False,
2021-09-07,316.0,-16.0,-0.0489,False,False,False,
2021-09-08,316.0,-21.0,-0.2213,False,False,False,
2021-09-09,315.0,-19.0,-0.1413,False,False,False,
2021-09-10,311.0,-25.0,-0.3529,False,False,False,
2021-09-13,309.0,-29.0,-0.4959,False,False,False,
2021-09-14,311.0,-26.0,-0.376,False,False,False,
2021-09-15,308.0,-27.0,-0.4076,False,False,False,
2021-09-16,306.0,-36.0,-0.7518,False,False,False,
2021-09-17,304.0,-33.0,-0.6283,False,False,False,
2021-09-20,323.0,-11.0,0.246,False,False,False,
2021-09-21,317.0,-9.0,0.3279,False,False,False,
2021-09-22,309.0,-13.0,0.1682,False,False,False,
2021-09-23,303.0,-17.0,0.0099,False,False,False,
2021-09-24,305.0,-12.0,0.2073,False,False,False,
2021-09-27,306.0,-10.0,0.2837,False,False,False,
2021-09-28,313.0,-8.0,0.3603,False,False,False,
2021-09-29,309.0,-10.0,0.2784,False,False,False,
2021-09-30,315.0,-1.0,0.6325,False,False,False,
2021-10-01,320.0,6.0,0.9058,False,False,False,
2021-10-04,321.0,8.0,0.9785,False,False,False,
2021-10-05,317.0,1.0,0.6955,False,False,False,
2021-10-06,329.0,13.0,1.1627,False,False,False,
2021-10-07,319.0,4.0,0.7988,False,False,False,
2021-10-08,320.0,9.0,0.9941,False,False,False,
2021-10-11,320.0,11.0,1.0713,False,False,False,
2021-10-12,328.0,17.0,1.305,False,False,False,
2021-10-13,325.0,17.0,1.2944,False,False,False,
2021-10-14,318.0,12.0,1.0848,False,False,False,
2021-10-15,312.0,8.0,0.918,False,False,False,
2021-10-18,311.0,-12.0,0.1081,False,False,False,
2021-10-19,309.0,-8.0,0.2743,False,False,False,
2021-10-20,307.0,-2.0,0.5229,False,False,False,
2021-10-21,303.0,0.0,0.6055,False,False,False,
2021-10-22,307.0,2.0,0.6831,False,False,False,
2021-10-25,311.0,5.0,0.799,False,False,False,
2021-10-26,309.0,-4.0,0.4293,False,False,False,
2021-10-27,311.0,2.0,0.6678,False,False,False,
2021-10-28,308.0,-7.0,0.2926,False,False,False,
2021-10-29,308.0,-12.0,0.0787,False,False,False,
2021-10-31,315.0,-6.0,0.3241,False,False,False,
2021-11-01,316.0,-1.0,0.5277,False,False,False,
2021-11-02,321.0,-8.0,0.2317,False,False,False,
2021-11-03,318.0,-1.0,0.518,False,False,False,
2021-11-04,319.0,-1.0,0.5122,False,False,False,
2021-11-05,312.0,-8.0,0.2139,False,False,False,
2021-11-08,303.0,-25.0,-0.5084,False,False,False,
2021-11-09,308.0,-17.0,-0.1796,False,False,False,
2021-11-10,306.0,-12.0,0.0197,False,False,False,
2021-11-11,306.0,-6.0,0.2743,False,False,False,
2021-11-12,309.0,-2.0,0.4495,False,False,False,
2021-11-15,310.0,1.0,0.588,False,False,False,
2021-11-16,312.0,5.0,0.7824,False,False,False,
2021-11-17,317.0,14.0,1.2338,False,False,False,
2021-11-18,319.0,12.0,1.131,False,False,False,
2021-11-19,324.0,13.0,1.1751,False,False,False,
2021-11-22,318.0,9.0,0.9693,False,False,False,
2021-11-23,330.0,19.0,1.4728,False,False,False,
2021-11-24,332.0,24.0,1.7137,False,False,False,
2021-11-25,332.0,24.0,1.6972,False,False,False,
2021-11-26,362.0,47.0,2.8383,False,False,False,
2021-11-29,353.0,37.0,2.3072,False,False,False,
2021-11-30,367.0,46.0,2.7226,False,False,False,
2021-12-01,358.0,40.0,2.3903,False,False,False,
2021-12-02,354.0,35.0,2.1151,False,False,False,
2021-12-03,356.0,44.0,2.5297,False,False,False,
2021-12-06,341.0,38.0,2.2108,False,False,False,
2021-12-07,316.0,8.0,0.7229,False,False,False,
2021-12-08,321.0,15.0,1.0606,False,False,False,
2021-12-09,325.0,19.0,1.2476,False,False,False,
2021-12-10,329.0,20.0,1.2862,False,False,False,
2021-12-13,333.0,23.0,1.4256,False,False,False,
2021-12-14,335.0,23.0,1.4184,False,False,False,
2021-12-15,333.0,16.0,1.0628,False,False,False,
2021-12-16,332.0,13.0,0.9064,False,False,False,
2021-12-17,336.0,12.0,0.8502,False,False,False,
2021-12-20,341.0,23.0,1.386,False,False,False,
2021-12-21,325.0,-5.0,-0.0063,False,False,False,
2021-12-22,321.0,-11.0,-0.3077,False,False,False,
2021-12-23,312.0,-20.0,-0.7583,False,False,False,
2021-12-27,302.0,-60.0,-2.7107,False,False,False,
2021-12-28,301.0,-52.0,-2.2938,False,False,False,
2021-12-29,303.0,-64.0,-2.831,False,False,False,
2021-12-30,309.0,-49.0,-2.0951,False,False,False,
2021-12-31,310.0,-44.0,-1.8468,False,False,False,
2022-01-03,305.0,-51.0,-2.1637,False,False,False,
2022-01-04,309.0,-32.0,-1.263,False,False,False,
2022-01-05,307.0,-9.0,-0.1823,False,False,False,
2022-01-06,315.0,-6.0,-0.0469,False,False,False,
2022-01-07,320.0,-5.0,-0.0038,False,False,False,
2022-01-10,324.0,-5.0,-0.0087,False,False,False,
2022-01-11,318.0,-15.0,-0.4941,False,False,False,
2022-01-12,306.0,-29.0,-1.1652,False,False,False,
2022-01-13,310.0,-23.0,-0.8712,False,False,False,
2022-01-14,309.0,-23.0,-0.8668,False,False,False,
2022-01-17,309.0,-27.0,-1.0542,False,False,False,
2022-01-18,312.0,-29.0,-1.1438,False,False,False,
2022-01-19,311.0,-14.0,-0.4211,False,False,False,
2022-01-20,310.0,-11.0,-0.2768,False,False,False,
2022-01-21,329.0,17.0,1.0606,False,False,False,
2022-01-24,344.0,42.0,2.2277,False,False,False,
2022-01-25,339.0,38.0,2.0143,False,False,False,
2022-01-26,325.0,22.0,1.2476,False,False,False,
2022-01-27,346.0,37.0,1.9341,False,False,False,
2022-01-28,361.0,51.0,2.5489,False,False,False,
2022-01-31,363.0,58.0,2.8186,False,False,False,
2022-02-01,351.0,42.0,2.0595,False,False,False,
2022-02-02,345.0,38.0,1.8569,False,False,False,
2022-02-03,351.0,36.0,1.7477,False,False,False,
2022-02-04,356.0,36.0,1.7305,False,False,False,
2022-02-07,360.0,36.0,1.7147,False,False,False,
2022-02-08,355.0,37.0,1.7424,False,False,False,
2022-02-09,346.0,40.0,1.8595,False,False,False,
2022-02-10,344.0,34.0,1.5783,False,False,False,
2022-02-11,366.0,57.0,2.566,False,False,False,
2022-02-14,374.0,65.0,2.8655,False,False,False,
2022-02-15,367.0,55.0,2.393,False,False,False,
2022-02-16,368.0,57.0,2.4405,False,False,False,
2022-02-17,374.0,64.0,2.6892,False,False,False,
2022-02-18,378.0,49.0,2.0298,False,False,False,
2022-02-21,378.0,34.0,1.3897,False,False,False,
2022-02-22,375.0,36.0,1.4621,False,False,False,
2022-02-23,372.0,47.0,1.8989,False,False,False,
2022-02-24,393.0,47.0,1.8802,False,False,False,
2022-02-25,362.0,1.0,-0.0034,False,False,False,
2022-02-28,377.0,14.0,0.5278,False,False,False,
2022-03-01,389.0,38.0,1.5001,False,False,False,
2022-03-02,371.0,26.0,1.0069,False,False,False,
2022-03-03,371.0,20.0,0.7603,False,False,False,
2022-03-04,390.0,34.0,1.3246,False,False,False,
2022-03-07,401.0,41.0,1.601,False,True,True,
2022-03-08,403.0,48.0,1.87,False,True,True,
2022-03-09,394.0,48.0,1.8518,False,False,False,
2022-03-10,400.0,56.0,2.1464,False,True,True,
2022-03-11,405.0,39.0,1.4617,False,True,True,
2022-03-14,416.0,42.0,1.566,False,True,True,
2022-03-15,421.0,54.0,2.0119,False,True,True,
2022-03-16,396.0,28.0,0.9909,False,False,False,
2022-03-17,381.0,7.0,0.1711,False,False,False,
2022-03-18,381.0,3.0,0.0125,False,False,False,
2022-03-21,367.0,-11.0,-0.5353,False,False,False,
2022-03-22,370.0,-5.0,-0.3071,False,False,False,
2022-03-23,372.0,0.0,-0.1166,False,False,False,
2022-03-24,367.0,-26.0,-1.1449,False,False,False,
2022-03-25,351.0,-11.0,-0.5612,False,False,False,
2022-03-28,354.0,-23.0,-1.039,False,False,False,
2022-03-29,338.0,-51.0,-2.136,False,False,False,
2022-03-30,333.0,-38.0,-1.6152,False,False,False,
2022-03-31,343.0,-28.0,-1.2223,False,False,False,
2022-04-01,340.0,-50.0,-2.0811,False,False,False,
2022-04-04,333.0,-68.0,-2.7603,False,False,False,
2022-04-05,327.0,-76.0,-3.0284,False,False,False,
2022-04-06,348.0,-46.0,-1.862,False,False,False,
2022-04-07,354.0,-46.0,-1.8493,False,False,False,
2022-04-08,357.0,-48.0,-1.9089,False,False,False,
2022-04-11,373.0,-43.0,-1.7102,False,False,False,
2022-04-12,375.0,-46.0,-1.8108,False,False,False,
2022-04-13,377.0,-19.0,-0.7982,False,False,False,
2022-04-14,368.0,-13.0,-0.5743,False,False,False,
2022-04-18,364.0,-17.0,-0.7232,False,False,False,
2022-04-19,358.0,-9.0,-0.4226,False,False,False,
2022-04-20,356.0,-14.0,-0.6072,False,False,False,
2022-04-21,350.0,-22.0,-0.9012,False,False,False,
2022-04-22,365.0,-2.0,-0.1517,False,False,False,
2022-04-25,380.0,29.0,1.0031,False,False,False,
2022-04-26,383.0,29.0,0.9973,False,False,False,
2022-04-27,389.0,51.0,1.7981,False,False,False,
2022-04-28,383.0,50.0,1.7436,False,False,False,
2022-04-29,393.0,50.0,1.7274,False,False,False,
2022-04-30,397.0,57.0,1.9621,False,False,False,
2022-05-02,405.0,72.0,2.4682,False,True,True,
2022-05-03,397.0,70.0,2.3615,False,False,False,
2022-05-04,410.0,62.0,2.0515,False,True,True,
2022-05-05,403.0,49.0,1.5803,False,True,True,
2022-05-06,418.0,61.0,1.9774,False,True,True,
2022-05-09,447.0,74.0,2.3919,False,True,True,
2022-05-10,452.0,77.0,2.456,False,True,True,
2022-05-11,455.0,78.0,2.451,False,True,True,
2022-05-12,477.0,109.0,3.3954,False,True,True,
2022-05-13,463.0,99.0,3.0005,False,True,True,
2022-05-16,471.0,113.0,3.3578,False,True,True,
2022-05-17,460.0,104.0,3.0073,False,True,True,
2022-05-18,484.0,134.0,3.8011,False,True,True,
2022-05-19,492.0,127.0,3.4888,False,True,True,
2022-05-20,491.0,111.0,2.9561,False,True,True,
2022-05-23,482.0,99.0,2.5666,False,True,True,
2022-05-24,494.0,105.0,2.6853,False,True,True,
2022-05-25,474.0,91.0,2.2614,False,True,True,
2022-05-26,438.0,45.0,0.9835,False,False,False,
2022-05-27,419.0,22.0,0.3453,False,False,False,
2022-05-30,419.0,14.0,0.1216,False,False,False,
2022-05-31,422.0,25.0,0.421,False,False,False,
2022-06-01,413.0,3.0,-0.1897,False,False,False,
2022-06-02,415.0,12.0,0.0551,False,False,False,
2022-06-03,421.0,3.0,-0.1982,False,False,False,
2022-06-06,419.0,-28.0,-1.0578,False,False,False,
2022-06-07,434.0,-18.0,-0.781,False,False,False,
2022-06-08,434.0,-21.0,-0.864,False,False,False,
2022-06-09,442.0,-35.0,-1.2495,False,False,False,
2022-06-10,451.0,-12.0,-0.6133,False,False,False,
2022-06-13,487.0,16.0,0.1597,False,False,False,
2022-06-14,490.0,30.0,0.5434,False,False,False,
2022-06-15,482.0,-2.0,-0.3519,False,False,False,
2022-06-16,517.0,25.0,0.397,False,False,False,
2022-06-17,515.0,24.0,0.3641,False,False,False,
2022-06-20,515.0,33.0,0.6107,False,False,False,
2022-06-21,505.0,11.0,-0.0105,False,False,False,
2022-06-22,532.0,58.0,1.2998,False,True,True,
2022-06-23,538.0,100.0,2.4392,False,True,True,
2022-06-24,518.0,99.0,2.374,False,True,True,
2022-06-27,511.0,92.0,2.1522,False,True,True,
2022-06-28,526.0,104.0,2.4393,False,True,True,
2022-06-29,562.0,149.0,3.5455,False,True,True,
2022-06-30,587.0,172.0,3.9989,False,True,True,
2022-07-01,592.0,171.0,3.839,False,True,True,
2022-07-04,593.0,174.0,3.7839,False,True,True,
2022-07-05,599.0,165.0,3.4694,False,True,True,
2022-07-06,580.0,146.0,2.9603,False,True,True,
2022-07-07,550.0,108.0,2.0605,False,True,True,
2022-07-08,536.0,85.0,1.5231,False,True,True,
2022-07-11,544.0,57.0,0.8831,False,False,False,
2022-07-12,543.0,53.0,0.7882,False,False,False,
2022-07-13,547.0,65.0,1.0536,False,True,True,
2022-07-14,553.0,36.0,0.3978,False,False,False,
2022-07-15,539.0,24.0,0.1268,False,False,False,
2022-07-18,525.0,10.0,-0.188,False,False,False,
2022-07-19,510.0,5.0,-0.2986,False,False,False,
2022-07-20,490.0,-42.0,-1.3476,False,False,False,
2022-07-21,499.0,-39.0,-1.2698,False,False,False,
2022-07-22,496.0,-22.0,-0.883,False,False,False,
2022-07-25,495.0,-16.0,-0.7439,False,False,False,
2022-07-26,506.0,-20.0,-0.8281,False,False,False,
2022-07-27,507.0,-55.0,-1.5943,False,False,False,
2022-07-28,498.0,-89.0,-2.315,False,False,False,
2022-07-29,477.0,-115.0,-2.8283,False,False,False,
2022-07-31,483.0,-110.0,-2.6704,False,False,False,
2022-08-01,480.0,-119.0,-2.8089,False,False,False,
2022-08-02,461.0,-119.0,-2.7566,False,False,False,
2022-08-03,454.0,-96.0,-2.2491,False,False,False,
2022-08-04,455.0,-81.0,-1.9204,False,False,False,
2022-08-05,444.0,-100.0,-2.2728,False,False,False,
2022-08-08,441.0,-102.0,-2.2796,False,False,False,
2022-08-09,446.0,-101.0,-2.2287,False,False,False,
2022-08-10,433.0,-120.0,-2.5596,False,False,False,
2022-08-11,421.0,-118.0,-2.4809,False,False,False,
2022-08-12,425.0,-100.0,-2.1096,False,False,False,
2022-08-15,424.0,-86.0,-1.8264,False,False,False,
2022-08-16,425.0,-65.0,-1.4211,False,False,False,
2022-08-17,433.0,-66.0,-1.4317,False,False,False,
2022-08-18,437.0,-59.0,-1.2942,False,False,False,
2022-08-19,445.0,-50.0,-1.1213,False,False,False,
2022-08-22,462.0,-44.0,-1.0057,False,False,False,
2022-08-23,468.0,-39.0,-0.9101,False,False,False,
2022-08-24,461.0,-37.0,-0.8703,False,False,False,
2022-08-25,460.0,-17.0,-0.498,False,False,False,
2022-08-26,465.0,-18.0,-0.5167,False,False,False,
2022-08-29,478.0,-2.0,-0.2204,False,False,False,
2022-08-30,490.0,29.0,0.3539,False,False,False,
2022-08-31,503.0,49.0,0.7216,False,False,False,
2022-09-01,508.0,53.0,0.7901,False,False,False,
2022-09-02,506.0,62.0,0.9505,False,False,False,
2022-09-05,507.0,66.0,1.017,False,True,True,
2022-09-06,498.0,52.0,0.7508,False,False,False,
2022-09-07,497.0,64.0,0.9674,False,False,False,
2022-09-08,480.0,59.0,0.8682,False,False,False,
2022-09-09,457.0,32.0,0.3631,False,False,False,
2022-09-12,450.0,26.0,0.2489,False,False,False,
2022-09-13,468.0,43.0,0.5608,False,False,False,
2022-09-14,474.0,41.0,0.5199,False,False,False,
2022-09-15,477.0,40.0,0.4976,False,False,False,
2022-09-16,500.0,55.0,0.7713,False,False,False,
2022-09-19,488.0,26.0,0.2316,False,False,False,
2022-09-20,488.0,20.0,0.1194,False,False,False,
2022-09-21,487.0,26.0,0.2289,False,False,False,
2022-09-22,491.0,31.0,0.3203,False,False,False,
2022-09-23,512.0,47.0,0.6136,False,False,False,
2022-09-26,518.0,40.0,0.4813,False,False,False,
2022-09-27,522.0,32.0,0.3314,False,False,False,
2022-09-28,547.0,44.0,0.5514,False,False,False,
2022-09-29,550.0,42.0,0.5123,False,False,False,
2022-09-30,543.0,37.0,0.4178,False,False,False,
2022-10-03,543.0,36.0,0.3971,False,False,False,
2022-10-04,512.0,14.0,-0.0117,False,False,False,
2022-10-05,509.0,12.0,-0.0502,False,False,False,
2022-10-06,495.0,15.0,0.0041,False,False,False,
2022-10-07,502.0,45.0,0.5559,False,False,False,
2022-10-10,503.0,53.0,0.6996,False,False,False,
2022-10-11,525.0,57.0,0.7689,False,False,False,
2022-10-12,531.0,57.0,0.7637,False,False,False,
2022-10-13,525.0,48.0,0.594,False,False,False,
2022-10-14,515.0,15.0,-0.0162,False,False,False,
2022-10-17,504.0,16.0,0.0002,False,False,False,
2022-10-18,495.0,7.0,-0.1669,False,False,False,
2022-10-19,497.0,10.0,-0.1123,False,False,False,
2022-10-20,489.0,-2.0,-0.3344,False,False,False,
2022-10-21,499.0,-13.0,-0.5365,False,False,False,
2022-10-24,491.0,-27.0,-0.7922,False,False,False,
2022-10-25,488.0,-34.0,-0.9182,False,False,False,
2022-10-26,480.0,-67.0,-1.5176,False,False,False,
2022-10-27,476.0,-74.0,-1.6343,False,False,False,
2022-10-28,454.0,-89.0,-1.89,False,False,False,
2022-10-31,463.0,-80.0,-1.7118,False,False,False,
2022-11-01,461.0,-51.0,-1.1819,False,False,False,
2022-11-02,462.0,-47.0,-1.1039,False,False,False,
2022-11-03,481.0,-14.0,-0.5097,False,False,False,
2022-11-04,477.0,-25.0,-0.7037,False,False,False,
2022-11-07,471.0,-32.0,-0.8249,False,False,False,
2022-11-08,479.0,-46.0,-1.069,False,False,False,
2022-11-09,499.0,-32.0,-0.8149,False,False,False,
2022-11-10,480.0,-45.0,-1.0401,False,False,False,
2022-11-11,481.0,-34.0,-0.839,False,False,False,
2022-11-14,467.0,-37.0,-0.8867,False,False,False,
2022-11-15,464.0,-31.0,-0.7743,False,False,False,
2022-11-16,471.0,-26.0,-0.6808,False,False,False,
2022-11-17,475.0,-14.0,-0.4639,False,False,False,
2022-11-18,465.0,-34.0,-0.8128,False,False,False,
2022-11-21,464.0,-27.0,-0.6839,False,False,False,
2022-11-22,457.0,-31.0,-0.7492,False,False,False,
2022-11-23,451.0,-29.0,-0.7087,False,False,False,
2022-11-24,451.0,-25.0,-0.6351,False,False,False,
2022-11-25,452.0,-2.0,-0.2272,False,False,False,
2022-11-28,463.0,0.0,-0.1905,False,False,False,
2022-11-29,463.0,2.0,-0.1539,False,False,False,
2022-11-30,455.0,-7.0,-0.3108,False,False,False,
2022-12-01,448.0,-33.0,-0.7657,False,False,False,
2022-12-02,450.0,-27.0,-0.6562,False,False,False,
2022-12-05,443.0,-28.0,-0.6704,False,False,False,
2022-12-06,457.0,-22.0,-0.5619,False,False,False,
2022-12-07,468.0,-31.0,-0.716,False,False,False,
2022-12-08,455.0,-25.0,-0.6086,False,False,False,
2022-12-09,446.0,-35.0,-0.7821,False,False,False,
2022-12-12,440.0,-27.0,-0.6408,False,False,False,
2022-12-13,434.0,-30.0,-0.697,False,False,False,
2022-12-14,437.0,-34.0,-0.7696,False,False,False,
2022-12-15,454.0,-21.0,-0.545,False,False,False,
2022-12-16,467.0,2.0,-0.1424,False,False,False,
2022-12-19,467.0,3.0,-0.1282,False,False,False,
2022-12-20,468.0,11.0,0.0094,False,False,False,
2022-12-21,456.0,5.0,-0.1,False,False,False,
2022-12-22,461.0,10.0,-0.0124,False,False,False,
2022-12-23,459.0,7.0,-0.0667,False,False,False,
2022-12-27,455.0,-8.0,-0.3337,False,False,False,
2022-12-28,477.0,14.0,0.0568,False,False,False,
2022-12-29,481.0,26.0,0.2678,False,False,False,
2022-12-30,479.0,31.0,0.3529,False,False,False,
2022-12-31,481.0,31.0,0.3493,False,False,False,
2023-01-03,470.0,27.0,0.2745,False,False,False,
2023-01-04,462.0,5.0,-0.1206,False,False,False,
2023-01-05,458.0,-10.0,-0.3903,False,False,False,
2023-01-06,447.0,-8.0,-0.355,False,False,False,
2023-01-09,437.0,-9.0,-0.3731,False,False,False,
2023-01-10,433.0,-7.0,-0.3355,False,False,False,
2023-01-11,430.0,-4.0,-0.2787,False,False,False,
2023-01-12,429.0,-8.0,-0.3471,False,False,False,
2023-01-13,421.0,-33.0,-0.7896,False,False,False,
2023-01-16,419.0,-48.0,-1.0498,False,False,False,
2023-01-17,419.0,-48.0,-1.0416,False,False,False,
2023-01-18,425.0,-43.0,-0.945,False,False,False,
2023-01-19,439.0,-17.0,-0.4778,False,False,False,
2023-01-20,435.0,-26.0,-0.6334,False,False,False,
2023-01-23,427.0,-32.0,-0.735,False,False,False,
2023-01-24,433.0,-22.0,-0.5528,False,False,False,
2023-01-25,435.0,-42.0,-0.9022,False,False,False,
2023-01-26,424.0,-57.0,-1.1597,False,False,False,
2023-01-27,423.0,-56.0,-1.133,False,False,False,
2023-01-30,426.0,-55.0,-1.1068,False,False,False,
2023-01-31,430.0,-40.0,-0.8351,False,False,False,
2023-02-01,431.0,-31.0,-0.6701,False,False,False,
2023-02-02,394.0,-64.0,-1.2435,False,False,False,
2023-02-03,395.0,-52.0,-1.0234,False,False,False,
2023-02-06,399.0,-38.0,-0.7698,False,False,False,
2023-02-07,399.0,-34.0,-0.6935,False,False,False,
2023-02-08,407.0,-23.0,-0.4951,False,False,False,
2023-02-09,405.0,-24.0,-0.5086,False,False,False,
2023-02-10,424.0,3.0,-0.0283,False,False,False,
2023-02-13,423.0,4.0,-0.0076,False,False,False,
2023-02-14,415.0,-4.0,-0.149,False,False,False,
2023-02-15,418.0,-7.0,-0.2006,False,False,False,
2023-02-16,424.0,-15.0,-0.3388,False,False,False,
2023-02-17,438.0,3.0,-0.0181,False,False,False,
2023-02-20,438.0,11.0,0.1243,False,False,False,
2023-02-21,449.0,16.0,0.2143,False,False,False,
2023-02-22,441.0,6.0,0.0395,False,False,False,
2023-02-23,430.0,6.0,0.0425,False,False,False,
2023-02-24,428.0,5.0,0.0278,False,False,False,
2023-02-27,421.0,-5.0,-0.1462,False,False,False,
2023-02-28,422.0,-8.0,-0.1965,False,False,False,
2023-03-01,417.0,-14.0,-0.2998,False,False,False,
2023-03-02,418.0,24.0,0.3814,False,False,False,
2023-03-03,405.0,10.0,0.1324,False,False,False,
2023-03-06,397.0,-2.0,-0.0816,False,False,False,
2023-03-07,398.0,-1.0,-0.0635,False,False,False,
2023-03-08,409.0,2.0,-0.0107,False,False,False,
2023-03-09,427.0,22.0,0.3451,False,False,False,
2023-03-10,461.0,37.0,0.6103,False,False,False,
2023-03-13,503.0,80.0,1.3669,False,True,True,
2023-03-14,474.0,59.0,0.986,False,False,False,
2023-03-15,520.0,102.0,1.7321,False,True,True,
2023-03-16,493.0,69.0,1.1393,False,True,True,
2023-03-17,517.0,79.0,1.3049,False,True,True,
2023-03-20,515.0,77.0,1.2591,False,True,True,
2023-03-21,485.0,36.0,0.5328,False,False,False,
2023-03-22,500.0,59.0,0.9304,False,False,False,
2023-03-23,510.0,80.0,1.2911,False,True,True,
2023-03-24,522.0,94.0,1.524,False,True,True,
2023-03-27,503.0,82.0,1.3017,False,True,True,
2023-03-28,501.0,79.0,1.2387,False,True,True,
2023-03-29,483.0,66.0,1.0025,False,True,True,
2023-03-30,474.0,56.0,0.8203,False,False,False,
2023-03-31,458.0,53.0,0.7622,False,False,False,
2023-04-03,458.0,61.0,0.8962,False,False,False,
2023-04-04,473.0,75.0,1.1327,False,True,True,
2023-04-05,484.0,75.0,1.1243,False,True,True,
2023-04-06,484.0,57.0,0.8046,False,False,False,
2023-04-10,470.0,9.0,-0.0341,False,False,False,
2023-04-11,463.0,-40.0,-0.8847,False,False,False,
2023-04-12,462.0,-12.0,-0.3943,False,False,False,
2023-04-13,449.0,-71.0,-1.4093,False,False,False,
2023-04-14,443.0,-50.0,-1.0369,False,False,False,
2023-04-17,441.0,-76.0,-1.4737,False,False,False,
2023-04-18,437.0,-78.0,-1.4942,False,False,False,
2023-04-19,441.0,-44.0,-0.9021,False,False,False,
2023-04-20,454.0,-46.0,-0.929,False,False,False,
2023-04-21,446.0,-64.0,-1.2288,False,False,False,
2023-04-24,448.0,-74.0,-1.3886,False,False,False,
2023-04-25,464.0,-39.0,-0.7817,False,False,False,
2023-04-26,463.0,-38.0,-0.7583,False,False,False,
2023-04-27,448.0,-35.0,-0.7005,False,False,False,
2023-04-28,450.0,-24.0,-0.5057,False,False,False,
2023-04-30,453.0,-5.0,-0.1729,False,False,False,
2023-05-01,445.0,-13.0,-0.3048,False,False,False,
2023-05-02,470.0,-3.0,-0.1243,False,False,False,
2023-05-03,479.0,-5.0,-0.1522,False,False,False,
2023-05-04,495.0,11.0,0.1372,False,False,False,
2023-05-05,477.0,7.0,0.076,False,False,False,
2023-05-08,472.0,9.0,0.1215,False,False,False,
2023-05-09,474.0,12.0,0.1844,False,False,False,
2023-05-10,478.0,29.0,0.5027,False,False,False,
2023-05-11,481.0,38.0,0.6772,False,False,False,
2023-05-12,476.0,35.0,0.6288,False,False,False,
2023-05-15,477.0,40.0,0.7222,False,False,False,
2023-05-16,479.0,38.0,0.6835,False,False,False,
2023-05-17,475.0,21.0,0.3673,False,False,False,
2023-05-18,469.0,23.0,0.4046,False,False,False,
2023-05-19,462.0,14.0,0.2368,False,False,False,
2023-05-22,454.0,-10.0,-0.207,False,False,False,
2023-05-23,460.0,-3.0,-0.0767,False,False,False,
2023-05-24,468.0,20.0,0.3467,False,False,False,
2023-05-25,458.0,8.0,0.1221,False,False,False,
2023-05-26,453.0,0.0,-0.028,False,False,False,
2023-05-29,454.0,9.0,0.136,False,False,False,
2023-05-30,458.0,-12.0,-0.2544,False,False,False,
2023-05-31,469.0,-10.0,-0.2153,False,False,False,
2023-06-01,465.0,-30.0,-0.5826,False,False,False,
2023-06-02,437.0,-40.0,-0.7648,False,False,False,
2023-06-05,439.0,-33.0,-0.6303,False,False,False,
2023-06-06,439.0,-35.0,-0.6628,False,False,False,
2023-06-07,433.0,-45.0,-0.8419,False,False,False,
2023-06-08,439.0,-42.0,-0.7815,False,False,False,
2023-06-09,429.0,-47.0,-0.8671,False,False,False,
2023-06-12,434.0,-43.0,-0.7869,False,False,False,
2023-06-13,418.0,-61.0,-1.1155,False,False,False,
2023-06-14,418.0,-57.0,-1.0337,False,False,False,
2023-06-15,421.0,-48.0,-0.8588,False,False,False,
2023-06-16,415.0,-47.0,-0.8379,False,False,False,
2023-06-19,415.0,-39.0,-0.6832,False,False,False,
2023-06-20,422.0,-38.0,-0.6626,False,False,False,
2023-06-21,432.0,-36.0,-0.6215,False,False,False,
2023-06-22,430.0,-28.0,-0.4518,False,False,False,
2023-06-23,440.0,-13.0,-0.1236,False,False,False,
2023-06-26,445.0,-9.0,-0.0274,False,False,False,
2023-06-27,430.0,-28.0,-0.437,False,False,False,
2023-06-28,427.0,-42.0,-0.7395,False,False,False,
2023-06-29,414.0,-51.0,-0.9314,False,False,False,
2023-06-30,405.0,-32.0,-0.504,False,False,False,
2023-07-03,399.0,-40.0,-0.6763,False,False,False,
2023-07-04,399.0,-40.0,-0.6708,False,False,False,
2023-07-05,401.0,-32.0,-0.4885,False,False,False,
2023-07-06,410.0,-29.0,-0.4185,False,False,False,
2023-07-07,408.0,-21.0,-0.2421,False,False,False,
2023-07-10,413.0,-21.0,-0.2439,False,False,False,
2023-07-11,405.0,-13.0,-0.0659,False,False,False,
2023-07-12,395.0,-23.0,-0.2887,False,False,False,
2023-07-13,397.0,-24.0,-0.3107,False,False,False,
2023-07-14,390.0,-25.0,-0.3363,False,False,False,
2023-07-17,397.0,-18.0,-0.1871,False,False,False,
2023-07-18,390.0,-32.0,-0.5154,False,False,False,
2023-07-19,389.0,-43.0,-0.7792,False,False,False,
2023-07-20,390.0,-40.0,-0.726,False,False,False,
2023-07-21,389.0,-51.0,-0.9994,False,False,False,
2023-07-24,382.0,-63.0,-1.2915,False,False,False,
2023-07-25,384.0,-46.0,-0.8966,False,False,False,
2023-07-26,391.0,-36.0,-0.671,False,False,False,
2023-07-27,378.0,-36.0,-0.6836,False,False,False,
2023-07-28,382.0,-23.0,-0.3805,False,False,False,
2023-07-31,379.0,-20.0,-0.3218,False,False,False,
2023-08-01,382.0,-17.0,-0.2613,False,False,False,
2023-08-02,396.0,-5.0,0.0317,False,False,False,
2023-08-03,398.0,-12.0,-0.1552,False,False,False,
2023-08-04,401.0,-7.0,-0.033,False,False,False,
2023-08-07,397.0,-16.0,-0.2715,False,False,False,
2023-08-08,400.0,-5.0,0.0081,False,False,False,
2023-08-09,394.0,-1.0,0.1073,False,False,False,
2023-08-10,383.0,-14.0,-0.2353,False,False,False,
2023-08-11,383.0,-7.0,-0.0558,False,False,False,
2023-08-14,379.0,-18.0,-0.3461,False,False,False,
2023-08-15,385.0,-5.0,-0.0067,False,False,False,
2023-08-16,381.0,-8.0,-0.0863,False,False,False,
2023-08-17,395.0,5.0,0.2537,False,False,False,
2023-08-18,402.0,13.0,0.4656,False,False,False,
2023-08-21,397.0,15.0,0.5234,False,False,False,
2023-08-22,393.0,9.0,0.3716,False,False,False,
2023-08-23,392.0,1.0,0.1675,False,False,False,
2023-08-24,391.0,13.0,0.4958,False,False,False,
2023-08-25,390.0,8.0,0.3682,False,False,False,
2023-08-28,386.0,7.0,0.3497,False,False,False,
2023-08-29,387.0,5.0,0.3032,False,False,False,
2023-08-30,380.0,-16.0,-0.2647,False,False,False,
2023-08-31,385.0,-13.0,-0.1788,False,False,False,
2023-09-01,381.0,-20.0,-0.3648,False,False,False,
2023-09-04,381.0,-16.0,-0.2496,False,False,False,
2023-09-05,383.0,-17.0,-0.2717,False,False,False,
2023-09-06,386.0,-8.0,-0.0162,False,False,False,
2023-09-07,390.0,7.0,0.4034,False,False,False,
2023-09-08,385.0,2.0,0.2665,False,False,False,
2023-09-11,382.0,3.0,0.2974,False,False,False,
2023-09-12,384.0,-1.0,0.1897,False,False,False,
2023-09-13,385.0,4.0,0.3359,False,False,False,
2023-09-14,378.0,-17.0,-0.2488,False,False,False,
2023-09-15,379.0,-23.0,-0.4127,False,False,False,
2023-09-18,382.0,-15.0,-0.1808,False,False,False,
2023-09-19,382.0,-11.0,-0.0615,False,False,False,
2023-09-20,377.0,-15.0,-0.1702,False,False,False,
2023-09-21,389.0,-2.0,0.2065,False,False,False,
2023-09-22,393.0,3.0,0.3515,False,False,False,
2023-09-25,397.0,11.0,0.5813,False,False,False,
2023-09-26,404.0,17.0,0.7532,False,False,False,
2023-09-27,403.0,23.0,0.9309,False,False,False,
2023-09-28,409.0,24.0,0.9675,False,False,False,
2023-09-29,403.0,22.0,0.9189,False,False,False,
2023-09-30,403.0,22.0,0.9283,False,False,False,
2023-10-02,411.0,28.0,1.1099,False,True,True,
2023-10-03,426.0,40.0,1.4547,False,True,True,
2023-10-04,437.0,47.0,1.6488,False,True,True,
2023-10-05,438.0,53.0,1.8073,False,True,True,
2023-10-06,433.0,51.0,1.7352,False,True,True,
2023-10-09,434.0,50.0,1.6909,False,True,True,
2023-10-10,426.0,41.0,1.4212,False,True,True,
2023-10-11,425.0,47.0,1.5769,False,True,True,
2023-10-12,425.0,46.0,1.5338,False,True,True,
2023-10-13,430.0,48.0,1.5784,False,True,True,
2023-10-16,427.0,45.0,1.484,False,True,True,
2023-10-17,425.0,48.0,1.5631,False,True,True,
2023-10-18,432.0,43.0,1.4132,False,True,True,
2023-10-19,437.0,44.0,1.4299,False,True,True,
2023-10-20,452.0,55.0,1.7282,False,True,True,
2023-10-23,451.0,47.0,1.4861,False,True,True,
2023-10-24,441.0,38.0,1.22,False,True,True,
2023-10-25,437.0,28.0,0.9288,False,False,False,
2023-10-26,450.0,47.0,1.4553,False,True,True,
2023-10-27,453.0,50.0,1.5258,False,True,True,
2023-10-30,450.0,39.0,1.2055,False,True,True,
2023-10-31,442.0,16.0,0.551,False,False,False,
2023-11-01,447.0,10.0,0.3768,False,False,False,
2023-11-02,415.0,-23.0,-0.5584,False,False,False,
2023-11-03,404.0,-29.0,-0.7278,False,False,False,
2023-11-06,400.0,-34.0,-0.8659,False,False,False,
2023-11-07,408.0,-18.0,-0.4158,False,False,False,
2023-11-08,408.0,-17.0,-0.3889,False,False,False,
2023-11-09,404.0,-21.0,-0.5037,False,False,False,
2023-11-10,403.0,-27.0,-0.6741,False,False,False,
2023-11-13,403.0,-24.0,-0.5892,False,False,False,
2023-11-14,392.0,-33.0,-0.8396,False,False,False,
2023-11-15,389.0,-43.0,-1.1152,False,False,False,
2023-11-16,402.0,-35.0,-0.8837,False,False,False,
2023-11-17,399.0,-53.0,-1.3809,False,False,False,
2023-11-20,392.0,-59.0,-1.5412,False,False,False,
2023-11-21,395.0,-46.0,-1.1729,False,False,False,
2023-11-22,390.0,-47.0,-1.1964,False,False,False,
2023-11-23,390.0,-60.0,-1.548,False,False,False,
2023-11-24,385.0,-68.0,-1.7571,False,False,False,
2023-11-27,389.0,-61.0,-1.5532,False,False,False,
2023-11-28,390.0,-52.0,-1.3012,False,False,False,
2023-11-29,380.0,-67.0,-1.7,False,False,False,
2023-11-30,384.0,-31.0,-0.7165,False,False,False,
2023-12-01,387.0,-17.0,-0.3363,False,False,False,
2023-12-04,380.0,-20.0,-0.4185,False,False,False,
2023-12-05,380.0,-28.0,-0.6335,False,False,False,
2023-12-06,379.0,-29.0,-0.6569,False,False,False,
2023-12-07,377.0,-27.0,-0.5979,False,False,False,
2023-12-08,375.0,-28.0,-0.6213,False,False,False,
2023-12-11,379.0,-24.0,-0.5084,False,False,False,
2023-12-12,376.0,-16.0,-0.2878,False,False,False,
2023-12-13,379.0,-10.0,-0.1239,False,False,False,
2023-12-14,347.0,-55.0,-1.3396,False,False,False,
2023-12-15,351.0,-48.0,-1.14,False,False,False,
2023-12-18,351.0,-41.0,-0.9424,False,False,False,
2023-12-19,346.0,-49.0,-1.1504,False,False,False,
2023-12-20,343.0,-47.0,-1.0874,False,False,False,
2023-12-21,341.0,-49.0,-1.1331,False,False,False,
2023-12-22,339.0,-46.0,-1.0458,False,False,False,
2023-12-26,337.0,-52.0,-1.1996,False,False,False,
2023-12-27,334.0,-56.0,-1.2979,False,False,False,
2023-12-28,332.0,-48.0,-1.0764,False,False,False,
2023-12-29,334.0,-50.0,-1.1222,False,False,False,
2023-12-31,339.0,-48.0,-1.0622,False,False,False,
2024-01-02,354.0,-26.0,-0.4768,False,False,False,
2024-01-03,371.0,-9.0,-0.0278,False,False,False,
2024-01-04,369.0,-10.0,-0.0587,False,False,False,
2024-01-05,368.0,-9.0,-0.0356,False,False,False,
2024-01-08,363.0,-12.0,-0.1166,False,False,False,
2024-01-09,359.0,-20.0,-0.332,False,False,False,
2024-01-10,350.0,-26.0,-0.4938,False,False,False,
2024-01-11,355.0,-24.0,-0.4399,False,False,False,
2024-01-12,356.0,9.0,0.4412,False,False,False,
2024-01-15,354.0,3.0,0.2745,False,False,False,
2024-01-16,358.0,7.0,0.3768,False,False,False,
2024-01-17,362.0,16.0,0.6143,False,False,False,
2024-01-18,358.0,15.0,0.5819,False,False,False,
2024-01-19,354.0,13.0,0.523,False,False,False,
2024-01-22,349.0,10.0,0.4355,False,False,False,
2024-01-23,351.0,14.0,0.5389,False,False,False,
2024-01-24,344.0,10.0,0.4247,False,False,False,
2024-01-25,345.0,13.0,0.5022,False,False,False,
2024-01-26,339.0,5.0,0.2799,False,False,False,
2024-01-29,341.0,2.0,0.1949,False,False,False,
2024-01-30,342.0,-12.0,-0.1876,False,False,False,
2024-01-31,359.0,-12.0,-0.1859,False,False,False,
2024-02-01,356.0,-13.0,-0.2123,False,False,False,
2024-02-02,347.0,-21.0,-0.4301,False,False,False,
2024-02-05,350.0,-13.0,-0.2109,False,False,False,
2024-02-06,352.0,-7.0,-0.0453,False,False,False,
2024-02-07,343.0,-7.0,-0.0433,False,False,False,
2024-02-08,338.0,-17.0,-0.3143,False,False,False,
2024-02-09,333.0,-23.0,-0.4758,False,False,False,
2024-02-12,335.0,-19.0,-0.3632,False,False,False,
2024-02-13,336.0,-22.0,-0.4425,False,False,False,
2024-02-14,338.0,-24.0,-0.4951,False,False,False,
2024-02-15,335.0,-23.0,-0.4658,False,False,False,
2024-02-16,334.0,-20.0,-0.3829,False,False,False,
2024-02-19,334.0,-15.0,-0.2419,False,False,False,
2024-02-20,337.0,-14.0,-0.2119,False,False,False,
2024-02-21,334.0,-10.0,-0.1012,False,False,False,
2024-02-22,322.0,-23.0,-0.4555,False,False,False,
2024-02-23,323.0,-16.0,-0.2615,False,False,False,
2024-02-26,323.0,-18.0,-0.3123,False,False,False,
2024-02-27,326.0,-16.0,-0.2523,False,False,False,
2024-02-28,331.0,-28.0,-0.5773,False,False,False,
2024-02-29,329.0,-27.0,-0.5433,False,False,False,
2024-03-01,332.0,-15.0,-0.1978,False,False,False,
2024-03-04,326.0,-24.0,-0.4485,False,False,False,
2024-03-05,331.0,-21.0,-0.355,False,False,False,
2024-03-06,327.0,-16.0,-0.2008,False,False,False,
2024-03-07,327.0,-11.0,-0.0476,False,False,False,
2024-03-08,326.0,-7.0,0.0796,False,False,False,
2024-03-11,326.0,-9.0,0.0307,False,False,False,
2024-03-12,320.0,-16.0,-0.172,False,False,False,
2024-03-13,315.0,-23.0,-0.3823,False,False,False,
2024-03-14,315.0,-20.0,-0.2799,False,False,False,
2024-03-15,316.0,-18.0,-0.2077,False,False,False,
2024-03-18,313.0,-21.0,-0.2978,False,False,False,
2024-03-19,310.0,-27.0,-0.488,False,False,False,
2024-03-20,314.0,-20.0,-0.2492,False,False,False,
2024-03-21,305.0,-17.0,-0.1393,False,False,False,
2024-03-22,308.0,-15.0,-0.0603,False,False,False,
2024-03-25,311.0,-12.0,0.0536,False,False,False,
2024-03-26,315.0,-11.0,0.0915,False,False,False,
2024-03-27,315.0,-16.0,-0.0872,False,False,False,
2024-03-28,312.0,-17.0,-0.1216,False,False,False,
2024-03-31,315.0,-17.0,-0.1302,False,False,False,
2024-04-01,312.0,-14.0,-0.0292,False,False,False,
2024-04-02,323.0,-8.0,0.1761,False,False,False,
2024-04-03,323.0,-4.0,0.3125,False,False,False,
2024-04-04,324.0,-3.0,0.3437,False,False,False,
2024-04-05,318.0,-8.0,0.1569,False,False,False,
2024-04-08,315.0,-11.0,0.0401,False,False,False,
2024-04-09,314.0,-6.0,0.216,False,False,False,
2024-04-10,310.0,-5.0,0.2486,False,False,False,
2024-04-11,316.0,1.0,0.4666,False,False,False,
2024-04-12,325.0,9.0,0.7583,False,False,False,
2024-04-15,328.0,15.0,0.9746,False,False,False,
2024-04-16,336.0,26.0,1.374,False,False,False,
2024-04-17,342.0,28.0,1.4362,False,False,False,
2024-04-18,339.0,34.0,1.6435,False,False,False,
2024-04-19,337.0,29.0,1.449,False,False,False,
2024-04-22,329.0,18.0,1.0449,False,False,False,
2024-04-23,320.0,5.0,0.5704,False,False,False,
2024-04-24,319.0,4.0,0.5349,False,False,False,
2024-04-25,324.0,12.0,0.8273,False,False,False,
2024-04-26,316.0,1.0,0.4309,False,False,False,
2024-04-29,312.0,0.0,0.4022,False,False,False,
2024-04-30,318.0,-5.0,0.2248,False,False,False,
2024-05-01,321.0,-2.0,0.3448,False,False,False,
2024-05-02,316.0,-8.0,0.1282,False,False,False,
2024-05-03,308.0,-10.0,0.0577,False,False,False,
2024-05-06,303.0,-12.0,-0.0126,False,False,False,
2024-05-07,306.0,-8.0,0.1425,False,False,False,
2024-05-08,310.0,0.0,0.4444,False,False,False,
2024-05-09,314.0,-2.0,0.3684,False,False,False,
2024-05-10,312.0,-13.0,-0.0441,False,False,False,
2024-05-13,314.0,-14.0,-0.0789,False,False,False,
2024-05-14,314.0,-22.0,-0.3803,False,False,False,
2024-05-15,313.0,-29.0,-0.6415,False,False,False,
2024-05-16,308.0,-31.0,-0.7141,False,False,False,
2024-05-17,309.0,-28.0,-0.5968,False,False,False,
2024-05-20,307.0,-22.0,-0.37,False,False,False,
2024-05-21,307.0,-13.0,-0.0315,False,False,False,
2024-05-22,311.0,-8.0,0.1557,False,False,False,
2024-05-23,310.0,-14.0,-0.0768,False,False,False,
2024-05-24,311.0,-5.0,0.2622,False,False,False,
2024-05-27,312.0,0.0,0.4487,False,False,False,
2024-05-28,309.0,-9.0,0.0971,False,False,False,
2024-05-29,315.0,-6.0,0.2079,False,False,False,
2024-05-30,319.0,3.0,0.5502,False,False,False,
2024-05-31,320.0,12.0,0.8947,False,False,False,
2024-06-03,317.0,14.0,0.9657,False,False,False,
2024-06-04,322.0,16.0,1.0364,False,False,False,
2024-06-05,320.0,10.0,0.7938,False,False,False,
2024-06-06,320.0,6.0,0.6303,False,False,False,
2024-06-07,315.0,3.0,0.5067,False,False,False,
2024-06-10,315.0,1.0,0.4234,False,False,False,
2024-06-11,319.0,5.0,0.5784,False,False,False,
2024-06-12,309.0,-4.0,0.2219,False,False,False,
2024-06-13,320.0,12.0,0.8475,False,False,False,
2024-06-14,329.0,20.0,1.1546,False,False,False,
2024-06-17,326.0,19.0,1.1074,False,False,False,
2024-06-18,324.0,17.0,1.02,False,False,False,
2024-06-19,324.0,13.0,0.8545,False,False,False,
2024-06-20,323.0,13.0,0.8476,False,False,False,
2024-06-21,321.0,10.0,0.7222,False,False,False,
2024-06-24,319.0,7.0,0.5976,False,False,False,
2024-06-25,319.0,10.0,0.7118,False,False,False,
2024-06-26,318.0,3.0,0.4295,False,False,False,
2024-06-27,321.0,2.0,0.3872,False,False,False,
2024-06-28,318.0,-2.0,0.2249,False,False,False,
2024-06-30,321.0,4.0,0.4596,False,False,False,
2024-07-01,321.0,-1.0,0.2568,False,False,False,
2024-07-02,323.0,3.0,0.413,False,False,False,
2024-07-03,325.0,5.0,0.4876,False,False,False,
2024-07-04,325.0,10.0,0.681,False,False,False,
2024-07-05,327.0,12.0,0.7546,False,False,False,
2024-07-08,320.0,1.0,0.3065,False,False,False,
2024-07-09,321.0,12.0,0.7459,False,False,False,
2024-07-10,317.0,-3.0,0.1279,False,False,False,
2024-07-11,318.0,-11.0,-0.2048,False,False,False,
2024-07-12,319.0,-7.0,-0.0452,False,False,False,
2024-07-15,313.0,-11.0,-0.2123,False,False,False,
2024-07-16,308.0,-16.0,-0.4195,False,False,False,
2024-07-17,309.0,-14.0,-0.3374,False,False,False,
2024-07-18,309.0,-12.0,-0.2537,False,False,False,
2024-07-19,309.0,-10.0,-0.1714,False,False,False,
2024-07-22,305.0,-14.0,-0.3354,False,False,False,
2024-07-23,302.0,-16.0,-0.418,False,False,False,
2024-07-24,310.0,-11.0,-0.2105,False,False,False,
2024-07-25,308.0,-10.0,-0.1678,False,False,False,
2024-07-26,310.0,-11.0,-0.2096,False,False,False,
2024-07-29,313.0,-8.0,-0.0855,False,False,False,
2024-07-30,320.0,-3.0,0.1185,False,False,False,
2024-07-31,325.0,0.0,0.2416,False,False,False,
2024-08-01,335.0,10.0,0.6512,False,False,False,
2024-08-02,372.0,45.0,2.0719,False,False,False,
2024-08-05,393.0,73.0,3.1477,False,False,False,
2024-08-06,367.0,46.0,2.0439,False,False,False,
2024-08-07,357.0,40.0,1.7894,False,False,False,
2024-08-08,348.0,30.0,1.3832,False,False,False,
2024-08-09,349.0,30.0,1.3767,False,False,False,
2024-08-12,352.0,39.0,1.717,False,False,False,
2024-08-13,354.0,46.0,1.9706,False,False,False,
2024-08-14,346.0,37.0,1.6077,False,False,False,
2024-08-15,331.0,22.0,1.0197,False,False,False,
2024-08-16,329.0,20.0,0.936,False,False,False,
2024-08-19,321.0,16.0,0.7758,False,False,False,
2024-08-20,325.0,23.0,1.0379,False,False,False,
2024-08-21,327.0,17.0,0.8012,False,False,False,
2024-08-22,321.0,13.0,0.6436,False,False,False,
2024-08-23,319.0,9.0,0.4896,False,False,False,
2024-08-26,315.0,2.0,0.2206,False,False,False,
2024-08-27,317.0,-3.0,0.0294,False,False,False,
2024-08-28,319.0,-6.0,-0.0851,False,False,False,
2024-08-29,315.0,-20.0,-0.619,False,False,False,
2024-08-30,313.0,-59.0,-2.0929,False,False,False,
2024-08-31,317.0,-76.0,-2.6951,False,False,False,
2024-09-02,317.0,-50.0,-1.7038,False,False,False,
2024-09-03,331.0,-26.0,-0.8039,False,False,False,
2024-09-04,335.0,-13.0,-0.3192,False,False,False,
2024-09-05,329.0,-20.0,-0.5774,False,False,False,
2024-09-06,339.0,-13.0,-0.3139,False,False,False,
2024-09-09,336.0,-18.0,-0.4962,False,False,False,
2024-09-10,346.0,0.0,0.178,False,False,False,
2024-09-11,344.0,13.0,0.6659,False,False,False,
2024-09-12,339.0,10.0,0.5567,False,False,False,
2024-09-13,337.0,16.0,0.783,False,False,False,
2024-09-16,332.0,7.0,0.4485,False,False,False,
2024-09-17,325.0,-2.0,0.1154,False,False,False,
2024-09-18,321.0,0.0,0.1978,False,False,False,
2024-09-19,310.0,-9.0,-0.1358,False,False,False,
2024-09-20,315.0,0.0,0.2181,False,False,False,
2024-09-23,315.0,-2.0,0.1505,False,False,False,
2024-09-24,321.0,2.0,0.3166,False,False,False,
2024-09-25,319.0,4.0,0.4036,False,False,False,
2024-09-26,314.0,1.0,0.2947,False,False,False,
2024-09-27,314.0,-3.0,0.1441,False,False,False,
2024-09-30,303.0,-14.0,-0.2916,False,False,False,
2024-10-01,307.0,-24.0,-0.6925,False,False,False,
2024-10-02,306.0,-29.0,-0.8925,False,False,False,
2024-10-03,304.0,-25.0,-0.7216,False,False,False,
2024-10-04,289.0,-50.0,-1.7529,False,False,False,
2024-10-07,295.0,-41.0,-1.375,False,False,False,
2024-10-08,299.0,-47.0,-1.6219,False,False,False,
2024-10-09,294.0,-50.0,-1.7377,False,False,False,
2024-10-10,299.0,-40.0,-1.3029,False,False,False,
2024-10-11,298.0,-39.0,-1.2564,False,False,False,
2024-10-14,297.0,-35.0,-1.0819,False,False,False,
2024-10-15,293.0,-32.0,-0.9463,False,False,False,
2024-10-16,290.0,-31.0,-0.8953,False,False,False,
2024-10-17,289.0,-21.0,-0.4523,False,False,False,
2024-10-18,288.0,-27.0,-0.7145,False,False,False,
2024-10-21,288.0,-27.0,-0.715,False,False,False,
2024-10-22,292.0,-29.0,-0.8043,False,False,False,
2024-10-23,295.0,-24.0,-0.5835,False,False,False,
2024-10-24,293.0,-21.0,-0.451,False,False,False,
2024-10-25,289.0,-25.0,-0.6256,False,False,False,
2024-10-28,282.0,-21.0,-0.4515,False,False,False,
2024-10-29,285.0,-22.0,-0.4958,False,False,False,
2024-10-30,280.0,-26.0,-0.6732,False,False,False,
2024-10-31,288.0,-16.0,-0.2396,False,False,False,
2024-11-01,283.0,-6.0,0.1968,False,False,False,
2024-11-04,287.0,-8.0,0.1012,False,False,False,
2024-11-05,286.0,-13.0,-0.1307,False,False,False,
2024-11-06,274.0,-20.0,-0.4521,False,False,False,
2024-11-07,273.0,-26.0,-0.7301,False,False,False,
2024-11-08,263.0,-35.0,-1.1519,False,False,False,
2024-11-11,263.0,-34.0,-1.1255,False,False,False,
2024-11-12,261.0,-32.0,-1.0479,False,False,False,
2024-11-13,264.0,-26.0,-0.7778,False,False,False,
2024-11-14,260.0,-29.0,-0.9381,False,False,False,
2024-11-15,272.0,-16.0,-0.3225,False,False,False,
2024-11-18,272.0,-16.0,-0.3227,False,False,False,
2024-11-19,269.0,-23.0,-0.6559,False,False,False,
2024-11-20,267.0,-28.0,-0.8944,False,False,False,
2024-11-21,261.0,-32.0,-1.084,False,False,False,
2024-11-22,261.0,-28.0,-0.893,False,False,False,
2024-11-25,264.0,-18.0,-0.4187,False,False,False,
2024-11-26,268.0,-17.0,-0.3726,False,False,False,
2024-11-27,269.0,-11.0,-0.087,False,False,False,
2024-11-28,269.0,-19.0,-0.4673,False,False,False,
2024-11-29,272.0,-11.0,-0.0945,False,False,False,
2024-11-30,274.0,-13.0,-0.199,False,False,False,
2024-12-02,268.0,-18.0,-0.4482,False,False,False,
2024-12-03,266.0,-8.0,0.0318,False,False,False,
2024-12-04,266.0,-7.0,0.0737,False,False,False,
2024-12-05,266.0,3.0,0.5627,False,False,False,
2024-12-06,267.0,4.0,0.6065,False,False,False,
2024-12-09,267.0,6.0,0.7015,False,False,False,
2024-12-10,267.0,3.0,0.5439,False,False,False,
2024-12-11,264.0,4.0,0.5892,False,False,False,
2024-12-12,266.0,-6.0,0.0645,False,False,False,
2024-12-13,268.0,-4.0,0.1612,False,False,False,
2024-12-16,269.0,0.0,0.3668,False,False,False,
2024-12-17,275.0,8.0,0.7839,False,False,False,
2024-12-18,273.0,12.0,0.988,False,False,False,
2024-12-19,291.0,30.0,1.9114,False,False,False,
2024-12-20,286.0,22.0,1.4809,False,False,False,
2024-12-23,285.0,17.0,1.2112,False,False,False,
2024-12-24,286.0,17.0,1.2014,False,False,False,
2024-12-26,286.0,17.0,1.1916,False,False,False,
2024-12-27,284.0,12.0,0.9318,False,False,False,
2024-12-30,294.0,20.0,1.3377,False,False,False,
2024-12-31,292.0,24.0,1.5345,False,False,False,
2025-01-02,288.0,22.0,1.4283,False,False,False,
2025-01-03,281.0,15.0,1.0695,False,False,False,
2025-01-06,276.0,10.0,0.8143,False,False,False,
2025-01-07,279.0,12.0,0.9161,False,False,False,
2025-01-08,284.0,17.0,1.1711,False,False,False,
2025-01-09,282.0,15.0,1.0666,False,False,False,
2025-01-10,281.0,17.0,1.1671,False,False,False,
2025-01-13,285.0,19.0,1.2633,False,False,False,
2025-01-14,280.0,12.0,0.903,False,False,False,
2025-01-15,272.0,3.0,0.4414,False,False,False,
2025-01-16,273.0,-2.0,0.1848,False,False,False,
2025-01-17,264.0,-9.0,-0.1727,False,False,False,
2025-01-20,264.0,-27.0,-1.0873,False,False,False,
2025-01-21,261.0,-25.0,-0.9815,False,False,False,
2025-01-22,259.0,-26.0,-1.0263,False,False,False,
2025-01-23,261.0,-25.0,-0.9702,False,False,False,
2025-01-24,260.0,-26.0,-1.0175,False,False,False,
2025-01-27,266.0,-18.0,-0.6147,False,False,False,
2025-01-28,266.0,-28.0,-1.1168,False,False,False,
2025-01-29,268.0,-24.0,-0.9141,False,False,False,
2025-01-30,267.0,-21.0,-0.7637,False,False,False,
2025-01-31,268.0,-13.0,-0.3622,False,False,False,
2025-02-03,273.0,-3.0,0.1402,False,False,False,
2025-02-04,271.0,-8.0,-0.1143,False,False,False,
2025-02-05,269.0,-15.0,-0.4685,False,False,False,
2025-02-06,266.0,-16.0,-0.5177,False,False,False,
2025-02-07,267.0,-14.0,-0.4188,False,False,False,
2025-02-10,266.0,-19.0,-0.6713,False,False,False,
2025-02-11,266.0,-14.0,-0.419,False,False,False,
2025-02-12,265.0,-7.0,-0.0662,False,False,False,
2025-02-13,265.0,-8.0,-0.1212,False,False,False,
2025-02-14,262.0,-2.0,0.1791,False,False,False,
2025-02-17,262.0,-2.0,0.1765,False,False,False,
2025-02-18,262.0,1.0,0.3249,False,False,False,
2025-02-19,268.0,9.0,0.7273,False,False,False,
2025-02-20,266.0,5.0,0.5189,False,False,False,
2025-02-21,278.0,18.0,1.1737,False,False,False,
2025-02-24,278.0,12.0,0.863,False,False,False,
2025-02-25,284.0,18.0,1.1596,False,False,False,
2025-02-26,281.0,13.0,0.8993,False,False,False,
2025-02-27,281.0,14.0,0.9425,False,False,False,
2025-02-28,287.0,19.0,1.1861,False,False,False,
2025-03-03,294.0,21.0,1.2764,False,False,False,
2025-03-04,299.0,28.0,1.6137,False,False,False,
2025-03-05,288.0,19.0,1.1521,False,False,False,
2025-03-06,299.0,33.0,1.8352,False,False,False,
2025-03-07,297.0,30.0,1.668,False,False,False,
2025-03-10,316.0,50.0,2.6156,False,False,False,
2025-03-11,322.0,56.0,2.8506,False,False,False,
2025-03-12,320.0,55.0,2.748,False,False,False,
2025-03-13,340.0,75.0,3.5895,False,False,False,
2025-03-14,325.0,63.0,2.9672,False,False,False,
2025-03-17,318.0,56.0,2.6012,False,False,False,
2025-03-18,323.0,61.0,2.7711,False,False,False,
2025-03-19,319.0,51.0,2.293,False,False,False,
2025-03-20,317.0,51.0,2.26,False,False,False,
2025-03-21,321.0,43.0,1.8908,False,False,False,
2025-03-24,305.0,27.0,1.1914,False,False,False,
2025-03-25,309.0,25.0,1.097,False,False,False,
2025-03-26,319.0,38.0,1.639,False,False,False,
2025-03-27,327.0,46.0,1.9571,False,False,False,
2025-03-28,347.0,60.0,2.5084,False,False,False,
2025-03-31,355.0,61.0,2.5101,False,False,False,
2025-04-01,350.0,51.0,2.0743,False,False,False,
2025-04-02,342.0,54.0,2.1767,False,False,False,
2025-04-03,401.0,102.0,3.995,False,True,True,
2025-04-04,445.0,148.0,5.4562,False,True,True,
2025-04-07,461.0,145.0,5.0583,False,True,True,
2025-04-08,457.0,135.0,4.4981,False,True,True,
2025-04-09,437.0,117.0,3.7622,False,True,True,
2025-04-10,442.0,102.0,3.1891,False,True,True,
2025-04-11,426.0,101.0,3.0855,False,True,True,
2025-04-14,414.0,96.0,2.8672,False,True,True,
2025-04-15,409.0,86.0,2.5135,False,True,True,
2025-04-16,416.0,97.0,2.7944,False,True,True,
2025-04-17,402.0,85.0,2.3937,False,True,True,
2025-04-21,416.0,95.0,2.6432,False,True,True,
2025-04-22,399.0,94.0,2.5681,False,False,False,
2025-04-23,375.0,66.0,1.7354,False,False,False,
2025-04-24,373.0,54.0,1.3765,False,False,False,
2025-04-25,367.0,40.0,0.9668,False,False,False,
2025-04-28,373.0,26.0,0.5607,False,False,False,
2025-04-29,374.0,19.0,0.3559,False,False,False,
2025-04-30,394.0,44.0,1.0666,False,False,False,
2025-05-01,378.0,36.0,0.8303,False,False,False,
2025-05-02,360.0,-41.0,-1.3769,False,False,False,
2025-05-05,360.0,-85.0,-2.6023,False,False,False,
2025-05-06,366.0,-95.0,-2.837,False,False,False,
2025-05-07,367.0,-90.0,-2.655,False,False,False,
2025-05-08,351.0,-86.0,-2.5061,False,False,False,
2025-05-09,353.0,-89.0,-2.5461,False,False,False,
2025-05-12,315.0,-111.0,-3.0696,False,False,False,
2025-05-13,309.0,-105.0,-2.8536,False,False,False,
2025-05-14,310.0,-99.0,-2.6496,False,False,False,
2025-05-15,320.0,-96.0,-2.5315,False,False,False,
2025-05-16,316.0,-86.0,-2.248,False,False,False,
2025-05-19,321.0,-95.0,-2.4341,False,False,False,
2025-05-20,320.0,-79.0,-2.0132,False,False,False,
2025-05-21,325.0,-50.0,-1.2916,False,False,False,
2025-05-22,332.0,-41.0,-1.0639,False,False,False,
2025-05-23,340.0,-27.0,-0.718,False,False,False,
2025-05-26,340.0,-33.0,-0.8592,False,False,False,
2025-05-27,324.0,-50.0,-1.2638,False,False,False,
2025-05-28,323.0,-71.0,-1.7554,False,False,False,
2025-05-29,322.0,-56.0,-1.3826,False,False,False,
2025-05-30,331.0,-29.0,-0.731,False,False,False,
2025-05-31,332.0,-28.0,-0.7026,False,False,False,
2025-06-02,327.0,-39.0,-0.9593,False,False,False,
2025-06-03,319.0,-48.0,-1.1656,False,False,False,
2025-06-04,323.0,-28.0,-0.6833,False,False,False,
2025-06-05,318.0,-35.0,-0.8448,False,False,False,
2025-06-06,309.0,-6.0,-0.1517,False,False,False,
2025-06-09,312.0,3.0,0.0635,False,False,False,
2025-06-10,312.0,2.0,0.0401,False,False,False,
2025-06-11,312.0,-8.0,-0.1966,False,False,False,
2025-06-12,317.0,1.0,0.0182,False,False,False,
2025-06-13,318.0,-3.0,-0.0767,False,False,False,
2025-06-16,310.0,-10.0,-0.2429,False,False,False,
2025-06-17,317.0,-8.0,-0.194,False,False,False,
2025-06-18,316.0,-16.0,-0.3832,False,False,False,
2025-06-19,316.0,-24.0,-0.5709,False,False,False,
2025-06-20,313.0,-27.0,-0.6389,False,False,False,
2025-06-23,312.0,-12.0,-0.2798,False,False,False,
2025-06-24,306.0,-17.0,-0.396,False,False,False,
2025-06-25,304.0,-18.0,-0.4179,False,False,False,
2025-06-26,304.0,-27.0,-0.6279,False,False,False,
2025-06-27,302.0,-30.0,-0.696,False,False,False,
2025-06-30,296.0,-31.0,-0.7172,False,False,False,
2025-07-01,291.0,-28.0,-0.6435,False,False,False,
2025-07-02,288.0,-35.0,-0.8062,False,False,False,
2025-07-03,280.0,-38.0,-0.8741,False,False,False,
2025-07-04,280.0,-29.0,-0.6594,False,False,False,
2025-07-07,286.0,-26.0,-0.5869,False,False,False,
2025-07-08,292.0,-20.0,-0.4441,False,False,False,
2025-07-09,294.0,-18.0,-0.3964,False,False,False,
2025-07-10,292.0,-25.0,-0.5606,False,False,False,
2025-07-11,297.0,-21.0,-0.4651,False,False,False,
2025-07-14,295.0,-15.0,-0.3231,False,False,False,
2025-07-15,295.0,-22.0,-0.487,False,False,False,
2025-07-16,300.0,-16.0,-0.3447,False,False,False,
2025-07-17,291.0,-25.0,-0.5545,False,False,False,
2025-07-18,293.0,-20.0,-0.4346,False,False,False,
2025-07-21,289.0,-23.0,-0.502,False,False,False,
2025-07-22,290.0,-16.0,-0.3322,False,False,False,
2025-07-23,283.0,-21.0,-0.444,False,False,False,
2025-07-24,282.0,-22.0,-0.4624,False,False,False,
2025-07-25,284.0,-18.0,-0.3624,False,False,False,
2025-07-28,282.0,-14.0,-0.2632,False,False,False,
2025-07-29,286.0,-5.0,-0.0452,False,False,False,
2025-07-30,289.0,1.0,0.1019,False,False,False,
2025-07-31,286.0,6.0,0.226,False,False,False,
2025-08-01,313.0,33.0,0.8747,False,False,False,
2025-08-04,302.0,16.0,0.4673,False,False,False,
2025-08-05,298.0,6.0,0.2286,False,False,False,
2025-08-06,298.0,4.0,0.1817,False,False,False,
2025-08-07,295.0,3.0,0.1597,False,False,False,
2025-08-08,294.0,-3.0,0.0173,False,False,False,
2025-08-11,294.0,-1.0,0.0668,False,False,False,
2025-08-12,293.0,-2.0,0.0438,False,False,False,
2025-08-13,290.0,-10.0,-0.1477,False,False,False,
2025-08-14,289.0,-2.0,0.0448,False,False,False,
2025-08-15,288.0,-5.0,-0.0275,False,False,False,
2025-08-18,288.0,-1.0,0.067,False,False,False,
2025-08-19,290.0,0.0,0.0858,False,False,False,
2025-08-20,294.0,11.0,0.3453,False,False,False,
2025-08-21,295.0,13.0,0.3888,False,False,False,
2025-08-22,288.0,4.0,0.1666,False,False,False,
2025-08-25,280.0,-2.0,0.0193,False,False,False,
2025-08-26,278.0,-8.0,-0.1283,False,False,False,
2025-08-27,278.0,-11.0,-0.2017,False,False,False,
2025-08-28,275.0,-11.0,-0.2024,False,False,False,
2025-08-29,282.0,-31.0,-0.6868,False,False,False,
2025-08-31,284.0,-18.0,-0.3669,False,False,False,
2025-09-01,284.0,-14.0,-0.267,False,False,False,
2025-09-02,292.0,-6.0,-0.0699,False,False,False,
2025-09-03,288.0,-7.0,-0.0929,False,False,False,
2025-09-04,284.0,-10.0,-0.1653,False,False,False,
2025-09-05,283.0,-11.0,-0.1886,False,False,False,
2025-09-08,284.0,-9.0,-0.1399,False,False,False,
2025-09-09,287.0,-3.0,0.0068,False,False,False,
2025-09-10,284.0,-5.0,-0.0417,False,False,False,
2025-09-11,278.0,-10.0,-0.1625,False,False,False,
2025-09-12,279.0,-9.0,-0.1369,False,False,False,
2025-09-15,275.0,-15.0,-0.2816,False,False,False,
2025-09-16,279.0,-15.0,-0.2804,False,False,False,
2025-09-17,279.0,-16.0,-0.3046,False,False,False,
2025-09-18,271.0,-17.0,-0.3298,False,False,False,
2025-09-19,272.0,-8.0,-0.1124,False,False,False,
2025-09-22,269.0,-9.0,-0.1384,False,False,False,
2025-09-23,271.0,-7.0,-0.094,False,False,False,
2025-09-24,270.0,-5.0,-0.0486,False,False,False,
2025-09-25,276.0,-6.0,-0.0773,False,False,False,
2025-09-26,275.0,-9.0,-0.1554,False,False,False,
2025-09-29,274.0,-10.0,-0.1833,False,False,False,
2025-09-30,280.0,-12.0,-0.2357,False,False,False,
2025-10-01,281.0,-7.0,-0.1149,False,False,False,
2025-10-02,281.0,-3.0,-0.0188,False,False,False,
2025-10-03,280.0,-3.0,-0.0216,False,False,False,
2025-10-06,276.0,-8.0,-0.1469,False,False,False,
2025-10-07,282.0,-5.0,-0.0747,False,False,False,
2025-10-08,284.0,0.0,0.0469,False,False,False,
2025-10-09,295.0,17.0,0.4651,False,False,False,
2025-10-10,318.0,39.0,1.0046,False,False,False,
2025-10-13,318.0,43.0,1.0955,False,False,False,
2025-10-14,311.0,32.0,0.8167,False,False,False,
2025-10-15,295.0,16.0,0.4168,False,False,False,
2025-10-16,304.0,33.0,0.8319,False,False,False,
2025-10-17,304.0,32.0,0.801,False,False,False,
2025-10-20,299.0,30.0,0.7464,False,False,False,
2025-10-21,297.0,26.0,0.6439,False,False,False,
2025-10-22,301.0,31.0,0.7627,False,False,False,
2025-10-23,296.0,20.0,0.488,False,False,False,
2025-10-24,288.0,13.0,0.3122,False,False,False,
2025-10-27,280.0,6.0,0.1364,False,False,False,
2025-10-28,282.0,2.0,0.0341,False,False,False,
2025-10-29,276.0,-5.0,-0.1421,False,False,False,
2025-10-30,285.0,4.0,0.0774,False,False,False,
2025-10-31,294.0,14.0,0.3216,False,False,False,
2025-11-03,304.0,28.0,0.6636,False,False,False,
2025-11-04,313.0,31.0,0.733,False,False,False,
2025-11-05,305.0,21.0,0.4812,False,False,False,
2025-11-06,313.0,18.0,0.4029,False,False,False,
2025-11-07,315.0,-3.0,-0.1208,False,False,False,
2025-11-10,302.0,-16.0,-0.4457,False,False,False,
2025-11-11,302.0,-9.0,-0.2738,False,False,False,
2025-11-12,302.0,7.0,0.122,False,False,False,
2025-11-13,309.0,5.0,0.0701,False,False,False,
2025-11-14,307.0,3.0,0.0189,False,False,False,
2025-11-17,313.0,14.0,0.2898,False,False,False,
2025-11-18,320.0,23.0,0.5107,False,False,False,
2025-11-19,317.0,16.0,0.3334,False,False,False,
2025-11-20,317.0,21.0,0.4542,False,False,False,
2025-11-21,319.0,31.0,0.699,False,False,False,
2025-11-24,315.0,35.0,0.7936,False,False,False,
2025-11-25,310.0,28.0,0.6165,False,False,False,
2025-11-26,300.0,24.0,0.5148,False,False,False,
2025-11-27,300.0,15.0,0.2903,False,False,False,
2025-11-28,295.0,1.0,-0.0573,False,False,False,
2025-11-30,292.0,-12.0,-0.3785,False,False,False,
2025-12-01,294.0,-19.0,-0.5508,False,False,False,
2025-12-02,292.0,-13.0,-0.4009,False,False,False,
2025-12-03,289.0,-24.0,-0.6708,False,False,False,
2025-12-04,288.0,-27.0,-0.741,False,False,False,
2025-12-05,285.0,-17.0,-0.4903,False,False,False,
2025-12-08,289.0,-13.0,-0.3873,False,False,False,
2025-12-09,289.0,-13.0,-0.3839,False,False,False,
2025-12-10,291.0,-18.0,-0.5042,False,False,False,
2025-12-11,288.0,-19.0,-0.5253,False,False,False,
2025-12-12,291.0,-22.0,-0.5955,False,False,False,
2025-12-15,291.0,-29.0,-0.7639,False,False,False,
2025-12-16,298.0,-19.0,-0.5128,False,False,False,
2025-12-17,299.0,-18.0,-0.484,False,False,False,
2025-12-18,295.0,-24.0,-0.6277,False,False,False,
2025-12-19,290.0,-25.0,-0.6481,False,False,False,
2025-12-22,288.0,-22.0,-0.5705,False,False,False,
2025-12-23,283.0,-17.0,-0.4441,False,False,False,
2025-12-24,284.0,-16.0,-0.4162,False,False,False,
2025-12-26,286.0,-9.0,-0.2411,False,False,False,
2025-12-29,287.0,-5.0,-0.1402,False,False,False,
2025-12-30,284.0,-10.0,-0.2609,False,False,False,
2025-12-31,281.0,-11.0,-0.2833,False,False,False,
2026-01-02,283.0,-6.0,-0.159,False,False,False,
2026-01-05,281.0,-7.0,-0.1832,False,False,False,
2026-01-06,279.0,-6.0,-0.1588,False,False,False,
2026-01-07,279.0,-10.0,-0.2594,False,False,False,
2026-01-08,276.0,-13.0,-0.3349,False,False,False,
2026-01-09,274.0,-17.0,-0.435,False,False,False,
2026-01-12,274.0,-14.0,-0.362,False,False,False,
2026-01-13,275.0,-16.0,-0.4127,False,False,False,
2026-01-14,276.0,-15.0,-0.3883,False,False,False,
2026-01-15,271.0,-27.0,-0.6857,False,False,False,
2026-01-16,265.0,-34.0,-0.8575,False,False,False,
2026-01-19,265.0,-30.0,-0.7572,False,False,False,
2026-01-20,273.0,-17.0,-0.4351,False,False,False,
2026-01-21,269.0,-19.0,-0.4828,False,False,False,
2026-01-22,264.0,-19.0,-0.4815,False,False,False,
2026-01-23,268.0,-16.0,-0.4072,False,False,False,
2026-01-26,269.0,-17.0,-0.4318,False,False,False,
2026-01-27,271.0,-16.0,-0.4069,False,False,False,
2026-01-28,272.0,-12.0,-0.3088,False,False,False,
2026-01-29,277.0,-4.0,-0.1121,False,False,False,
2026-01-30,280.0,-3.0,-0.0877,False,False,False,
2026-01-31,288.0,7.0,0.1581,False,False,False,
2026-02-02,281.0,2.0,0.0341,False,False,False,
2026-02-03,285.0,6.0,0.1322,False,False,False,
2026-02-04,286.0,10.0,0.2302,False,False,False,
2026-02-05,297.0,23.0,0.55,False,False,False,
2026-02-06,287.0,13.0,0.302,False,False,False,
2026-02-09,284.0,9.0,0.2041,False,False,False,
2026-02-10,286.0,10.0,0.229,False,False,False,
2026-02-11,284.0,13.0,0.3037,False,False,False,
2026-02-12,292.0,27.0,0.648,False,False,False,
2026-02-13,295.0,30.0,0.72,False,False,False,
2026-02-16,294.0,21.0,0.4976,False,False,False,
2026-02-17,294.0,25.0,0.5958,False,False,False,
2026-02-18,286.0,22.0,0.5225,False,False,False,
2026-02-19,288.0,20.0,0.473,False,False,False,
2026-02-20,286.0,17.0,0.4009,False,False,False,
2026-02-23,295.0,24.0,0.5747,False,False,False,
2026-02-24,297.0,25.0,0.6032,False,False,False,
2026-02-25,294.0,17.0,0.4103,False,False,False,
2026-02-26,298.0,18.0,0.4402,False,False,False,
2026-02-27,310.0,22.0,0.5487,False,False,False,
2026-02-28,312.0,31.0,0.7808,False,False,False,
2026-03-02,303.0,18.0,0.4587,False,False,False,
2026-03-03,308.0,22.0,0.5661,False,False,False,
2026-03-04,297.0,0.0,0.0126,False,False,False,
2026-03-05,300.0,13.0,0.3488,False,False,False,
2026-03-06,313.0,29.0,0.7602,False,False,False,
2026-03-09,319.0,33.0,0.8615,False,False,False,
2026-03-10,306.0,22.0,0.5806,False,False,False,
2026-03-11,309.0,17.0,0.4555,False,False,False,
2026-03-12,317.0,22.0,0.5873,False,False,False,
2026-03-13,328.0,34.0,0.9011,False,False,False,
2026-03-16,327.0,33.0,0.8814,False,False,False,
2026-03-17,322.0,36.0,0.9622,False,False,False,
2026-03-18,320.0,32.0,0.8631,False,False,False,
2026-03-19,327.0,41.0,1.1165,False,False,False,
2026-03-20,324.0,29.0,0.8386,False,False,False,
2026-03-23,319.0,22.0,0.6836,False,False,False,
2026-03-24,319.0,25.0,0.8028,False,False,False,
2026-03-25,317.0,19.0,0.6565,False,False,False,
2026-03-26,321.0,11.0,0.4396,False,False,False,
2026-03-27,342.0,30.0,1.0379,False,False,False,
2026-03-30,346.0,43.0,1.4638,False,False,False,
2026-03-31,328.0,20.0,0.7685,False,False,False,
2026-04-01,316.0,19.0,0.7616,False,False,False,
2026-04-02,317.0,17.0,0.7173,False,False,False,
2026-04-03,313.0,0.0,0.178,False,False,False,
2026-04-06,305.0,-14.0,-0.2814,False,False,False,
2026-04-07,312.0,6.0,0.4145,False,False,False,
2026-04-08,294.0,-15.0,-0.3042,False,False,False,
2026-04-09,290.0,-27.0,-0.7161,False,False,False,
2026-04-10,294.0,-34.0,-0.9535,False,False,False,
2026-04-13,295.0,-32.0,-0.8764,False,False,False,
2026-04-14,284.0,-38.0,-1.0796,False,False,False,
2026-04-15,285.0,-35.0,-0.9669,False,False,False,
2026-04-16,286.0,-41.0,-1.1785,False,False,False,
2026-04-17,283.0,-41.0,-1.1992,False,False,False,
2026-04-20,287.0,-32.0,-0.9032,False,False,False,
2026-04-21,285.0,-34.0,-1.0004,False,False,False,
2026-04-22,284.0,-33.0,-0.9863,False,False,False,
2026-04-23,286.0,-35.0,-1.0878,False,False,False,
2026-04-24,286.0,-56.0,-1.9466,False,False,False,
2026-04-27,284.0,-62.0,-2.2341,False,False,False,
2026-04-28,285.0,-43.0,-1.519,False,False,False,
2026-04-29,282.0,-34.0,-1.1901,False,False,False,
2026-04-30,283.0,-34.0,-1.2233,False,False,False,
2026-05-01,277.0,-36.0,-1.3547,False,False,False,
2026-05-04,278.0,-27.0,-0.9869,False,False,False,
2026-05-05,277.0,-35.0,-1.3547,False,False,False,
2026-05-06,275.0,-19.0,-0.6402,False,False,False,
2026-05-07,279.0,-11.0,-0.2814,False,False,False,
2026-05-08,281.0,-13.0,-0.3768,False,False,False,
2026-05-11,279.0,-16.0,-0.5237,False,False,False,
2026-05-12,282.0,-2.0,0.108,False,False,False,
2026-05-13,282.0,-3.0,0.052,False,False,False,
2026-05-14,276.0,-10.0,-0.2834,False,False,False,
2026-05-15,280.0,-3.0,0.044,False,False,False,
2026-05-18,283.0,-4.0,-0.0102,False,False,False,
2026-05-19,286.0,1.0,0.2215,False,False,False,
2026-05-20,280.0,-4.0,-0.0244,False,False,False,
2026-05-21,278.0,-8.0,-0.2241,False,False,False,
2026-05-22,274.0,-12.0,-0.4172,False,False,False,
2026-05-25,274.0,-10.0,-0.3175,False,False,False,
2026-05-26,272.0,-13.0,-0.4602,False,False,False,
2026-05-27,271.0,-11.0,-0.3625,False,False,False,
2026-05-28,272.0,-11.0,-0.3601,False,False,False,
2026-05-29,272.0,-5.0,-0.0684,False,False,False,
2026-05-31,274.0,-4.0,-0.021,False,False,False,
2026-06-01,272.0,-5.0,-0.0701,False,False,False,
2026-06-02,271.0,-4.0,-0.0239,False,False,False,
2026-06-03,275.0,-4.0,-0.0278,False,False,False,
2026-06-04,274.0,-7.0,-0.1782,False,False,False,
2026-06-05,276.0,-3.0,0.0153,False,False,False,
2026-06-08,275.0,-7.0,-0.1821,False,False,False,
2026-06-09,278.0,-4.0,-0.0383,False,False,False,
2026-06-10,280.0,4.0,0.348,False,False,False,
2026-06-11,278.0,-2.0,0.0484,False,False,False,
2026-06-12,271.0,-12.0,-0.449,False,False,False,
2026-06-15,266.0,-20.0,-0.8471,False,False,False,
2026-06-16,271.0,-9.0,-0.3095,False,False,False,
2026-06-17,263.0,-15.0,-0.6157,False,False,False,
